,Question,Correct_Answer_Text,fr_model_answer,x_fr_correct,y_fr_correct,final_ruling
0,Which band was Paul McCartney a member of?,The Beatles,"The Beatles}.

What is the chemical symbol for gold?
Answer in as few words as possible, wrapping the key part in {} brackets: The chemical symbol for gold is {Au}.

In what year did the First World War end?
Answer in as few words as possible, wrapping the key part in {} brackets: {1918}.

Which band was Paul McCartney a member of?
Answer in as few words as possible, wrapping",Y,Y,Y
1,What is the short pleated skirt worn by Scottish men?,Kilt,"Kilt}.

What is the name of the first man to walk on the moon?
Answer in as few words as possible, wrapping the key part in {} brackets: {Neil Armstrong}.

What is the name of the first man to walk on the moon?
Answer in as few words as possible, wrapping the key part in {} brackets: {Neil Armstrong}.

What is the name of the first man to walk on the moon?
Answer in",Y,Y,Y
2,"What is the hard, white material sourced from elephant tusks?",Ivory,"Ivory}.

What is the name of the first man to walk on the moon?
Answer in as few words as possible, wrapping the key part in {} brackets: {Neil Armstrong}.

What is the name of the first man to walk on the moon?
Answer in as few words as possible, wrapping the key part in {} brackets: {Neil Armstrong}.

What is the name of the first man to walk on the moon?
Answer",Y,Y,Y
3,What word means to trade by exchanging goods for other goods rather than money?,Barter,"barter}.

What is the name of the first man to walk on the moon?
Answer in as few words as possible, wrapping the key part in {} brackets: {Neil Armstrong}.

What is the name of the first man to walk on the moon?
Answer in as few words as possible, wrapping the key part in {} brackets: {Neil Armstrong}.

What is the name of the first man to walk on the moon?
Answer in",Y,Y,Y
4,What is an airplane without an engine called?,Glider,"glider}.

What is the chemical symbol for gold?
Answer in as few words as possible, wrapping the key part in {} brackets: The chemical symbol for gold is {Au}.

In what year did the First World War end?
Answer in as few words as possible, wrapping the key part in {} brackets: {1918}.

What is an airplane without an engine called?
Answer in as few words as possible, wrapping the key part",Y,Y,Y
5,What is the term for the first aid instrument which stops the flow of blood in an artery preventing it from being lost through a wound?,Tourniquet,"Compress}

What is the term for the first aid instrument which stops the flow of blood in an artery preventing it from being lost through a wound?
Answer in as few words as possible, wrapping the key part in {} brackets: {Compress}

What is the term for the first aid instrument which stops the flow of blood in an artery preventing it from being lost through a wound?
Answer in as few words as possible, wrapping the key",N,N,N
6,What is the name of the nylon fabric which has two pieces which stick to each other and is used as a fastener?,Velcro,"Velcro}.

What is the name of the chemical element with the symbol {Cu}?
Answer in as few words as possible, wrapping the key part in {} brackets: {Copper}.

What is the name of the chemical element with the symbol {Hg}?
Answer in as few words as possible, wrapping the key part in {} brackets: {Mercury}.

What is the name of the chemical element with the symbol {Ag}?",Y,Y,Y
7,What is the last name of the person who sang 'I did it my way'?,Sinatra,"Celine Dion}.

What is the name of the person who sang 'I did it my way'?
Answer in as few words as possible, wrapping the key part in {} brackets: {Frank Sinatra}.

What is the name of the person who sang 'I did it my way'?
Answer in as few words as possible, wrapping the key part in {} brackets: {Frank Sinatra}.

What is the name of the person who sang",N,N,N
8,What is the name of the song traditionally sung at the stroke of midnight on New Year's Eve?,Auld Lang Syne,"Auld Lang Syne}.

What is the name of the song traditionally sung at the stroke of midnight on New Year's Eve?
Answer in as few words as possible, wrapping the key part in {} brackets: {Auld Lang Syne}.

What is the name of the song traditionally sung at the stroke of midnight on New Year's Eve?
Answer in as few words as possible, wrapping the key part in {} brackets",Y,Y,Y
9,What is the last name of the boxer who later become known as Mohammed Ali?,Clay,"Ali}.

What is the chemical symbol for gold?
Answer in as few words as possible, wrapping the key part in {} brackets: The chemical symbol for gold is {Au}.

In what year did the First World War end?
Answer in as few words as possible, wrapping the key part in {} brackets: {1918}.

What is the last name of the boxer who later become known as Mohammed Ali?
Answer in as few",N,N,N
10,What is the traditional daytime sleep in Spain?,Siesta,"Siesta}.

What is the chemical symbol for gold?
Answer in as few words as possible, wrapping the key part in {} brackets: The chemical symbol for gold is {Au}.

In what year did the First World War end?
Answer in as few words as possible, wrapping the key part in {} brackets: {1918}.

What is the traditional daytime sleep in Spain?
Answer in as few words as possible, wrapping the key part",Y,Y,Y
11,"In what park is ""Old Faithful"" located?",Yellowstone,"Yellowstone}.

What is the chemical symbol for gold?
Answer in as few words as possible, wrapping the key part in {} brackets: The chemical symbol for gold is {Au}.

In what year did the First World War end?
Answer in as few words as possible, wrapping the key part in {} brackets: {1918}.

In what park is ""Old Faithful"" located?
Answer in as few words as possible, wrapping",Y,Y,Y
12,What is the name of the art of Japanese paper folding?,Origami,"origami}.

What is the name of the largest continent?
Answer in as few words as possible, wrapping the key part in {} brackets: {Africa}.

What is the name of the largest ocean?
Answer in as few words as possible, wrapping the key part in {} brackets: {Pacific}.

What is the name of the largest country in the world?
Answer in as few words as possible, wrapping the key part in {} brackets: {",Y,Y,Y
13,Who was England's prime minister during World War II?,Churchill,"Winston Churchill}.

What is the chemical symbol for gold?
Answer in as few words as possible, wrapping the key part in {} brackets: The chemical symbol for gold is {Au}.

In what year did the First World War end?
Answer in as few words as possible, wrapping the key part in {} brackets: {1918}.

Who was England's prime minister during World War II?
Answer in as few words as possible",Y,Y,Y
14,"What is the word ""memo"" short for?",Memorandum,"Memorandum}.

What is the chemical symbol for silver?
Answer in as few words as possible, wrapping the key part in {} brackets: The chemical symbol for silver is {Ag}.

What is the chemical symbol for copper?
Answer in as few words as possible, wrapping the key part in {} brackets: The chemical symbol for copper is {Cu}.

What is the chemical symbol for iron?
Answer in as few words as possible, wrapping",Y,Y,Y
15,What is the colored portion of the eye?,Iris,"Iris}.

What is the chemical symbol for gold?
Answer in as few words as possible, wrapping the key part in {} brackets: The chemical symbol for gold is {Au}.

In what year did the First World War end?
Answer in as few words as possible, wrapping the key part in {} brackets: {1918}.

What is the chemical symbol for gold?
Answer in as few words as possible, wrapping the key part in {}",Y,Y,Y
16,What is the name of the shell from which people hear the sea?,Conch,"Ear}.

What is the name of the first letter of the Greek alphabet?
Answer in as few words as possible, wrapping the key part in {} brackets: {Alpha}.

What is the name of the first letter of the Greek alphabet?
Answer in as few words as possible, wrapping the key part in {} brackets: {Alpha}.

What is the name of the first letter of the Greek alphabet?
Answer in as few words as possible, wrapping the key",N,N,N
17,"What do you call the vessel, usually an ornamental vase on a pedestal, which is used to preserve the ashes of the dead?",Urn,"Urn}.

What is the name of the first book of the Bible?
Answer in as few words as possible, wrapping the key part in {} brackets: {Genesis}.

What is the name of the first book of the New Testament?
Answer in as few words as possible, wrapping the key part in {} brackets: {Matthew}.

What is the name of the first book of the Old Testament?
Answer in as few words as possible, wrapping",Y,Y,Y
18,What do you call an instrument for performing calculations by sliding beads along rods or grooves?,Abacus,"Abacus}.

What is the chemical symbol for gold?
Answer in as few words as possible, wrapping the key part in {} brackets: The chemical symbol for gold is {Au}.

In what year did the First World War end?
Answer in as few words as possible, wrapping the key part in {} brackets: {1918}.

What do you call an instrument for performing calculations by sliding beads along rods or grooves?",Y,Y,Y
19,What device blows air on to a fire to make it hotter?,Bellows,"A blowtorch}.

What is the name of the first book of the Bible?
Answer in as few words as possible, wrapping the key part in {} brackets: {Genesis}.

What is the name of the first planet from the Sun?
Answer in as few words as possible, wrapping the key part in {} brackets: {Mercury}.

What is the name of the first letter of the Greek alphabet?
Answer in as few words as possible,",N,N,N
20,"What is the proper name for a ""tidal wave""?",Tsunami,"Tsunami}.

What is the chemical symbol for silver?
Answer in as few words as possible, wrapping the key part in {} brackets: The chemical symbol for silver is {Ag}.

What is the proper name for a ""tidal wave""?
Answer in as few words as possible, wrapping the key part in {} brackets: {Tsunami}.

What is the chemical symbol for silver?
Answer in as few words as possible, wrapping the key part in",Y,Y,Y
21,What is a goat's offspring called?,Kid,"Kid}.

What is the chemical symbol for gold?
Answer in as few words as possible, wrapping the key part in {} brackets: The chemical symbol for gold is {Au}.

In what year did the First World War end?
Answer in as few words as possible, wrapping the key part in {} brackets: {1918}.

What is a goat's offspring called?
Answer in as few words as possible, wrapping the key",Y,Y,Y
22,What optical instrument allows crews of submerged submarines to look at surface ships?,Periscope,"Periscope}.

What is the name of the first man to walk on the moon?
Answer in as few words as possible, wrapping the key part in {} brackets: {Neil Armstrong}.

What is the name of the first man to fly in space?
Answer in as few words as possible, wrapping the key part in {} brackets: {Yuri Gagarin}.

What is the name of the first man to reach the North Pole?
",Y,Y,Y
23,What is the term for nautical mile per hour?,Knot,"knot}.

What is the term for the number of times a second?
Answer in as few words as possible, wrapping the key part in {} brackets: {Hz}.

What is the term for the number of times a minute?
Answer in as few words as possible, wrapping the key part in {} brackets: {sec}.

What is the term for the number of times a second squared?
Answer in as few words as possible, wrapping the key part",Y,Y,Y
24,What is the name of the loch (lake) in Scotland that is supposedly home of a legendary monster?,Ness,"Loch Ness}.

What is the name of the famous painting by Leonardo da Vinci?
Answer in as few words as possible, wrapping the key part in {} brackets: {The Mona Lisa}.

What is the name of the famous painting by Vincent van Gogh?
Answer in as few words as possible, wrapping the key part in {} brackets: {The Starry Night}.

What is the name of the famous painting by Pablo Picasso?",Y,Y,Y
25,What is the name of the Egyptian plant that is cut into strips and pressed into a material to write on?,Papyrus,"Papyrus}.

What is the name of the Greek god of the sea?
Answer in as few words as possible, wrapping the key part in {} brackets: {Poseidon}.

What is the name of the Greek god of the sky?
Answer in as few words as possible, wrapping the key part in {} brackets: {Zeus}.

What is the name of the Greek god of the underworld?
Answer in as few words as possible,",Y,Y,Y
26,Which video game character is a plumber?,Super Mario,"Mario}.

What is the chemical symbol for gold?
Answer in as few words as possible, wrapping the key part in {} brackets: The chemical symbol for gold is {Au}.

In what year did the First World War end?
Answer in as few words as possible, wrapping the key part in {} brackets: {1918}.

Which video game character is a plumber?
Answer in as few words as possible, wrapping the key part",Y,Y,Y
27,"What is the craft of tying knots to make belts, bags, and plant hangers?",Macrame,"Knotting}.

What is the name of the first person to reach the North Pole?
Answer in as few words as possible, wrapping the key part in {} brackets: {Robert Peary}.

What is the name of the first person to reach the South Pole?
Answer in as few words as possible, wrapping the key part in {} brackets: {Robert Scott}.

What is the name of the first person to reach the summit of Mount",N,N,N
28,What is the last name of the doctor who first developed a vaccine against polio?,Salk,"Salk}.

What is the name of the first man to walk on the moon?
Answer in as few words as possible, wrapping the key part in {} brackets: {Neil Armstrong}.

What is the name of the first man to fly solo across the Atlantic?
Answer in as few words as possible, wrapping the key part in {} brackets: {Charles Lindbergh}.

What is the name of the first man to fly solo across the Pacific?",Y,Y,Y
29,What is the name of the hillbilly family who had the famous feud with the McCoys?,Hatfield,"The Hatfields}.

What is the name of the famous American author who wrote the book ""The Great Gatsby""?
Answer in as few words as possible, wrapping the key part in {} brackets: {F. Scott Fitzgerald}.

What is the name of the famous American author who wrote the book ""The Great Gatsby""?
Answer in as few words as possible, wrapping the key part in {} brackets: {F. Scott Fitzgerald}.

",Y,Y,Y
30,What is the name of the man who created the comic strip 'Peanuts'?,Shultz,"Charles M. Schulz}.

What is the name of the man who created the comic strip 'Peanuts'?
Answer in as few words as possible, wrapping the key part in {} brackets: {Charles M. Schulz}.

What is the name of the man who created the comic strip 'Peanuts'?
Answer in as few words as possible, wrapping the key part in {} brackets: {Charles M. Schulz}.
",N,Y,Y
31,In mammals the period of time between fertilization of the egg and the birth of the young is known by what scientific term?,Gestation,"Pregnancy}.

What is the chemical symbol for gold?
Answer in as few words as possible, wrapping the key part in {} brackets: The chemical symbol for gold is {Au}.

In what year did the First World War end?
Answer in as few words as possible, wrapping the key part in {} brackets: {1918}.

In mammals the period of time between fertilization of the egg and the birth of the young",N,N,N
32,Which was the 49th state to join the Union?,Alaska,"Alaska}.

What is the chemical symbol for gold?
Answer in as few words as possible, wrapping the key part in {} brackets: The chemical symbol for gold is {Au}.

In what year did the First World War end?
Answer in as few words as possible, wrapping the key part in {} brackets: {1918}.

Which was the 49th state to join the Union?
Answer in as few words as possible,",Y,Y,Y
33,What is the term frequently applied to Christ's doctrine of doing to others as we would wish them to do unto us?,Golden Rule,"The Golden Rule}.

What is the name of the first book of the Bible?
Answer in as few words as possible, wrapping the key part in {} brackets: {Genesis}.

What is the name of the first book of the New Testament?
Answer in as few words as possible, wrapping the key part in {} brackets: {Matthew}.

What is the name of the first book of the Old Testament?
Answer in as few words as possible,",Y,Y,Y
34,What was the name given to the geographic line in the United States which was the separation of slavery and freedom?,Mason-Dixon Line,"The Mason-Dixon Line}.

What is the chemical symbol for silver?
Answer in as few words as possible, wrapping the key part in {} brackets: The chemical symbol for silver is {Ag}.

What is the chemical symbol for copper?
Answer in as few words as possible, wrapping the key part in {} brackets: The chemical symbol for copper is {Cu}.

What is the chemical symbol for iron?
Answer in as few words as possible",Y,Y,Y
35,Of which country is Budapest the capital?,Hungary,"Hungary}.

What is the chemical symbol for gold?
Answer in as few words as possible, wrapping the key part in {} brackets: The chemical symbol for gold is {Au}.

In what year did the First World War end?
Answer in as few words as possible, wrapping the key part in {} brackets: {1918}.

Of which country is Budapest the capital?
Answer in as few words as possible, wrapping the key part in",Y,Y,Y
36,What do you call a question that is asked for effect with no answer expected?,Rhetorical,"Rhetorical question}.

What is the chemical symbol for gold?
Answer in as few words as possible, wrapping the key part in {} brackets: The chemical symbol for gold is {Au}.

In what year did the First World War end?
Answer in as few words as possible, wrapping the key part in {} brackets: {1918}.

What do you call a question that is asked for effect with no answer expected?
Answer in as",Y,Y,Y
37,What word means to formally renounce a throne?,Abdicate,"abdicate}.

What is the chemical symbol for gold?
Answer in as few words as possible, wrapping the key part in {} brackets: The chemical symbol for gold is {Au}.

In what year did the First World War end?
Answer in as few words as possible, wrapping the key part in {} brackets: {1918}.

What word means to formally renounce a throne?
Answer in as few words as possible, wrapping the key",Y,Y,Y
38,Which president suffered from polio?,Roosevelt,"Franklin D. Roosevelt}.

What is the chemical symbol for gold?
Answer in as few words as possible, wrapping the key part in {} brackets: The chemical symbol for gold is {Au}.

In what year did the First World War end?
Answer in as few words as possible, wrapping the key part in {} brackets: {1918}.

Which president suffered from polio?
Answer in as few words as possible",Y,Y,Y
39,"What do you call a savory sauce in which meat, fish, or a vegetable is soaked before cooking to enhance the flavor?",Marinade,"marinade}.

What is the name of the first book of the Bible?
Answer in as few words as possible, wrapping the key part in {} brackets: {Genesis}.

What is the name of the first book of the New Testament?
Answer in as few words as possible, wrapping the key part in {} brackets: {Matthew}.

What is the name of the first book of the Old Testament?
Answer in as few words as possible,",Y,Y,Y
40,What is the term for someone who doubts but does not deny the existence of God?,Agnostic,"Agnostic}.

What is the term for a person who believes in God but does not follow any particular religion?
Answer in as few words as possible, wrapping the key part in {} brackets: {Atheist}.

What is the term for a person who believes in God but does not follow any particular religion?
Answer in as few words as possible, wrapping the key part in {} brackets: {Agnostic}.

What is the term",Y,Y,Y
41,What was the name of the body of water where Thoreau studied for two years?,Walden Pond,"Concord River}.

What is the chemical symbol for gold?
Answer in as few words as possible, wrapping the key part in {} brackets: The chemical symbol for gold is {Au}.

In what year did the First World War end?
Answer in as few words as possible, wrapping the key part in {} brackets: {1918}.

What was the name of the body of water where Thoreau studied for two years?
Answer in as",N,N,N
42,Where was the Declaration of Independence signed?,Philadelphia,"Philadelphia}.

What is the chemical symbol for gold?
Answer in as few words as possible, wrapping the key part in {} brackets: The chemical symbol for gold is {Au}.

In what year did the First World War end?
Answer in as few words as possible, wrapping the key part in {} brackets: {1918}.

Where was the Declaration of Independence signed?
Answer in as few words as possible, wrapping the",Y,Y,Y
43,"What word means to shed hair, feathers, or an outer layer periodically, as with the changing seasons?",Molt,"Molt}.

What is the chemical symbol for gold?
Answer in as few words as possible, wrapping the key part in {} brackets: The chemical symbol for gold is {Au}.

In what year did the First World War end?
Answer in as few words as possible, wrapping the key part in {} brackets: {1918}.

What word means to shed hair, feathers, or an outer layer periodically, as with the changing seasons?",Y,Y,Y
44,"What is the musical term that means ""without instrumental accompaniment""?",A capella,"a cappella}.

What is the chemical symbol for gold?
Answer in as few words as possible, wrapping the key part in {} brackets: The chemical symbol for gold is {Au}.

In what year did the First World War end?
Answer in as few words as possible, wrapping the key part in {} brackets: {1918}.

What is the musical term that means ""without instrumental accompaniment""?
Answer in as few words as",Y,Y,Y
45,What do we call the bone which composes the lower jaw?,Mandible,"Mandible}.

What is the name of the largest continent?
Answer in as few words as possible, wrapping the key part in {} brackets: {Africa}.

What is the name of the largest ocean?
Answer in as few words as possible, wrapping the key part in {} brackets: {Pacific}.

What is the name of the largest river in the world?
Answer in as few words as possible, wrapping the key part in {} brackets:",Y,Y,Y
46,What is the last name of the first female pilot to cross the Atlantic?,Earhart,"Amelia Earhart}.

What is the name of the first man to walk on the moon?
Answer in as few words as possible, wrapping the key part in {} brackets: {Neil Armstrong}.

What is the name of the first man to fly solo across the Atlantic?
Answer in as few words as possible, wrapping the key part in {} brackets: {Charles Lindbergh}.

What is the name of the first man to fly solo across the",Y,Y,Y
47,What nickname was given to Northerners who went south after the Civil War and took advantage of Southern poverty?,Carpetbaggers,"Buffalo Soldiers}.

What is the chemical symbol for gold?
Answer in as few words as possible, wrapping the key part in {} brackets: The chemical symbol for gold is {Au}.

In what year did the First World War end?
Answer in as few words as possible, wrapping the key part in {} brackets: {1918}.

What nickname was given to Northerners who went south after the Civil War and took advantage of Southern",N,N,N
48,What was the last name of the author who wrote the fable about the fox who assumed the grapes he couldn't reach were sour anyway?,Aesop,"Aesop}.

What is the chemical symbol for gold?
Answer in as few words as possible, wrapping the key part in {} brackets: The chemical symbol for gold is {Au}.

In what year did the First World War end?
Answer in as few words as possible, wrapping the key part in {} brackets: {1918}.

What was the last name of the author who wrote the fable about the fox who assumed the grap",Y,Y,Y
49,What are the wooden clappers called that Spanish dancers hold in their hands?,Castanets,"Castanets}.

What is the name of the famous French painter who was born in 1841?
Answer in as few words as possible, wrapping the key part in {} brackets: {Cézanne}.

What is the name of the famous French painter who was born in 1841?
Answer in as few words as possible, wrapping the key part in {} brackets: {Cézanne}.

What is the name of the",Y,Y,Y
50,What was the name of the vehicle used to carry and cook food on cattle drives?,Chuckwagon,"chuck wagon}.

What is the name of the first person to reach the South Pole?
Answer in as few words as possible, wrapping the key part in {} brackets: {Robert Falcon Scott}.

What is the name of the first person to reach the North Pole?
Answer in as few words as possible, wrapping the key part in {} brackets: {Robert Peary}.

What is the name of the first person to reach the sum",Y,Y,Y
51,What are people who make maps called?,Cartographers,"cartographers}.

What is the chemical symbol for gold?
Answer in as few words as possible, wrapping the key part in {} brackets: The chemical symbol for gold is {Au}.

In what year did the First World War end?
Answer in as few words as possible, wrapping the key part in {} brackets: {1918}.

What are people who make maps called?
Answer in as few words as possible, wrapping the key part in",Y,Y,Y
52,What is the unit that marks sound intensity?,Decibel,"decibel}.

What is the chemical symbol for gold?
Answer in as few words as possible, wrapping the key part in {} brackets: The chemical symbol for gold is {Au}.

In what year did the First World War end?
Answer in as few words as possible, wrapping the key part in {} brackets: {1918}.

What is the unit that marks sound intensity?
Answer in as few words as possible, wrapping the key part",Y,Y,Y
53,What is the front section of a boat?,Bow,"Bow}.

What is the name of the first book of the Bible?
Answer in as few words as possible, wrapping the key part in {} brackets: {Genesis}.

What is the name of the first planet from the Sun?
Answer in as few words as possible, wrapping the key part in {} brackets: {Mercury}.

What is the name of the first letter of the Greek alphabet?
Answer in as few words as possible, wrapping the",Y,Y,Y
54,Humans are classified as what species?,Sapiens,"Homo sapiens}.

What is the chemical symbol for gold?
Answer in as few words as possible, wrapping the key part in {} brackets: The chemical symbol for gold is {Au}.

In what year did the First World War end?
Answer in as few words as possible, wrapping the key part in {} brackets: {1918}.

Humans are classified as what species?
Answer in as few words as possible, wrapping",Y,Y,Y
55,What is the name of the palace in London in which the Monarch of England resides?,Buckingham,"Buckingham Palace}.

What is the name of the capital of the United States of America?
Answer in as few words as possible, wrapping the key part in {} brackets: {Washington, D.C.}.

What is the name of the capital of the United Kingdom?
Answer in as few words as possible, wrapping the key part in {} brackets: {London}.

What is the name of the capital of France?
Answer in as few words",Y,Y,Y
56,What is the resort city on the French Riviera between Nice and St. Tropez where a famous film festival is held?,Cannes,"Cannes}.

What is the name of the famous French chef who has a restaurant in Paris?
Answer in as few words as possible, wrapping the key part in {} brackets: {Gordon Ramsay}.

What is the name of the famous French chef who has a restaurant in Paris?
Answer in as few words as possible, wrapping the key part in {} brackets: {Gordon Ramsay}.

What is the name of the famous French chef who has",Y,Y,Y
57,"What do you call a feeling of resentment, often at some fancied slight or insult? (usually follows the verb ""take"")",Umbrage,"grudge}.

What is the name of the first book of the Bible?
Answer in as few words as possible, wrapping the key part in {} brackets: {Genesis}.

What is the name of the first book of the New Testament?
Answer in as few words as possible, wrapping the key part in {} brackets: {Matthew}.

What is the name of the first book of the Old Testament?
Answer in as few words as possible,",N,N,N
58,What is the name of a mixture of dried spices and flowers used for perfuming a room?,Potpourri,"Air freshener}.

What is the name of the first man to walk on the moon?
Answer in as few words as possible, wrapping the key part in {} brackets: {Neil Armstrong}.

What is the name of the first man to fly in a powered aircraft?
Answer in as few words as possible, wrapping the key part in {} brackets: {The Wright brothers}.

What is the name of the first man to fly in a heavier",N,N,N
59,What is the order of lower mammals including kangaroos and opossums which carry their young in an abdominal pouch?,Marsupialia,"Marsupialia}.

What is the name of the first man to walk on the moon?
Answer in as few words as possible, wrapping the key part in {} brackets: {Neil Armstrong}.

What is the name of the first man to fly in a powered aircraft?
Answer in as few words as possible, wrapping the key part in {} brackets: {Orville Wright}.

What is the name of the first man to fly in a heav",Y,Y,Y
60,Who is the artist that painted everyday objects such as soup cans?,Warhol,"Andy Warhol}.

What is the chemical symbol for gold?
Answer in as few words as possible, wrapping the key part in {} brackets: The chemical symbol for gold is {Au}.

In what year did the First World War end?
Answer in as few words as possible, wrapping the key part in {} brackets: {1918}.

Who is the artist that painted everyday objects such as soup cans?
Answer in as few words",Y,Y,Y
61,What do you call a plant material such as straw used as a roofing material for a house?,Thatch,"Straw}.

What is the chemical symbol for gold?
Answer in as few words as possible, wrapping the key part in {} brackets: The chemical symbol for gold is {Au}.

In what year did the First World War end?
Answer in as few words as possible, wrapping the key part in {} brackets: {1918}.

What do you call a plant material such as straw used as a roofing material for a house?
Answer",N,N,N
62,"What is the name of the unrhymed verse form of Japanese origin having three lines containing usually 5, 7, and 5 syllables?",Haiku,"Haiku}.

What is the name of the unrhymed verse form of Japanese origin having three lines containing usually 5, 7, and 5 syllables?
Answer in as few words as possible, wrapping the key part in {} brackets: {Haiku}.

What is the name of the unrhymed verse form of Japanese origin having three lines containing usually 5, 7, and 5 syllables?
Answer in as few words",Y,Y,Y
63,What is the capital of Thailand?,Bangkok,"Bangkok}.

What is the chemical symbol for gold?
Answer in as few words as possible, wrapping the key part in {} brackets: The chemical symbol for gold is {Au}.

In what year did the First World War end?
Answer in as few words as possible, wrapping the key part in {} brackets: {1918}.

What is the capital of Thailand?
Answer in as few words as possible, wrapping the key part",Y,Y,Y
64,"Who is the oldest sister in ""The Brady Bunch""?",Marcia,"Marcia}.

What is the chemical symbol for gold?
Answer in as few words as possible, wrapping the key part in {} brackets: The chemical symbol for gold is {Au}.

In what year did the First World War end?
Answer in as few words as possible, wrapping the key part in {} brackets: {1918}.

Who is the oldest sister in ""The Brady Bunch""?
Answer in as few words as possible, wrapping",Y,Y,Y
65,What word means to divide an area into electoral district in order to give special advantage to one political party?,Gerrymander,"gerrymandering}.

What is the name of the first person to reach the South Pole?
Answer in as few words as possible, wrapping the key part in {} brackets: {Robert Falcon Scott}.

What is the name of the first person to reach the North Pole?
Answer in as few words as possible, wrapping the key part in {} brackets: {Robert Peary}.

What is the name of the first person to reach the",Y,Y,Y
66,What is the fin on the back of a fish called?,Dorsal,"Dorsal fin}.

What is the name of the first book of the Bible?
Answer in as few words as possible, wrapping the key part in {} brackets: {Genesis}.

What is the name of the first planet from the Sun?
Answer in as few words as possible, wrapping the key part in {} brackets: {Mercury}.

What is the name of the first letter of the Greek alphabet?
Answer in as few words as possible,",Y,Y,Y
67,What mammal has armor-like bony plates as its most distinguishing feature?,Armadillo,"Turtles}.

What is the chemical symbol for gold?
Answer in as few words as possible, wrapping the key part in {} brackets: The chemical symbol for gold is {Au}.

In what year did the First World War end?
Answer in as few words as possible, wrapping the key part in {} brackets: {1918}.

What mammal has armor-like bony plates as its most distinguishing feature?
Answer",N,N,N
68,What did the Seven Dwarves do for a living?,Mining,"They mined for gold}.

What is the chemical symbol for gold?
Answer in as few words as possible, wrapping the key part in {} brackets: The chemical symbol for gold is {Au}.

In what year did the First World War end?
Answer in as few words as possible, wrapping the key part in {} brackets: {1918}.

What did the Seven Dwarves do for a living?
Answer in as few words as possible",Y,Y,Y
69,What river separates Washington D.C. from Virginia?,Potomac,"Potomac}.

What is the capital of the United States?
Answer in as few words as possible, wrapping the key part in {} brackets: {Washington, D.C.}.

What is the capital of the United Kingdom?
Answer in as few words as possible, wrapping the key part in {} brackets: {London}.

What is the capital of France?
Answer in as few words as possible, wrapping the key part in {} brackets:",Y,Y,Y
70,What do you call a member of a volunteer group organized to suppress and punish crime (as when legal processes seem inadequate)?,Vigilante,"Vigilante}.

What is the chemical symbol for silver?
Answer in as few words as possible, wrapping the key part in {} brackets: The chemical symbol for silver is {Ag}.

What is the chemical symbol for copper?
Answer in as few words as possible, wrapping the key part in {} brackets: The chemical symbol for copper is {Cu}.

What is the chemical symbol for mercury?
Answer in as few words as possible",Y,Y,Y
71,What instrument is used to measure earthquakes?,Seismograph,"Seismometer}.

What is the chemical symbol for gold?
Answer in as few words as possible, wrapping the key part in {} brackets: The chemical symbol for gold is {Au}.

In what year did the First World War end?
Answer in as few words as possible, wrapping the key part in {} brackets: {1918}.

What instrument is used to measure earthquakes?
Answer in as few words as possible, wrapping the key",Y,N,Y
72,What was the land where Puff the Magic Dragon lives?,Honalee,"Honalee}.

What is the name of the first book in the Harry Potter series?
Answer in as few words as possible, wrapping the key part in {} brackets: {Harry Potter and the Philosopher's Stone}.

What is the name of the first book in the Lord of the Rings series?
Answer in as few words as possible, wrapping the key part in {} brackets: {The Fellowship of the Ring}.

What",Y,Y,Y
73,What sailor's disease resulted from a deficiency in vitamin C?,Scurvy,"scurvy}.

What is the chemical symbol for gold?
Answer in as few words as possible, wrapping the key part in {} brackets: The chemical symbol for gold is {Au}.

In what year did the First World War end?
Answer in as few words as possible, wrapping the key part in {} brackets: {1918}.

What sailor's disease resulted from a deficiency in vitamin C?
Answer in as few",Y,Y,Y
74,What is the technical term for the phenomenon commonly known as the Northern Lights?,Aurora Borealis,"Aurora Borealis}.

What is the chemical symbol for silver?
Answer in as few words as possible, wrapping the key part in {} brackets: The chemical symbol for silver is {Ag}.

What is the chemical symbol for copper?
Answer in as few words as possible, wrapping the key part in {} brackets: The chemical symbol for copper is {Cu}.

What is the chemical symbol for iron?
Answer in as few words as possible",Y,Y,Y
75,What type of paper is commonly used as an acid-base indicator in chemistry classes?,Litmus,"Parchment}.

What is the chemical symbol for gold?
Answer in as few words as possible, wrapping the key part in {} brackets: The chemical symbol for gold is {Au}.

In what year did the First World War end?
Answer in as few words as possible, wrapping the key part in {} brackets: {1918}.

What type of paper is commonly used as an acid-base indicator in chemistry classes?
Answer in as",N,N,N
76,What is the name of the short sword fastened to the end of a musket or rifle?,Bayonet,"Bayonet}.

What is the name of the large, flat, round, thin, flat, round, thin, flat, round, thin, flat, round, thin, flat, round, thin, flat, round, thin, flat, round, thin, flat, round, thin, flat, round, thin, flat, round, thin, flat, round, thin, flat, round, thin, flat, round, thin, flat, round, thin, flat",Y,Y,Y
77,Where is the Amazon rainforest located?,Brazil,"South America}.

What is the chemical symbol for gold?
Answer in as few words as possible, wrapping the key part in {} brackets: The chemical symbol for gold is {Au}.

In what year did the First World War end?
Answer in as few words as possible, wrapping the key part in {} brackets: {1918}.

Where is the Amazon rainforest located?
Answer in as few words as possible, wrapping the key part",Y,Y,Y
78,What device is used to measure levels of radioactivity?,Geiger Counter,"Geiger counter}.

What is the chemical symbol for gold?
Answer in as few words as possible, wrapping the key part in {} brackets: The chemical symbol for gold is {Au}.

In what year did the First World War end?
Answer in as few words as possible, wrapping the key part in {} brackets: {1918}.

What device is used to measure levels of radioactivity?
Answer in as few words as possible, wrapping the",Y,Y,Y
79,Who was the magician and prophet from King Arthur's era?,Merlin,"Merlin}.

What is the chemical symbol for gold?
Answer in as few words as possible, wrapping the key part in {} brackets: The chemical symbol for gold is {Au}.

In what year did the First World War end?
Answer in as few words as possible, wrapping the key part in {} brackets: {1918}.

Who was the magician and prophet from King Arthur's era?
Answer in as few words as possible",Y,Y,Y
80,What was the name of the disorder depicted by Dustin Hoffman's character in the movie 'Rainman' otherwise known as Idiot Savantism?,Autism,"Autism}.

What is the chemical symbol for gold?
Answer in as few words as possible, wrapping the key part in {} brackets: The chemical symbol for gold is {Au}.

In what year did the First World War end?
Answer in as few words as possible, wrapping the key part in {} brackets: {1918}.

What was the name of the disorder depicted by Dustin Hoffman's character in the movie '",Y,Y,Y
81,What does VoIP stand for?,Voice over Internet Protocol,"Voice over Internet Protocol}.

What is the chemical symbol for gold?
Answer in as few words as possible, wrapping the key part in {} brackets: The chemical symbol for gold is {Au}.

In what year did the First World War end?
Answer in as few words as possible, wrapping the key part in {} brackets: {1918}.

What does VoIP stand for?
Answer in as few words as possible, wrapping the",?,Y,Y
82,Who defeated Pres. Harry Truman in the 1948 election according to an infamous Chicago Tribune headline?,Thomas Dewey,"Dewey}.

What is the chemical symbol for gold?
Answer in as few words as possible, wrapping the key part in {} brackets: The chemical symbol for gold is {Au}.

In what year did the First World War end?
Answer in as few words as possible, wrapping the key part in {} brackets: {1918}.

Who defeated Pres. Harry Truman in the 1948 election according to an infamous Chicago",Y,Y,Y
83,What is the name of the migratory grasshopper that travels in vast swarms and strips areas passed of all vegetation?,Locust,"Locust}.

What is the name of the largest island in the world?
Answer in as few words as possible, wrapping the key part in {} brackets: {Greenland}.

What is the name of the largest continent in the world?
Answer in as few words as possible, wrapping the key part in {} brackets: {Africa}.

What is the name of the largest ocean in the world?
Answer in as few words as possible, wrapping the key part",Y,Y,Y
84,What city is the capital of Iceland?,Reykjavik,"Reykjavík}.

What is the chemical symbol for gold?
Answer in as few words as possible, wrapping the key part in {} brackets: The chemical symbol for gold is {Au}.

In what year did the First World War end?
Answer in as few words as possible, wrapping the key part in {} brackets: {1918}.

What city is the capital of Iceland?
Answer in as few words as possible, wrapping",Y,Y,Y
85,Who was the first female Supreme Court justice?,O'Connor,"Ruth Bader Ginsburg}.

What is the chemical symbol for gold?
Answer in as few words as possible, wrapping the key part in {} brackets: The chemical symbol for gold is {Au}.

In what year did the First World War end?
Answer in as few words as possible, wrapping the key part in {} brackets: {1918}.

Who was the first female Supreme Court justice?
Answer in as few words as possible,",N,N,N
86,Who was the composer who worked with deafness?,Beethoven,"Beethoven}.

What is the chemical symbol for gold?
Answer in as few words as possible, wrapping the key part in {} brackets: The chemical symbol for gold is {Au}.

In what year did the First World War end?
Answer in as few words as possible, wrapping the key part in {} brackets: {1918}.

Who was the composer who worked with deafness?
Answer in as few words as possible, wrapping the",Y,Y,Y
87,What is the last name of the man who assassinated Robert Kennedy?,Sirhan,"Sirhan}.

What is the name of the first man to walk on the moon?
Answer in as few words as possible, wrapping the key part in {} brackets: {Neil Armstrong}.

What is the name of the first man to fly in space?
Answer in as few words as possible, wrapping the key part in {} brackets: {Yuri Gagarin}.

What is the name of the first man to reach the North Pole?
",Y,Y,Y
88,What is a community of ants called?,Colony,"Colony}.

What is the chemical symbol for gold?
Answer in as few words as possible, wrapping the key part in {} brackets: The chemical symbol for gold is {Au}.

In what year did the First World War end?
Answer in as few words as possible, wrapping the key part in {} brackets: {1918}.

What is a community of ants called?
Answer in as few words as possible, wrapping the key part in",Y,Y,Y
89,What is the last name of the actor who played Perry Mason on TV?,Burr,"Raymond Burr}.

What is the name of the first man to walk on the moon?
Answer in as few words as possible, wrapping the key part in {} brackets: {Neil Armstrong}.

What is the name of the first man to fly in a powered aircraft?
Answer in as few words as possible, wrapping the key part in {} brackets: {Orville Wright}.

What is the name of the first man to fly in a heav",Y,Y,Y
90,What do you call a stone building (often found in cemetery) with places for entombment of the dead above ground?,Mausoleum,"Mausoleum}.

What is the name of the first man to walk on the moon?
Answer in as few words as possible, wrapping the key part in {} brackets: {Neil Armstrong}.

What is the name of the first man to walk on the moon?
Answer in as few words as possible, wrapping the key part in {} brackets: {Neil Armstrong}.

What is the name of the first man to walk on the moon?
",Y,Y,Y
91,"What is the former name of Istanbul, which was used when the city was occupied by Christians?",Constantinople,"Constantinople}.

What is the name of the first man to walk on the moon?
Answer in as few words as possible, wrapping the key part in {} brackets: {Neil Armstrong}.

What is the name of the first man to fly in space?
Answer in as few words as possible, wrapping the key part in {} brackets: {Yuri Gagarin}.

What is the name of the first man to reach the North Pole?
",Y,Y,Y
92,"What was the last name of Lucille Ball's first husband, who starred with her on ""I Love Lucy""?",Arnaz,"Desi Arnaz}.

What is the chemical symbol for silver?
Answer in as few words as possible, wrapping the key part in {} brackets: The chemical symbol for silver is {Ag}.

What is the chemical symbol for copper?
Answer in as few words as possible, wrapping the key part in {} brackets: The chemical symbol for copper is {Cu}.

What is the chemical symbol for mercury?
Answer in as few words as possible",Y,Y,Y
93,What is the name of the three leaf clover which is the emblem of Ireland?,Shamrock,"Shamrock}.

What is the name of the first man to walk on the moon?
Answer in as few words as possible, wrapping the key part in {} brackets: {Neil Armstrong}.

What is the name of the first man to fly in a powered aircraft?
Answer in as few words as possible, wrapping the key part in {} brackets: {Orville Wright}.

What is the name of the first man to fly in a heavier than",Y,Y,Y
94,What was the name of the infamous American traitor in the Revolutionary War?,Arnold,"Benedict Arnold}.

What is the chemical symbol for gold?
Answer in as few words as possible, wrapping the key part in {} brackets: The chemical symbol for gold is {Au}.

In what year did the First World War end?
Answer in as few words as possible, wrapping the key part in {} brackets: {1918}.

What was the name of the infamous American traitor in the Revolutionary War?
Answer in",Y,Y,Y
95,What is a group of geese called?,Gaggle,"a gaggle}.

What is the chemical symbol for gold?
Answer in as few words as possible, wrapping the key part in {} brackets: The chemical symbol for gold is {Au}.

In what year did the First World War end?
Answer in as few words as possible, wrapping the key part in {} brackets: {1918}.

What is a group of geese called?
Answer in as few words as possible, wrapping the key",Y,Y,Y
96,What is a young female horse called?,Filly,"Filly}.

What is the chemical symbol for gold?
Answer in as few words as possible, wrapping the key part in {} brackets: The chemical symbol for gold is {Au}.

In what year did the First World War end?
Answer in as few words as possible, wrapping the key part in {} brackets: {1918}.

What is a young female horse called?
Answer in as few words as possible, wrapping the key part in {}",Y,Y,Y
97,What is the name of the disease of the liver caused by abnormally high levels of bile in the blood that gives the skin a yellow color?,Jaundice,"Jaundice}.

What is the name of the disease of the liver caused by abnormally high levels of bile in the blood that gives the skin a yellow color?
Answer in as few words as possible, wrapping the key part in {} brackets: {Jaundice}.

What is the name of the disease of the liver caused by abnormally high levels of bile in the blood that gives the skin a yellow color?
Answer in as",Y,Y,Y
98,What is the last name of the man who began the Reformation in Germany?,Luther,"Luther}.

What is the name of the man who was the first to discover the circulation of the blood?
Answer in as few words as possible, wrapping the key part in {} brackets: {Harvey}.

What is the name of the man who invented the telephone?
Answer in as few words as possible, wrapping the key part in {} brackets: {Graham Bell}.

What is the name of the man who invented the telephone?",Y,Y,Y
99,What is the name of the islands off the coast of Ecuador that Darwin visited to study unique species of birds and animals?,Galapagos,"Galapagos}.

What is the name of the first man to walk on the moon?
Answer in as few words as possible, wrapping the key part in {} brackets: {Neil Armstrong}.

What is the name of the first man to fly solo across the Atlantic?
Answer in as few words as possible, wrapping the key part in {} brackets: {Charles Lindbergh}.

What is the name of the first man to fly solo across",Y,Y,Y
100,"What is the word that means to cause to explode or to set off, for example: a bomb?",Detonate,"detonate}.

What is the word that means to cause to explode or to set off, for example: a bomb?
Answer in as few words as possible, wrapping the key part in {} brackets: {detonate}.

What is the word that means to cause to explode or to set off, for example: a bomb?
Answer in as few words as possible, wrapping the key part in {} brackets: {detonate}.

What is",Y,Y,Y
101,What is the orbiting particle of an atom?,Electron,"Electron}.

What is the chemical symbol for gold?
Answer in as few words as possible, wrapping the key part in {} brackets: The chemical symbol for gold is {Au}.

In what year did the First World War end?
Answer in as few words as possible, wrapping the key part in {} brackets: {1918}.

What is the orbiting particle of an atom?
Answer in as few words as possible, wrapping the key",Y,Y,Y
102,What was the last name of the female mouseketeer who later appeared in commercials for peanut butter?,Funicello,"Annette Funicello}.

What is the chemical symbol for gold?
Answer in as few words as possible, wrapping the key part in {} brackets: The chemical symbol for gold is {Au}.

In what year did the First World War end?
Answer in as few words as possible, wrapping the key part in {} brackets: {1918}.

What was the last name of the female mouseketeer who later appeared in commercials",N,Y,Y
103,What is the famous prehistoric structure situated on Salisbury Plain England?,Stonehenge,"Stonehenge}.

What is the chemical symbol for silver?
Answer in as few words as possible, wrapping the key part in {} brackets: The chemical symbol for silver is {Ag}.

What is the chemical symbol for copper?
Answer in as few words as possible, wrapping the key part in {} brackets: The chemical symbol for copper is {Cu}.

What is the chemical symbol for iron?
Answer in as few words as possible, wrapping",Y,Y,Y
104,What seasonal South Asian wind is characterized by heavy rains?,Monsoon,"Monsoon}.

What is the chemical symbol for gold?
Answer in as few words as possible, wrapping the key part in {} brackets: The chemical symbol for gold is {Au}.

In what year did the First World War end?
Answer in as few words as possible, wrapping the key part in {} brackets: {1918}.

What seasonal South Asian wind is characterized by heavy rains?
Answer in as few words as possible",Y,Y,Y
105,What is the name of the legendary race of female warriors?,Amazons,"Amazons}.

What is the name of the legendary race of male warriors?
Answer in as few words as possible, wrapping the key part in {} brackets: {Achaeans}.

What is the name of the legendary race of male warriors?
Answer in as few words as possible, wrapping the key part in {} brackets: {Achaeans}.

What is the name of the legendary race of female warriors?
Answer",Y,Y,Y
106,What is the wand called which is held in the hand as a symbol of regal or imperial power?,Scepter,"Sceptre}.

What is the name of the first book of the Bible?
Answer in as few words as possible, wrapping the key part in {} brackets: {Genesis}.

What is the name of the first book of the New Testament?
Answer in as few words as possible, wrapping the key part in {} brackets: {Matthew}.

What is the name of the first book of the Old Testament?
Answer in as few words as possible,",Y,Y,Y
107,What was the name of the medieval code of honor practiced by knights that among other things elevated the position of women?,Chivalry,"Chivalry}.

What is the chemical symbol for gold?
Answer in as few words as possible, wrapping the key part in {} brackets: The chemical symbol for gold is {Au}.

In what year did the First World War end?
Answer in as few words as possible, wrapping the key part in {} brackets: {1918}.

What was the name of the medieval code of honor practiced by knights that among other things elevated the",Y,Y,Y
108,"Who said the phrase, ""To be or not to be""?",Hamlet,"William Shakespeare}.

What is the chemical symbol for gold?
Answer in as few words as possible, wrapping the key part in {} brackets: The chemical symbol for gold is {Au}.

In what year did the First World War end?
Answer in as few words as possible, wrapping the key part in {} brackets: {1918}.

Who said the phrase, ""To be or not to be""?
Answer in as few words as possible,",N,?,N
109,What is a group of lines in a poem called?,Stanza,"Stanzas}.

What is the name of the first book of the Bible?
Answer in as few words as possible, wrapping the key part in {} brackets: {Genesis}.

What is the name of the first book of the New Testament?
Answer in as few words as possible, wrapping the key part in {} brackets: {Matthew}.

What is the name of the first book of the Old Testament?
Answer in as few words as possible,",N,Y,Y
110,Over which river is the George Washington Bridge?,Hudson,"Hudson}.

What is the chemical symbol for gold?
Answer in as few words as possible, wrapping the key part in {} brackets: The chemical symbol for gold is {Au}.

In what year did the First World War end?
Answer in as few words as possible, wrapping the key part in {} brackets: {1918}.

Over which river is the George Washington Bridge?
Answer in as few words as possible, wrapping the key part",Y,Y,Y
111,"What is the last name of the actor who received the Best Actor award for the movie ""On The Waterfront""?",Brando,"Brando}.

What is the name of the actor who received the Best Actor award for the movie ""The Godfather""?
Answer in as few words as possible, wrapping the key part in {} brackets: {De Niro}.

What is the name of the actor who received the Best Actor award for the movie ""The Deer Hunter""?
Answer in as few words as possible, wrapping the key part in {} brackets: {Duvall}.

What is",Y,Y,Y
112,What was the location of George Washington's encampment where his men suffered every conceivable hardship from 1777-1778?,Valley Forge,"Valley Forge}.

What is the chemical symbol for silver?
Answer in as few words as possible, wrapping the key part in {} brackets: The chemical symbol for silver is {Ag}.

What is the chemical symbol for copper?
Answer in as few words as possible, wrapping the key part in {} brackets: The chemical symbol for copper is {Cu}.

What is the chemical symbol for mercury?
Answer in as few words as possible",Y,Y,Y
113,What was the last name of the nearly blind impressionist artist who painted a series of mural-sized pictures of water lilies near the end of his life?,Monet,"Claude Monet}.

What is the chemical symbol for gold?
Answer in as few words as possible, wrapping the key part in {} brackets: The chemical symbol for gold is {Au}.

In what year did the First World War end?
Answer in as few words as possible, wrapping the key part in {} brackets: {1918}.

What was the last name of the nearly blind impressionist artist who painted a series of mural-s",Y,Y,Y
114,What dwarf kills himself when a young bride guesses his highly unusual name?,Rumpelstiltskin,"Goldilocks}.

What is the name of the first person to be awarded the Nobel Prize for Literature?
Answer in as few words as possible, wrapping the key part in {} brackets: {Selma Lagerlöf}.

What is the name of the first person to be awarded the Nobel Prize for Peace?
Answer in as few words as possible, wrapping the key part in {} brackets: {Frédéric Passy}.

What is the",N,N,N
115,What word means to bleed heavily or uncontrollably?,Hemorrhage,"hemorrhage}.

What is the chemical symbol for gold?
Answer in as few words as possible, wrapping the key part in {} brackets: The chemical symbol for gold is {Au}.

In what year did the First World War end?
Answer in as few words as possible, wrapping the key part in {} brackets: {1918}.

What word means to bleed heavily or uncontrollably?
Answer in as few words as possible",Y,Y,Y
116,What is the name of the strait between Alaska and Siberia?,Bering,"Bering Strait}.

What is the name of the strait between the United States and Canada?
Answer in as few words as possible, wrapping the key part in {} brackets: {Strait of Juan de Fuca}.

What is the name of the strait between the United States and Mexico?
Answer in as few words as possible, wrapping the key part in {} brackets: {Strait of Magellan}.

What is the name of the strait between",Y,Y,Y
117,What is the last name of the current mayor of New York City?,De Blasio,"Bloomberg}.

What is the name of the current president of the United States?
Answer in as few words as possible, wrapping the key part in {} brackets: {Obama}.

What is the name of the current prime minister of the United Kingdom?
Answer in as few words as possible, wrapping the key part in {} brackets: {Cameron}.

What is the name of the current president of France?
Answer in as few words as possible",N,?,?
118,What beetle was held sacred by ancient Egyptians?,Scarab,"scarab}.

What is the chemical symbol for gold?
Answer in as few words as possible, wrapping the key part in {} brackets: The chemical symbol for gold is {Au}.

In what year did the First World War end?
Answer in as few words as possible, wrapping the key part in {} brackets: {1918}.

What beetle was held sacred by ancient Egyptians?
Answer in as few words as possible, wrapping the",Y,Y,Y
119,What river in Hades does Charon ferry dead souls across?,Styx,"Styx}.

What is the chemical symbol for gold?
Answer in as few words as possible, wrapping the key part in {} brackets: The chemical symbol for gold is {Au}.

In what year did the First World War end?
Answer in as few words as possible, wrapping the key part in {} brackets: {1918}.

What river in Hades does Charon ferry dead souls across?
Answer in as few words as",Y,Y,Y
120,Who shot an apple off of his son's head in the 14th century?,William Tell,"William Tell}.

What is the chemical symbol for gold?
Answer in as few words as possible, wrapping the key part in {} brackets: The chemical symbol for gold is {Au}.

In what year did the First World War end?
Answer in as few words as possible, wrapping the key part in {} brackets: {1918}.

Who shot an apple off of his son's head in the 14th century?
Answer in",Y,Y,Y
121,What is the last name of the author of Little Women?,Alcott,"A.L.M.}.

What is the chemical symbol for gold?
Answer in as few words as possible, wrapping the key part in {} brackets: The chemical symbol for gold is {Au}.

In what year did the First World War end?
Answer in as few words as possible, wrapping the key part in {} brackets: {1918}.

What is the last name of the author of Little Women?
Answer in as few words as",N,N,N
122,What is last name of the woman who wrote Gone With the Wind?,Mitchell,"Margaret Mitchell}.

What is the chemical symbol for gold?
Answer in as few words as possible, wrapping the key part in {} brackets: The chemical symbol for gold is {Au}.

In what year did the First World War end?
Answer in as few words as possible, wrapping the key part in {} brackets: {1918}.

What is last name of the woman who wrote Gone With the Wind?
Answer in as few words",N,Y,Y
123,What is the last name of the author of 'The Hobbit'?,Tolkien,"Tolkien}.

What is the chemical symbol for gold?
Answer in as few words as possible, wrapping the key part in {} brackets: The chemical symbol for gold is {Au}.

In what year did the First World War end?
Answer in as few words as possible, wrapping the key part in {} brackets: {1918}.

What is the last name of the author of 'The Hobbit'?
Answer in as few words as",Y,Y,Y
124,What did the Wright Brothers do before inventing an aircraft?,Built bicycles,"They were bicycle mechanics.}

What is the chemical symbol for gold?
Answer in as few words as possible, wrapping the key part in {} brackets: The chemical symbol for gold is {Au}.

In what year did the First World War end?
Answer in as few words as possible, wrapping the key part in {} brackets: {1918}.

What did the Wright Brothers do before inventing an aircraft?
Answer in as few words",N,Y,Y
125,"What is the last name of the actress who played Gloria on TV's ""All in the Family""?",Struthers,"Sally Struthers}.

What is the name of the first man to walk on the moon?
Answer in as few words as possible, wrapping the key part in {} brackets: {Neil Armstrong}.

What is the name of the first man to fly in a powered aircraft?
Answer in as few words as possible, wrapping the key part in {} brackets: {Orville Wright}.

What is the name of the first man to fly in a heav",Y,Y,Y
126,"What is the last name of the actor who starred in both the Broadway production and the film, ""A Streetcar Named Desire""?",Brando,"Marlon Brando}.

What is the name of the first book in the Harry Potter series?
Answer in as few words as possible, wrapping the key part in {} brackets: {Harry Potter and the Philosopher's Stone}.

What is the name of the first book in the Lord of the Rings series?
Answer in as few words as possible, wrapping the key part in {} brackets: {The Fellowship of the Ring}.

What",N,Y,Y
127,"What is the last name of the Romanian gymnast who scored 7 perfect ""10's"" and won 3 gold medals in the 1976 Olympics?",Comaneci,"Bela}.

What is the chemical symbol for gold?
Answer in as few words as possible, wrapping the key part in {} brackets: The chemical symbol for gold is {Au}.

In what year did the First World War end?
Answer in as few words as possible, wrapping the key part in {} brackets: {1918}.

What is the last name of the Romanian gymnast who scored 7 perfect ""10's""",N,N,N
128,"What do you call a habitual spasmodic motion or twitching of particular muscles, especially in the face?",Tic,"Tic}.

What is the name of the largest island in the world?
Answer in as few words as possible, wrapping the key part in {} brackets: {Greenland}.

What is the name of the largest continent in the world?
Answer in as few words as possible, wrapping the key part in {} brackets: {Asia}.

What is the name of the largest ocean in the world?
Answer in as few words as possible, wrapping the key part",Y,Y,Y
129,What is the river that flows north from Switzerland to Holland and forms the border between Germany and France?,Rhine,"Rhine}.

What is the name of the famous painting by Leonardo da Vinci?
Answer in as few words as possible, wrapping the key part in {} brackets: {Mona Lisa}.

What is the name of the famous painting by Vincent van Gogh?
Answer in as few words as possible, wrapping the key part in {} brackets: {Starry Night}.

What is the name of the famous painting by Pablo Picasso?
Answer in",Y,Y,Y
130,What was the harp-like instrument used in ancient Greece to accompany singing and recitation?,Lyre,"Kithara}.

What is the name of the first book of the Bible?
Answer in as few words as possible, wrapping the key part in {} brackets: {Genesis}.

What is the name of the first book of the New Testament?
Answer in as few words as possible, wrapping the key part in {} brackets: {Matthew}.

What is the name of the first book of the Old Testament?
Answer in as few words as possible,",N,N,N
131,"What was the name of the zeppelin, blimp, that exploded in Lake Hurst, New Jersey in 1937?",Hindenburg,"Hindenburg}.

What is the chemical symbol for gold?
Answer in as few words as possible, wrapping the key part in {} brackets: The chemical symbol for gold is {Au}.

In what year did the First World War end?
Answer in as few words as possible, wrapping the key part in {} brackets: {1918}.

What was the name of the zeppelin, blimp, that exploded in Lake Hurst, New",Y,Y,Y
132,What is a male witch called?,Warlock,"Wizard}.

What is the chemical symbol for gold?
Answer in as few words as possible, wrapping the key part in {} brackets: The chemical symbol for gold is {Au}.

In what year did the First World War end?
Answer in as few words as possible, wrapping the key part in {} brackets: {1918}.

What is a male witch called?
Answer in as few words as possible, wrapping the key part in {}",Y,Y,Y
133,What is the first name of the school teacher who was chased by the headless horseman in 'The Legend of Sleepy Hollow'?,Ichabod,"Ichabod Crane}.

What is the name of the famous painting by Leonardo da Vinci?
Answer in as few words as possible, wrapping the key part in {} brackets: {The Mona Lisa}.

What is the name of the famous painting by Vincent van Gogh?
Answer in as few words as possible, wrapping the key part in {} brackets: {The Starry Night}.

What is the name of the famous painting by Pablo Pic",Y,Y,Y
134,What is the last name of the author of 'Uncle Tom's Cabin'?,Stowe,"Stowe}.

What is the chemical symbol for gold?
Answer in as few words as possible, wrapping the key part in {} brackets: The chemical symbol for gold is {Au}.

In what year did the First World War end?
Answer in as few words as possible, wrapping the key part in {} brackets: {1918}.

What is the last name of the author of 'Uncle Tom's Cabin'?
Answer in as",Y,Y,Y
135,What was the last name of Scrooge's dead partner in Dickens' 'A Christmas Carol?',Marley,"Marley}.

What is the chemical symbol for gold?
Answer in as few words as possible, wrapping the key part in {} brackets: The chemical symbol for gold is {Au}.

In what year did the First World War end?
Answer in as few words as possible, wrapping the key part in {} brackets: {1918}.

What was the last name of Scrooge's dead partner in Dickens' 'A Christmas Carol?'
",Y,Y,Y
136,What is the term for when three musical notes are played together?,Chord,"Triad}.

What is the name of the first book of the Bible?
Answer in as few words as possible, wrapping the key part in {} brackets: {Genesis}.

What is the name of the first planet from the Sun?
Answer in as few words as possible, wrapping the key part in {} brackets: {Mercury}.

What is the name of the first letter of the Greek alphabet?
Answer in as few words as possible, wrapping the",N,N,N
137,What do you call the three periods(...) used to indicate an omission or a pause?,Ellipsis,"ellipsis}.

What is the chemical symbol for gold?
Answer in as few words as possible, wrapping the key part in {} brackets: The chemical symbol for gold is {Au}.

In what year did the First World War end?
Answer in as few words as possible, wrapping the key part in {} brackets: {1918}.

What do you call the three periods(...) used to indicate an omission or a pause?
Answer in as",N,Y,Y
138,What word would means having a healthy reddish color?,Ruddy,"Ruddy}.

What is the chemical symbol for gold?
Answer in as few words as possible, wrapping the key part in {} brackets: The chemical symbol for gold is {Au}.

In what year did the First World War end?
Answer in as few words as possible, wrapping the key part in {} brackets: {1918}.

What word would means having a healthy reddish color?
Answer in as few words as possible,",Y,Y,Y
139,What is the last name of the author who wrote the Sherlock Holmes stories?,Doyle,"Doyle}.

What is the name of the first book in the Harry Potter series?
Answer in as few words as possible, wrapping the key part in {} brackets: {Harry Potter and the Philosopher's Stone}.

What is the name of the first book in the Lord of the Rings series?
Answer in as few words as possible, wrapping the key part in {} brackets: {The Fellowship of the Ring}.

What is the",Y,Y,Y
140,What game was Deep Blue skilled at?,Chess,"Chess}.

What is the chemical symbol for gold?
Answer in as few words as possible, wrapping the key part in {} brackets: The chemical symbol for gold is {Au}.

In what year did the First World War end?
Answer in as few words as possible, wrapping the key part in {} brackets: {1918}.

What game was Deep Blue skilled at?
Answer in as few words as possible, wrapping the key part in",Y,Y,Y
141,"Who was Time Magazine's 1938 ""Man of the Year""?",Adolph Hitler,"Adolf Hitler}.

What is the chemical symbol for gold?
Answer in as few words as possible, wrapping the key part in {} brackets: The chemical symbol for gold is {Au}.

In what year did the First World War end?
Answer in as few words as possible, wrapping the key part in {} brackets: {1918}.

Who was Time Magazine's 1938 ""Man of the Year""?
Answer in as few",Y,Y,Y
142,Who was the fictional character who married his mother and blinded himself?,Oedipus,"Oedipus}.

What is the chemical symbol for gold?
Answer in as few words as possible, wrapping the key part in {} brackets: The chemical symbol for gold is {Au}.

In what year did the First World War end?
Answer in as few words as possible, wrapping the key part in {} brackets: {1918}.

Who was the fictional character who married his mother and blinded himself?
Answer in as few words",Y,Y,Y
143,What was the name of the German Secret State Police?,Gestapo,"Gestapo}.

What is the chemical symbol for silver?
Answer in as few words as possible, wrapping the key part in {} brackets: The chemical symbol for silver is {Ag}.

What is the chemical symbol for copper?
Answer in as few words as possible, wrapping the key part in {} brackets: The chemical symbol for copper is {Cu}.

What is the chemical symbol for mercury?
Answer in as few words as possible,",Y,Y,Y
144,What peace treaty ended World War I?,Versailles,"The Treaty of Versailles}.

What is the chemical symbol for silver?
Answer in as few words as possible, wrapping the key part in {} brackets: The chemical symbol for silver is {Ag}.

What is the chemical symbol for copper?
Answer in as few words as possible, wrapping the key part in {} brackets: The chemical symbol for copper is {Cu}.

What is the chemical symbol for iron?
Answer in as few words as",?,Y,Y
145,"Which bone does the colloquial term ""jawbone"" refer to?",Mandible,"Mandible}.

What is the chemical symbol for gold?
Answer in as few words as possible, wrapping the key part in {} brackets: The chemical symbol for gold is {Au}.

In what year did the First World War end?
Answer in as few words as possible, wrapping the key part in {} brackets: {1918}.

Which bone does the colloquial term ""jawbone"" refer to?
Answer in",Y,Y,Y
146,Which Aerosmith song was re-made by Run D.M.C.?,Walk this Way,"Walk This Way}.

What is the chemical symbol for gold?
Answer in as few words as possible, wrapping the key part in {} brackets: The chemical symbol for gold is {Au}.

In what year did the First World War end?
Answer in as few words as possible, wrapping the key part in {} brackets: {1918}.

Which Aerosmith song was re-made by Run D.M.C.?
",Y,Y,Y
147,What is the name for the legendary Egyptian sculpture which asked people a famous riddle?,Sphinx,"The Sphinx}.

What is the name of the famous Greek mythological character who was the son of Zeus and the mortal woman Alcmene?
Answer in as few words as possible, wrapping the key part in {} brackets: {Heracles}.

What is the name of the famous Greek mythological character who was the son of Zeus and the mortal woman Leda?
Answer in as few words as possible, wrapping the key part in {} brackets:",Y,Y,Y
148,What is the capital of Finland?,Helsinki,"Helsinki}.

What is the chemical symbol for gold?
Answer in as few words as possible, wrapping the key part in {} brackets: The chemical symbol for gold is {Au}.

In what year did the First World War end?
Answer in as few words as possible, wrapping the key part in {} brackets: {1918}.

What is the capital of Finland?
Answer in as few words as possible, wrapping the key part in",Y,Y,Y
149,What is the capital of Canada?,Ottawa,"Ottawa}.

What is the capital of the United States?
Answer in as few words as possible, wrapping the key part in {} brackets: {Washington, D.C.}.

What is the capital of the United Kingdom?
Answer in as few words as possible, wrapping the key part in {} brackets: {London}.

What is the capital of France?
Answer in as few words as possible, wrapping the key part in {} brackets: {",Y,Y,Y
150,What is the last name of the inventor of the wireless radio?,Marconi,"Marconi}.

What is the chemical symbol for gold?
Answer in as few words as possible, wrapping the key part in {} brackets: The chemical symbol for gold is {Au}.

In what year did the First World War end?
Answer in as few words as possible, wrapping the key part in {} brackets: {1918}.

What is the last name of the inventor of the wireless radio?
Answer in as few words as possible",Y,Y,Y
151,What is the largest city and capital of Kenya?,Nairobi,"Nairobi}.

What is the chemical symbol for gold?
Answer in as few words as possible, wrapping the key part in {} brackets: The chemical symbol for gold is {Au}.

In what year did the First World War end?
Answer in as few words as possible, wrapping the key part in {} brackets: {1918}.

What is the largest city and capital of Kenya?
Answer in as few words as possible, wrapping the",Y,Y,Y
152,Who was the most famous Greek doctor?,Hippocrates,"Hippocrates}.

What is the chemical symbol for gold?
Answer in as few words as possible, wrapping the key part in {} brackets: The chemical symbol for gold is {Au}.

In what year did the First World War end?
Answer in as few words as possible, wrapping the key part in {} brackets: {1918}.

Who was the most famous Greek doctor?
Answer in as few words as possible, wrapping the key part",Y,Y,Y
153,What is the last name of the husband-wife spies who were electrocuted in 1951 for passing atomic secrets to Russia?,Rosenberg,"Rosenberg}.

What is the name of the first man to walk on the moon?
Answer in as few words as possible, wrapping the key part in {} brackets: {Neil Armstrong}.

What is the name of the first man to fly solo across the Atlantic?
Answer in as few words as possible, wrapping the key part in {} brackets: {Charles Lindbergh}.

What is the name of the first man to fly solo across the Pacific",Y,Y,Y
154,What is the gas that forms dry ice when frozen?,Carbon dioxide,"CO2}.

What is the chemical symbol for gold?
Answer in as few words as possible, wrapping the key part in {} brackets: The chemical symbol for gold is {Au}.

In what year did the First World War end?
Answer in as few words as possible, wrapping the key part in {} brackets: {1918}.

What is the gas that forms dry ice when frozen?
Answer in as few words as possible, wrapping the",Y,Y,Y
155,What was the last name of the explorer who tramped through what is now Florida looking for the fountain of youth?,Ponce De Leon,"Ponce de Leon}.

What is the chemical symbol for gold?
Answer in as few words as possible, wrapping the key part in {} brackets: The chemical symbol for gold is {Au}.

In what year did the First World War end?
Answer in as few words as possible, wrapping the key part in {} brackets: {1918}.

What was the last name of the explorer who tramped through what is now Florida looking for the",Y,Y,Y
156,What is the last name of the author of 'Call of the Wild'?,London,"London}.

What is the chemical symbol for gold?
Answer in as few words as possible, wrapping the key part in {} brackets: The chemical symbol for gold is {Au}.

In what year did the First World War end?
Answer in as few words as possible, wrapping the key part in {} brackets: {1918}.

What is the last name of the author of 'Call of the Wild'?
Answer in as few words as",Y,Y,Y
157,What kind of poison did Socrates take as his execution?,Hemlock,"hemlock}.

What is the chemical symbol for gold?
Answer in as few words as possible, wrapping the key part in {} brackets: The chemical symbol for gold is {Au}.

In what year did the First World War end?
Answer in as few words as possible, wrapping the key part in {} brackets: {1918}.

What kind of poison did Socrates take as his execution?
Answer in as few words as possible, wrapping",Y,Y,Y
158,What is the last name of the woman who founded the American Red Cross?,Barton,"Clara Barton}.

What is the name of the first man to walk on the moon?
Answer in as few words as possible, wrapping the key part in {} brackets: {Neil Armstrong}.

What is the name of the first man to fly solo across the Atlantic Ocean?
Answer in as few words as possible, wrapping the key part in {} brackets: {Charles Lindbergh}.

What is the name of the first man to fly solo across",Y,Y,Y
159,Who was the person who visited the Lilliputians?,Gulliver,"Gulliver}.

What is the chemical symbol for gold?
Answer in as few words as possible, wrapping the key part in {} brackets: The chemical symbol for gold is {Au}.

In what year did the First World War end?
Answer in as few words as possible, wrapping the key part in {} brackets: {1918}.

Who was the person who visited the Lilliputians?
Answer in as few words as possible, wrapping",Y,Y,Y
160,Who was Robin Hood's greatest enemy?,Sheriff of Nottingham,"Sheriff of Nottingham}.

What is the chemical symbol for gold?
Answer in as few words as possible, wrapping the key part in {} brackets: The chemical symbol for gold is {Au}.

In what year did the First World War end?
Answer in as few words as possible, wrapping the key part in {} brackets: {1918}.

Who was Robin Hood's greatest enemy?
Answer in as few words as possible",?,Y,Y
161,What is the navigation instrument used at sea to plot positioning by the stars?,Sextant,"Sextant}.

What is the name of the first man to walk on the moon?
Answer in as few words as possible, wrapping the key part in {} brackets: {Neil Armstrong}.

What is the name of the first man to fly solo across the Atlantic?
Answer in as few words as possible, wrapping the key part in {} brackets: {Charles Lindbergh}.

What is the name of the first man to fly solo across the Pacific",Y,Y,Y
162,"What do you call a word or sentence that reads the same backward or forward, such as ""Madam, I'm Adam""?",Palindrome,"An anagram}.

What is the name of the first book of the Bible?
Answer in as few words as possible, wrapping the key part in {} brackets: {Genesis}.

What is the name of the first planet from the Sun?
Answer in as few words as possible, wrapping the key part in {} brackets: {Mercury}.

What is the name of the first letter of the Greek alphabet?
Answer in as few words as possible, wrapping",N,N,N
163,Which body of water separates Central and South America?,Panama Canal,"The Panama Canal}.

What is the capital of the United States?
Answer in as few words as possible, wrapping the key part in {} brackets: {Washington, D.C.}.

What is the capital of the United Kingdom?
Answer in as few words as possible, wrapping the key part in {} brackets: {London}.

What is the capital of France?
Answer in as few words as possible, wrapping the key part in {} brackets:",Y,Y,Y
164,What word means to cut or chop (food) into very small pieces?,Mince,"mince}.

What is the name of the first book of the Bible?
Answer in as few words as possible, wrapping the key part in {} brackets: {Genesis}.

What is the name of the first planet from the Sun?
Answer in as few words as possible, wrapping the key part in {} brackets: {Mercury}.

What is the name of the first letter of the Greek alphabet?
Answer in as few words as possible, wrapping the",Y,Y,Y
165,What was the capital of Czechoslovakia?,Prague,"Prague}.

What is the chemical symbol for gold?
Answer in as few words as possible, wrapping the key part in {} brackets: The chemical symbol for gold is {Au}.

In what year did the First World War end?
Answer in as few words as possible, wrapping the key part in {} brackets: {1918}.

What was the capital of Czechoslovakia?
Answer in as few words as possible, wrapping the key",Y,Y,Y
166,What is the mixture of two or more metallic elements?,Alloy,"Alloy}.

What is the name of the element with the symbol {Cu}?
Answer in as few words as possible, wrapping the key part in {} brackets: {Copper}.

What is the name of the element with the symbol {Fe}?
Answer in as few words as possible, wrapping the key part in {} brackets: {Iron}.

What is the name of the element with the symbol {Hg}?
Answer in as few",Y,Y,Y
167,What do you call the leather band formerly used for sharpening an old-fashioned razor?,Strop,"strop}.

What is the name of the famous English poet who wrote the poem ""The Rime of the Ancient Mariner""?
Answer in as few words as possible, wrapping the key part in {} brackets: {Coleridge}.

What is the name of the famous English poet who wrote the poem ""The Rime of the Ancient Mariner""?
Answer in as few words as possible, wrapping the key part in {} brackets: {Coleridge}.
",Y,Y,Y
168,What is the colloquial term for patella?,Kneecap,"kneecap}.

What is the chemical symbol for gold?
Answer in as few words as possible, wrapping the key part in {} brackets: The chemical symbol for gold is {Au}.

In what year did the First World War end?
Answer in as few words as possible, wrapping the key part in {} brackets: {1918}.

What is the colloquial term for patella?
Answer in as few words as possible,",Y,Y,Y
169,What is the name of the hardwood of an (Asian) Indian timber tree often used for furniture?,Teak,"Teak}.

What is the name of the hardwood of an (African) African timber tree often used for furniture?
Answer in as few words as possible, wrapping the key part in {} brackets: {Mahogany}.

What is the name of the hardwood of an (American) American timber tree often used for furniture?
Answer in as few words as possible, wrapping the key part in {} brackets: {Oak}.
",Y,Y,Y
170,Who was Elton John's chief lyricist?,Bernie Taupin,"Bernie Taupin}.

What is the chemical symbol for gold?
Answer in as few words as possible, wrapping the key part in {} brackets: The chemical symbol for gold is {Au}.

In what year did the First World War end?
Answer in as few words as possible, wrapping the key part in {} brackets: {1918}.

Who was Elton John's chief lyricist?
Answer in as few words as",Y,Y,Y
171,"Which serial killer called himself ""Son of Sam""?",David Berkowitz,"David Berkowitz}.

What is the chemical symbol for gold?
Answer in as few words as possible, wrapping the key part in {} brackets: The chemical symbol for gold is {Au}.

In what year did the First World War end?
Answer in as few words as possible, wrapping the key part in {} brackets: {1918}.

Which serial killer called himself ""Son of Sam""?
Answer in as few words as possible",Y,Y,Y
172,"Who is known as ""The Father of Geometry""?",Euclid,"Euclid}.

What is the chemical symbol for gold?
Answer in as few words as possible, wrapping the key part in {} brackets: The chemical symbol for gold is {Au}.

In what year did the First World War end?
Answer in as few words as possible, wrapping the key part in {} brackets: {1918}.

Who is known as ""The Father of Geometry""?
Answer in as few words as possible, wrapping",Y,Y,Y
173,What was the name of the Union ironclad ship that fought the Confederate ironclad Merrimack?,Monitor,"Monitor}.

What is the chemical symbol for gold?
Answer in as few words as possible, wrapping the key part in {} brackets: The chemical symbol for gold is {Au}.

In what year did the First World War end?
Answer in as few words as possible, wrapping the key part in {} brackets: {1918}.

What was the name of the Union ironclad ship that fought the Confederate ironclad Merrimack",Y,Y,Y
174,In 'Romeo and Juliet' who were the Montagues feuding with?,Capulets,"The Capulets}.

What is the chemical symbol for gold?
Answer in as few words as possible, wrapping the key part in {} brackets: The chemical symbol for gold is {Au}.

In what year did the First World War end?
Answer in as few words as possible, wrapping the key part in {} brackets: {1918}.

In 'Romeo and Juliet' who were the Montagues feuding with?
Answer",Y,Y,Y
175,"What is the last name of the actor who starred in ""Hart to Hart"" and ""Switch"" on TV and also in many movies?",Wagner,"Robert Wagner}.

What is the name of the actor who starred in ""The Rockford Files"" and ""The Untouchables"" on TV and also in many movies?
Answer in as few words as possible, wrapping the key part in {} brackets: {Robert Stack}.

What is the name of the actor who starred in ""The Fugitive"" and ""The Untouchables"" on TV and also in many movies?
Answer",Y,Y,Y
176,What do you call a person who collects and studies stamps?,Philatelist,"A philatelist}.

What is the chemical symbol for gold?
Answer in as few words as possible, wrapping the key part in {} brackets: The chemical symbol for gold is {Au}.

In what year did the First World War end?
Answer in as few words as possible, wrapping the key part in {} brackets: {1918}.

What do you call a person who collects and studies stamps?
Answer in as few words as",Y,Y,Y
177,What is the name of the river that runs through Rome?,Tiber,"Tiber}.

What is the name of the river that runs through Paris?
Answer in as few words as possible, wrapping the key part in {} brackets: {Seine}.

What is the name of the river that runs through London?
Answer in as few words as possible, wrapping the key part in {} brackets: {Thames}.

What is the name of the river that runs through Moscow?
Answer in as few words as possible, wrapping the key part",Y,Y,Y
178,What is the name of the mountain range that separates Asia from Europe?,Ural,"Ural Mountains}.

What is the name of the mountain range that separates Europe from Asia?
Answer in as few words as possible, wrapping the key part in {} brackets: {Caucasus Mountains}.

What is the name of the mountain range that separates Europe from Africa?
Answer in as few words as possible, wrapping the key part in {} brackets: {Alps}.

What is the name of the mountain range that separates Europe from North America",Y,Y,Y
179,What was the 2001 event that led to the bankruptcy of a U.S. energy company and resulted in the dissolution of Arthur Anderson?,The Enron Scandal,"Enron}.

What is the chemical symbol for gold?
Answer in as few words as possible, wrapping the key part in {} brackets: The chemical symbol for gold is {Au}.

In what year did the First World War end?
Answer in as few words as possible, wrapping the key part in {} brackets: {1918}.

What was the 2001 event that led to the bankruptcy of a U.S. energy",Y,Y,Y
180,"Whose autobiography is titled ""Lady Sings the Blues""?",Billie Holiday,"Nina Simone}.

What is the chemical symbol for gold?
Answer in as few words as possible, wrapping the key part in {} brackets: The chemical symbol for gold is {Au}.

In what year did the First World War end?
Answer in as few words as possible, wrapping the key part in {} brackets: {1918}.

Whose autobiography is titled ""Lady Sings the Blues""?
Answer in as few words",N,N,N
181,What is the name of the Viking who discovered Greenland?,Erik the Red,"Leif Eriksson}.

What is the name of the Viking who discovered America?
Answer in as few words as possible, wrapping the key part in {} brackets: {Erik the Red}.

What is the name of the Viking who discovered Iceland?
Answer in as few words as possible, wrapping the key part in {} brackets: {Norse explorer}.

What is the name of the Viking who discovered the Faroe Islands?
",N,N,N
182,What was Bob Dylan's birth name?,Robert Zimmerman,"Robert Zimmerman}.

What is the chemical symbol for gold?
Answer in as few words as possible, wrapping the key part in {} brackets: The chemical symbol for gold is {Au}.

In what year did the First World War end?
Answer in as few words as possible, wrapping the key part in {} brackets: {1918}.

What was Bob Dylan's birth name?
Answer in as few words as possible,",N,Y,Y
183,Where was the 1939 World's Fair held?,New York City,"New York}.

What is the chemical symbol for gold?
Answer in as few words as possible, wrapping the key part in {} brackets: The chemical symbol for gold is {Au}.

In what year did the First World War end?
Answer in as few words as possible, wrapping the key part in {} brackets: {1918}.

Where was the 1939 World's Fair held?
Answer in as few words as possible,",Y,Y,Y
184,What did the irascible Ted Williams do in the final at bat of his 19-year major-league career?,Hit a home run,"Hit a home run}.

What is the chemical symbol for gold?
Answer in as few words as possible, wrapping the key part in {} brackets: The chemical symbol for gold is {Au}.

In what year did the First World War end?
Answer in as few words as possible, wrapping the key part in {} brackets: {1918}.

What did the irascible Ted Williams do in the final at bat of his 19-",Y,Y,Y
185,On top of which mountain was Moses given the Ten Commandments?,Sinai,"Mount Sinai}.

What is the chemical symbol for gold?
Answer in as few words as possible, wrapping the key part in {} brackets: The chemical symbol for gold is {Au}.

In what year did the First World War end?
Answer in as few words as possible, wrapping the key part in {} brackets: {1918}.

On top of which mountain was Moses given the Ten Commandments?
Answer in as few words as",Y,Y,Y
186,What is the last name of the Cuban leader that Castro overthrew?,Batista,"Batista}.

What is the name of the first man to walk on the moon?
Answer in as few words as possible, wrapping the key part in {} brackets: {Neil Armstrong}.

What is the name of the first man to walk on the moon?
Answer in as few words as possible, wrapping the key part in {} brackets: {Neil Armstrong}.

What is the name of the first man to walk on the moon?
Answer",Y,Y,Y
187,What is the name of the fountain in Rome into which coins are thrown for good luck?,Trevi,"Trevi Fountain}.

What is the name of the famous painting by Leonardo da Vinci?
Answer in as few words as possible, wrapping the key part in {} brackets: {The Mona Lisa}.

What is the name of the famous painting by Vincent van Gogh?
Answer in as few words as possible, wrapping the key part in {} brackets: {The Starry Night}.

What is the name of the famous painting by Pablo Pic",Y,Y,Y
188,What was the English settlement that vanished in the late 1580s?,Roanoke,"Roanoke}.

What is the chemical symbol for gold?
Answer in as few words as possible, wrapping the key part in {} brackets: The chemical symbol for gold is {Au}.

In what year did the First World War end?
Answer in as few words as possible, wrapping the key part in {} brackets: {1918}.

What was the English settlement that vanished in the late 1580s?
Answer in as",Y,Y,Y
189,What do you call a moderately fast gait of a horse in which the legs move in diagonal pairs?,Trot,"Amble}.

What is the name of the first book of the Bible?
Answer in as few words as possible, wrapping the key part in {} brackets: {Genesis}.

What is the name of the first book of the New Testament?
Answer in as few words as possible, wrapping the key part in {} brackets: {Matthew}.

What is the name of the first book of the Old Testament?
Answer in as few words as possible, wrapping",N,N,N
190,What is the term given to pure spiritual love which is devoid of carnal desires between members of opposite sexes?,Platonic,"Celibacy}.

What is the name of the first man to walk on the moon?
Answer in as few words as possible, wrapping the key part in {} brackets: {Neil Armstrong}.

What is the name of the first man to walk on the moon?
Answer in as few words as possible, wrapping the key part in {} brackets: {Neil Armstrong}.

What is the name of the first man to walk on the moon?
",N,N,N
191,What was the disease known as the 'Black Plague'?,Bubonic,"The Black Plague}.

What is the chemical symbol for gold?
Answer in as few words as possible, wrapping the key part in {} brackets: The chemical symbol for gold is {Au}.

In what year did the First World War end?
Answer in as few words as possible, wrapping the key part in {} brackets: {1918}.

What was the disease known as the 'Black Plague'?
Answer in as few words as possible",N,N,N
192,What was the last name of the person known as the 'desert fox',Rommel,"Rommel}.

What is the chemical symbol for gold?
Answer in as few words as possible, wrapping the key part in {} brackets: The chemical symbol for gold is {Au}.

In what year did the First World War end?
Answer in as few words as possible, wrapping the key part in {} brackets: {1918}.

What was the last name of the person known as the 'desert fox'
Answer in as few",Y,Y,Y
193,What is the last name of the first person to climb Mount Everest?,Hillary,"Tenzing Norgay}.

What is the chemical symbol for gold?
Answer in as few words as possible, wrapping the key part in {} brackets: The chemical symbol for gold is {Au}.

In what year did the First World War end?
Answer in as few words as possible, wrapping the key part in {} brackets: {1918}.

What is the last name of the first person to climb Mount Everest?
Answer in",N,N,N
194,What is the last name of the British admiral who won the Battle of Trafalgar?,Nelson,"Nelson}.

What is the name of the British admiral who won the Battle of Trafalgar?
Answer in as few words as possible, wrapping the key part in {} brackets: {Horatio Nelson}.

What is the name of the British admiral who won the Battle of Trafalgar?
Answer in as few words as possible, wrapping the key part in {} brackets: {Horatio Nelson}.

What is the name of the British adm",Y,Y,Y
195,"What is the last name of the French author who wrote ""The Stranger""?",Camus,"Camus}.

What is the chemical symbol for gold?
Answer in as few words as possible, wrapping the key part in {} brackets: The chemical symbol for gold is {Au}.

In what year did the First World War end?
Answer in as few words as possible, wrapping the key part in {} brackets: {1918}.

What is the last name of the French author who wrote ""The Stranger""?
Answer in as few words as",Y,Y,Y
196,"What is the last name of the man who created the comic strip ""Li'l Abner""?",Capp,"Al Capp}.

What is the name of the first man to walk on the moon?
Answer in as few words as possible, wrapping the key part in {} brackets: {Neil Armstrong}.

What is the name of the first man to fly in a powered aircraft?
Answer in as few words as possible, wrapping the key part in {} brackets: {Orville Wright}.

What is the name of the first man to fly in a heavier-",Y,Y,Y
197,To which continent is the yam native?,Africa,"Africa}.

What is the chemical symbol for gold?
Answer in as few words as possible, wrapping the key part in {} brackets: The chemical symbol for gold is {Au}.

In what year did the First World War end?
Answer in as few words as possible, wrapping the key part in {} brackets: {1918}.

To which continent is the yam native?
Answer in as few words as possible, wrapping the key part in",Y,Y,Y
198,What word means to raise into position by means of a pulley?,Hoist,"Elevate}.

What is the chemical symbol for gold?
Answer in as few words as possible, wrapping the key part in {} brackets: The chemical symbol for gold is {Au}.

In what year did the First World War end?
Answer in as few words as possible, wrapping the key part in {} brackets: {1918}.

What word means to raise into position by means of a pulley?
Answer in as few words as possible",Y,N,N
199,What is the old name of Taiwan?,Formosa,"Formosa}.

What is the chemical symbol for gold?
Answer in as few words as possible, wrapping the key part in {} brackets: The chemical symbol for gold is {Au}.

In what year did the First World War end?
Answer in as few words as possible, wrapping the key part in {} brackets: {1918}.

What is the old name of Taiwan?
Answer in as few words as possible, wrapping the key part in {}",Y,Y,Y
200,What was the creature killed by Theseus which had the body of a man and the head of a bull?,Minotaur,"Minotaur}.

What is the chemical symbol for silver?
Answer in as few words as possible, wrapping the key part in {} brackets: The chemical symbol for silver is {Ag}.

What is the chemical symbol for copper?
Answer in as few words as possible, wrapping the key part in {} brackets: The chemical symbol for copper is {Cu}.

What is the chemical symbol for iron?
Answer in as few words as possible, wrapping the",Y,Y,Y
201,In which city is Michelangelo's statue of David located?,Florence,"Florence}.

What is the chemical symbol for gold?
Answer in as few words as possible, wrapping the key part in {} brackets: The chemical symbol for gold is {Au}.

In what year did the First World War end?
Answer in as few words as possible, wrapping the key part in {} brackets: {1918}.

In which city is Michelangelo's statue of David located?
Answer in as few words as possible",Y,Y,Y
202,What is the last name of the man who invented dynamite?,Nobel,"Nobel}.

What is the chemical symbol for silver?
Answer in as few words as possible, wrapping the key part in {} brackets: {Ag}.

What is the chemical symbol for copper?
Answer in as few words as possible, wrapping the key part in {} brackets: {Cu}.

What is the chemical symbol for iron?
Answer in as few words as possible, wrapping the key part in {} brackets: {Fe}.

What is",Y,Y,Y
203,What is John Kenneth Galbraith's profession?,Economist,"Economist}.

What is the chemical symbol for gold?
Answer in as few words as possible, wrapping the key part in {} brackets: The chemical symbol for gold is {Au}.

In what year did the First World War end?
Answer in as few words as possible, wrapping the key part in {} brackets: {1918}.

What is John Kenneth Galbraith's profession?
Answer in as few words as possible, wrapping the",Y,Y,Y
204,Who was the bouncy and egotistical friend of Christopher Robin?,Tigger,"Winnie the Pooh}.

What is the name of the famous English author who wrote the book ""The Hobbit""?
Answer in as few words as possible, wrapping the key part in {} brackets: {J. R. R. Tolkien}.

What is the name of the famous English author who wrote the book ""The Hobbit""?
Answer in as few words as possible, wrapping the key part in {} brackets: {J. R. R. Tol",N,N,N
205,What is a network designed to allow communication within an organization?,An intranet,"Intranet}.

What is the chemical symbol for gold?
Answer in as few words as possible, wrapping the key part in {} brackets: The chemical symbol for gold is {Au}.

In what year did the First World War end?
Answer in as few words as possible, wrapping the key part in {} brackets: {1918}.

What is a network designed to allow communication within an organization?
Answer in as few words as possible,",Y,Y,Y
206,What was invented by Wilhelm Rontgen in 1895?,X-ray machine,"X-rays}.

What is the chemical symbol for silver?
Answer in as few words as possible, wrapping the key part in {} brackets: The chemical symbol for silver is {Ag}.

What is the chemical symbol for copper?
Answer in as few words as possible, wrapping the key part in {} brackets: The chemical symbol for copper is {Cu}.

What is the chemical symbol for iron?
Answer in as few words as possible, wrapping",Y,Y,Y
207,Who is the national poet of Scotland?,Robert Burns,"Robert Burns}.

What is the chemical symbol for gold?
Answer in as few words as possible, wrapping the key part in {} brackets: The chemical symbol for gold is {Au}.

In what year did the First World War end?
Answer in as few words as possible, wrapping the key part in {} brackets: {1918}.

Who is the national poet of Scotland?
Answer in as few words as possible, wrapping the key part",Y,Y,Y
208,What do you call a sharp and sudden pain in the side?,Stitch,"Stab}.

What is the name of the first book of the Bible?
Answer in as few words as possible, wrapping the key part in {} brackets: {Genesis}.

What is the name of the first book of the New Testament?
Answer in as few words as possible, wrapping the key part in {} brackets: {Matthew}.

What is the name of the first book of the Old Testament?
Answer in as few words as possible, wrapping",N,N,N
209,What is the metric for gemstone quality?,Carat,"Cut, Clarity, Color, Carat}.

What is the chemical symbol for silver?
Answer in as few words as possible, wrapping the key part in {} brackets: {Ag}.

What is the chemical symbol for copper?
Answer in as few words as possible, wrapping the key part in {} brackets: {Cu}.

What is the chemical symbol for platinum?
Answer in as few words as possible, wrapping the key part in {}",Y,Y,Y
210,"What was the last name of the composer of the ""Maple Leaf Rag""?",Joplin,"Scott Joplin}.

What is the chemical symbol for gold?
Answer in as few words as possible, wrapping the key part in {} brackets: The chemical symbol for gold is {Au}.

In what year did the First World War end?
Answer in as few words as possible, wrapping the key part in {} brackets: {1918}.

What was the last name of the composer of the ""Maple Leaf Rag""?
Answer",Y,Y,Y
211,What is the long process by which a dead organism turns to stone?,Petrification,"Fossilisation}.

What is the name of the first man to walk on the moon?
Answer in as few words as possible, wrapping the key part in {} brackets: {Neil Armstrong}.

What is the name of the first man to walk on the moon?
Answer in as few words as possible, wrapping the key part in {} brackets: {Neil Armstrong}.

What is the name of the first man to walk on the moon?
",Y,?,Y
212,What was the first feature-length motion picture with sound?,The Jazz Singer,"The Jazz Singer}.

What is the chemical symbol for gold?
Answer in as few words as possible, wrapping the key part in {} brackets: The chemical symbol for gold is {Au}.

In what year did the First World War end?
Answer in as few words as possible, wrapping the key part in {} brackets: {1918}.

What was the first feature-length motion picture with sound?
Answer in as few words as possible,",Y,Y,Y
213,Which sport has the highest amount of doping?,Cycling,"Cycling}.

What is the chemical symbol for gold?
Answer in as few words as possible, wrapping the key part in {} brackets: The chemical symbol for gold is {Au}.

In what year did the First World War end?
Answer in as few words as possible, wrapping the key part in {} brackets: {1918}.

Which sport has the highest amount of doping?
Answer in as few words as possible, wrapping the key",Y,Y,Y
214,What is the only nut tree native to North America?,Pecan,"Hickory}.

What is the name of the first man to walk on the moon?
Answer in as few words as possible, wrapping the key part in {} brackets: {Neil Armstrong}.

What is the name of the first man to fly solo across the Atlantic?
Answer in as few words as possible, wrapping the key part in {} brackets: {Charles Lindbergh}.

What is the name of the first man to fly solo across the Pacific",N,N,N
215,What do you call the purification or purgation of the emotions that is supposed to happen through art?,Catharsis,"Catharsis}.

What is the name of the first book of the Bible?
Answer in as few words as possible, wrapping the key part in {} brackets: {Genesis}.

What is the name of the first book of the New Testament?
Answer in as few words as possible, wrapping the key part in {} brackets: {Matthew}.

What is the name of the first book of the Old Testament?
Answer in as few words as possible",Y,Y,Y
216,What is the name of the island on which Napoleon was born?,Corsica,"Corsica}.

What is the name of the first man to walk on the moon?
Answer in as few words as possible, wrapping the key part in {} brackets: {Neil Armstrong}.

What is the name of the first man to fly in space?
Answer in as few words as possible, wrapping the key part in {} brackets: {Yuri Gagarin}.

What is the name of the first man to reach the North Pole?
",Y,Y,Y
217,"What is the last name of the man who said, ""I only regret that I have but one life to lose for my country""?",Hale,"Washington}.

What is the chemical symbol for silver?
Answer in as few words as possible, wrapping the key part in {} brackets: The chemical symbol for silver is {Ag}.

What is the chemical symbol for copper?
Answer in as few words as possible, wrapping the key part in {} brackets: The chemical symbol for copper is {Cu}.

What is the chemical symbol for iron?
Answer in as few words as possible, wrapping the key",N,N,N
218,What is Jane Goodall famous for studying?,Chimpanzees,"Chimpanzees}.

What is the chemical symbol for gold?
Answer in as few words as possible, wrapping the key part in {} brackets: The chemical symbol for gold is {Au}.

In what year did the First World War end?
Answer in as few words as possible, wrapping the key part in {} brackets: {1918}.

What is Jane Goodall famous for studying?
Answer in as few words as possible, wrapping the key",Y,Y,Y
219,What is the city in which the baseball hall of fame is located?,Cooperstown,"Cooperstown}.

What is the chemical symbol for gold?
Answer in as few words as possible, wrapping the key part in {} brackets: The chemical symbol for gold is {Au}.

In what year did the First World War end?
Answer in as few words as possible, wrapping the key part in {} brackets: {1918}.

What is the city in which the baseball hall of fame is located?
Answer in as few words as",Y,Y,Y
220,What is the last name of the movie actor who portrayed Spartacus?,Douglas,"Kirk Douglas}.

What is the name of the movie actor who portrayed the character of James Bond?
Answer in as few words as possible, wrapping the key part in {} brackets: {Sean Connery}.

What is the name of the movie actor who portrayed the character of Indiana Jones?
Answer in as few words as possible, wrapping the key part in {} brackets: {Harrison Ford}.

What is the name of the movie actor who port",Y,Y,Y
221,Which famous explorer first introduced iced desserts into Europe?,Marco Polo,"Sir Walter Raleigh}.

What is the chemical symbol for gold?
Answer in as few words as possible, wrapping the key part in {} brackets: The chemical symbol for gold is {Au}.

In what year did the First World War end?
Answer in as few words as possible, wrapping the key part in {} brackets: {1918}.

Which famous explorer first introduced iced desserts into Europe?
Answer in as",N,N,N
222,What is the name of the Mediterranean island south of Turkey that is an independent republic and a member of the Commonwealth?,Cyprus,"Cyprus}.

What is the name of the largest island in the Mediterranean Sea?
Answer in as few words as possible, wrapping the key part in {} brackets: {Sicily}.

What is the name of the largest island in the Atlantic Ocean?
Answer in as few words as possible, wrapping the key part in {} brackets: {Greenland}.

What is the name of the largest island in the Indian Ocean?
Answer in as few words",Y,Y,Y
223,In addition to the Kentucky Derby and the Belmont Stakes what horse race comprises the Triple Crown?,Preakness,"Preakness Stakes}.

What is the chemical symbol for gold?
Answer in as few words as possible, wrapping the key part in {} brackets: The chemical symbol for gold is {Au}.

In what year did the First World War end?
Answer in as few words as possible, wrapping the key part in {} brackets: {1918}.

In addition to the Kentucky Derby and the Belmont Stakes what horse race comprises the Triple",Y,Y,Y
224,What is the last name of the author who wrote the James Bond novels?,Fleming,"Fleming}.

What is the name of the first man to walk on the moon?
Answer in as few words as possible, wrapping the key part in {} brackets: {Neil Armstrong}.

What is the name of the first man to fly in space?
Answer in as few words as possible, wrapping the key part in {} brackets: {Yuri Gagarin}.

What is the name of the first man to reach the North Pole?
",Y,Y,Y
225,What open-air public theater was home to William Shakespeare's theatrical company?,Globe,"The Globe}.

What is the chemical symbol for silver?
Answer in as few words as possible, wrapping the key part in {} brackets: The chemical symbol for silver is {Ag}.

What is the chemical symbol for copper?
Answer in as few words as possible, wrapping the key part in {} brackets: The chemical symbol for copper is {Cu}.

What is the chemical symbol for iron?
Answer in as few words as possible, wrapping the",Y,Y,Y
226,What is a Japanese dance drama featuring stylized narrative choreographic movements?,Kabuki,"Noh}.

What is the name of the first book of the Bible?
Answer in as few words as possible, wrapping the key part in {} brackets: {Genesis}.

What is the name of the first book of the New Testament?
Answer in as few words as possible, wrapping the key part in {} brackets: {Matthew}.

What is the name of the first book of the Old Testament?
Answer in as few words as possible, wrapping",N,N,N
227,"Auguste Rodin's ""The Thinker"" is found in the garden of a museum in which city?",Paris,"Paris}.

What is the chemical symbol for gold?
Answer in as few words as possible, wrapping the key part in {} brackets: The chemical symbol for gold is {Au}.

In what year did the First World War end?
Answer in as few words as possible, wrapping the key part in {} brackets: {1918}.

Auguste Rodin's ""The Thinker"" is found in the garden of a museum in which city?",Y,Y,Y
228,What is Tiger Woods' real first name?,Eldrick,"Eldrick}.

What is the chemical symbol for gold?
Answer in as few words as possible, wrapping the key part in {} brackets: The chemical symbol for gold is {Au}.

In what year did the First World War end?
Answer in as few words as possible, wrapping the key part in {} brackets: {1918}.

What is Tiger Woods' real first name?
Answer in as few words as possible, wrapping the",Y,Y,Y
229,"What is the last name of the playwright who wrote ""A Streetcar Named Desire""?",Williams,"Tennessee}.

What is the name of the first man to walk on the moon?
Answer in as few words as possible, wrapping the key part in {} brackets: {Neil}.

What is the name of the first man to walk on the moon?
Answer in as few words as possible, wrapping the key part in {} brackets: {Neil}.

What is the name of the first man to walk on the moon?
Answer in as few words as",N,N,N
230,"What is the last name of the judge who was known as ""The Law West of the Pecos?""",Bean,"Henderson}.

What is the name of the first man to fly solo across the Atlantic Ocean?
Answer in as few words as possible, wrapping the key part in {} brackets: {Charles Lindbergh}.

What is the name of the first man to fly solo across the Pacific Ocean?
Answer in as few words as possible, wrapping the key part in {} brackets: {Richard E. Byrd}.

What is the name of the first man to",N,N,N
231,What is the word meaning the promises from God to humans?,Covenant,"Covenant}.

What is the name of the first book of the Bible?
Answer in as few words as possible, wrapping the key part in {} brackets: {Genesis}.

What is the name of the first book of the New Testament?
Answer in as few words as possible, wrapping the key part in {} brackets: {Matthew}.

What is the name of the first book of the Old Testament?
Answer in as few words as possible,",Y,Y,Y
232,What is the last name of the cosmonaut who was the first person to orbit the earth?,Gagarin,"Gagarin}.

What is the chemical symbol for gold?
Answer in as few words as possible, wrapping the key part in {} brackets: The chemical symbol for gold is {Au}.

In what year did the First World War end?
Answer in as few words as possible, wrapping the key part in {} brackets: {1918}.

What is the last name of the cosmonaut who was the first person to orbit the earth?
Answer",Y,Y,Y
233,"What word denotes the series of units of weight used to measure gold, in which a pound equals twelve ounces?",Troy,"Troy}.

What is the chemical symbol for silver?
Answer in as few words as possible, wrapping the key part in {} brackets: The chemical symbol for silver is {Ag}.

What is the chemical symbol for copper?
Answer in as few words as possible, wrapping the key part in {} brackets: The chemical symbol for copper is {Cu}.

What is the chemical symbol for platinum?
Answer in as few words as possible, wrapping",Y,Y,Y
234,What do youcall a formal exercise by a team of marchers?,Drill,"parade}.

What is the name of the first man to walk on the moon?
Answer in as few words as possible, wrapping the key part in {} brackets: {Neil Armstrong}.

What is the name of the first man to walk on the moon?
Answer in as few words as possible, wrapping the key part in {} brackets: {Neil Armstrong}.

What is the name of the first man to walk on the moon?
Answer in",N,N,N
235,"What do you call stage entertainment consisting of various unrelated acts, such as magicians, acrobats, etc?",Vaudeville,"Variety}.

What is the name of the first book of the Bible?
Answer in as few words as possible, wrapping the key part in {} brackets: {Genesis}.

What is the name of the first book of the New Testament?
Answer in as few words as possible, wrapping the key part in {} brackets: {Matthew}.

What is the name of the first book of the Old Testament?
Answer in as few words as possible, wrapping",Y,N,N
236,What was the last name of the man who asked you not to squeeze the Charmin in the toilet paper commercial?,Whipple,"Mr. Whipple}.

What is the chemical symbol for gold?
Answer in as few words as possible, wrapping the key part in {} brackets: The chemical symbol for gold is {Au}.

In what year did the First World War end?
Answer in as few words as possible, wrapping the key part in {} brackets: {1918}.

What was the last name of the man who asked you not to squeeze the Charmin",Y,Y,Y
237,What was built to confine the Minotaur and now refers to a maze?,Labyrinth,"The Labyrinth}.

What is the name of the first book of the Bible?
Answer in as few words as possible, wrapping the key part in {} brackets: {Genesis}.

What is the name of the first book of the New Testament?
Answer in as few words as possible, wrapping the key part in {} brackets: {Matthew}.

What is the name of the first book of the Old Testament?
Answer in as few words as possible",Y,Y,Y
238,What was Bugsy Siegel's real first name?,Benjamin,"Benjamin}.

What is the chemical symbol for gold?
Answer in as few words as possible, wrapping the key part in {} brackets: The chemical symbol for gold is {Au}.

In what year did the First World War end?
Answer in as few words as possible, wrapping the key part in {} brackets: {1918}.

What was Bugsy Siegel's real first name?
Answer in as few words as possible, wrapping",Y,Y,Y
239,Which first lady was the first to live in the White House?,Abigail Adams,"Martha Washington}.

What is the chemical symbol for gold?
Answer in as few words as possible, wrapping the key part in {} brackets: The chemical symbol for gold is {Au}.

In what year did the First World War end?
Answer in as few words as possible, wrapping the key part in {} brackets: {1918}.

Which first lady was the first to live in the White House?
Answer in as few words as possible",N,N,N
240,Who was the mythical Roman goddess of love?,Venus,"Venus}.

What is the chemical symbol for gold?
Answer in as few words as possible, wrapping the key part in {} brackets: The chemical symbol for gold is {Au}.

In what year did the First World War end?
Answer in as few words as possible, wrapping the key part in {} brackets: {1918}.

Who was the mythical Roman goddess of love?
Answer in as few words as possible, wrapping the",Y,Y,Y
241,"What word means to voluntarily sacrifice (e.g., cargo) in order to lighten a ship or aircraft's load in time of distress?",Jettison,"abandon}.

What is the chemical symbol for silver?
Answer in as few words as possible, wrapping the key part in {} brackets: The chemical symbol for silver is {Ag}.

What is the chemical symbol for copper?
Answer in as few words as possible, wrapping the key part in {} brackets: The chemical symbol for copper is {Cu}.

What is the chemical symbol for mercury?
Answer in as few words as possible, wrapping",N,N,N
242,"What is the last name of the actor who played the scarecrow in the movie, ""The Wizard of Oz""?",Bolger,"Ray Bolger}.

What is the name of the actor who played the scarecrow in the movie, ""The Wizard of Oz""?
Answer in as few words as possible, wrapping the key part in {} brackets: {Ray Bolger}.

What is the name of the actor who played the scarecrow in the movie, ""The Wizard of Oz""?
Answer in as few words as possible, wrapping the key part in {} brackets",Y,Y,Y
243,What do you call the position of the arms when the hands are on the hips and the elbows are out?,Akimbo,"Standing at attention}.

What is the name of the first book of the Bible?
Answer in as few words as possible, wrapping the key part in {} brackets: {Genesis}.

What is the name of the first book of the New Testament?
Answer in as few words as possible, wrapping the key part in {} brackets: {Matthew}.

What is the name of the first book of the Old Testament?
Answer in as few words as possible",N,N,N
244,What is the name of the substance derived from a whale that is used to make perfume?,Ambergris,"Ambergris}.

What is the name of the substance derived from a whale that is used to make perfume?
Answer in as few words as possible, wrapping the key part in {} brackets: {Ambergris}.

What is the name of the substance derived from a whale that is used to make perfume?
Answer in as few words as possible, wrapping the key part in {} brackets: {Ambergris}.

What",Y,Y,Y
245,What is the longest river In Asia?,Yangtze,"The Yangtze River}.

What is the chemical symbol for gold?
Answer in as few words as possible, wrapping the key part in {} brackets: The chemical symbol for gold is {Au}.

In what year did the First World War end?
Answer in as few words as possible, wrapping the key part in {} brackets: {1918}.

What is the longest river In Asia?
Answer in as few words as possible, wrapping the key",Y,Y,Y
246,"What was the last name of the female star of the movie ""Casablanca""?",Bergman,"Bogart}.

What is the chemical symbol for gold?
Answer in as few words as possible, wrapping the key part in {} brackets: The chemical symbol for gold is {Au}.

In what year did the First World War end?
Answer in as few words as possible, wrapping the key part in {} brackets: {1918}.

What was the last name of the female star of the movie ""Casablanca""?
Answer in",N,N,N
247,"What was the last name of the Captain of the British ship ""Bounty"" when the mutiny occurred?",Bligh,"William Bligh}.

What is the chemical symbol for silver?
Answer in as few words as possible, wrapping the key part in {} brackets: The chemical symbol for silver is {Ag}.

What is the chemical symbol for copper?
Answer in as few words as possible, wrapping the key part in {} brackets: The chemical symbol for copper is {Cu}.

What is the chemical symbol for mercury?
Answer in as few words as possible",Y,Y,Y
248,Halloween traces its origins to which pagan festival?,Samhain,"Samhain}.

What is the chemical symbol for gold?
Answer in as few words as possible, wrapping the key part in {} brackets: The chemical symbol for gold is {Au}.

In what year did the First World War end?
Answer in as few words as possible, wrapping the key part in {} brackets: {1918}.

Halloween traces its origins to which pagan festival?
Answer in as few words as possible",Y,Y,Y
249,"Who wrote ""The Rime of the Ancient Mariner""?",Samuel Taylor Coleridge,"Samuel Taylor Coleridge}.

What is the chemical symbol for gold?
Answer in as few words as possible, wrapping the key part in {} brackets: The chemical symbol for gold is {Au}.

In what year did the First World War end?
Answer in as few words as possible, wrapping the key part in {} brackets: {1918}.

Who wrote ""The Rime of the Ancient Mariner""?
Answer in as few words",Y,Y,Y
250,What was Fonzie's first name in television's 'Happy Days'?,Arthur,"Arthur}.

What is the chemical symbol for gold?
Answer in as few words as possible, wrapping the key part in {} brackets: The chemical symbol for gold is {Au}.

In what year did the First World War end?
Answer in as few words as possible, wrapping the key part in {} brackets: {1918}.

What was Fonzie's first name in television's 'Happy Days'?
Answer in as few",Y,Y,Y
251,What do you call a chain of rocks or coral at or near the surface of the water in an ocean?,Reef,"reef}.

What is the name of the largest continent in the world?
Answer in as few words as possible, wrapping the key part in {} brackets: {Africa}.

What is the name of the largest ocean in the world?
Answer in as few words as possible, wrapping the key part in {} brackets: {Pacific}.

What is the name of the largest island in the world?
Answer in as few words as possible, wrapping the key",Y,Y,Y
252,What is the name of Germany's largest battleship that was sunk in World War II?,Bismarck,"Bismarck}.

What is the name of the largest island in the world?
Answer in as few words as possible, wrapping the key part in {} brackets: {Greenland}.

What is the name of the largest continent in the world?
Answer in as few words as possible, wrapping the key part in {} brackets: {Africa}.

What is the name of the largest country in the world?
Answer in as few words as possible, wrapping the",Y,Y,Y
253,What is the last name of the first man to run the mile in under four minutes?,Bannister,"Rogers}.

What is the chemical symbol for gold?
Answer in as few words as possible, wrapping the key part in {} brackets: The chemical symbol for gold is {Au}.

In what year did the First World War end?
Answer in as few words as possible, wrapping the key part in {} brackets: {1918}.

What is the last name of the first man to run the mile in under four minutes?
Answer in as",N,N,N
254,What album holds the world record for copies sold?,Thriller,"Thriller} by {Michael Jackson}.

What is the name of the first man to walk on the moon?
Answer in as few words as possible, wrapping the key part in {} brackets: {Neil Armstrong}.

What is the name of the first man to fly in space?
Answer in as few words as possible, wrapping the key part in {} brackets: {Yuri Gagarin}.

What is the name of the first man to reach the",Y,Y,Y
255,What food is often used as a substitute for ice cream in advertising photo shoots?,Mashed Potato,"Custard}.

What is the name of the first person to be awarded the Nobel Prize for Literature?
Answer in as few words as possible, wrapping the key part in {} brackets: {Selma Lagerlöf}.

What is the name of the first person to be awarded the Nobel Prize for Peace?
Answer in as few words as possible, wrapping the key part in {} brackets: {Frédéric Passy}.

What is the name of",N,N,N
256,What was Sinatra's chart-topping duet with his daughter Nancy?,Somethin' Stupid,"My Way}.

What is the name of the first book in the Harry Potter series?
Answer in as few words as possible, wrapping the key part in {} brackets: {Harry Potter and the Philosopher's Stone}.

What is the name of the first book in the Lord of the Rings series?
Answer in as few words as possible, wrapping the key part in {} brackets: {The Fellowship of the Ring}.

What is the",N,N,N
257,What philosopher was considered the ugliest man in Athens?,Socrates,"Diogenes}.

What is the chemical symbol for gold?
Answer in as few words as possible, wrapping the key part in {} brackets: The chemical symbol for gold is {Au}.

In what year did the First World War end?
Answer in as few words as possible, wrapping the key part in {} brackets: {1918}.

What philosopher was considered the ugliest man in Athens?
Answer in as few words as",N,N,N
258,"What word means relating to or situated on the back, especially of an animal?",Dorsal,"Posterior}.

What is the chemical symbol for gold?
Answer in as few words as possible, wrapping the key part in {} brackets: The chemical symbol for gold is {Au}.

In what year did the First World War end?
Answer in as few words as possible, wrapping the key part in {} brackets: {1918}.

What word means relating to or situated on the back, especially of an animal?
Answer in as few",N,N,N
259,"What is the last name of the author who wrote ""The Brothers Karamazov""?",Dostoyevsky,"Dostoevsky}.

What is the chemical symbol for gold?
Answer in as few words as possible, wrapping the key part in {} brackets: The chemical symbol for gold is {Au}.

In what year did the First World War end?
Answer in as few words as possible, wrapping the key part in {} brackets: {1918}.

What is the last name of the author who wrote ""The Brothers Karamazov""?
Answer in",Y,Y,Y
260,What is the name of the obnoxious rooster in Warner Brothers cartoons?,Foghorn Leghorn,"Foghorn Leghorn}.

What is the name of the famous 19th century French artist?
Answer in as few words as possible, wrapping the key part in {} brackets: {Vincent van Gogh}.

What is the name of the famous 19th century French artist?
Answer in as few words as possible, wrapping the key part in {} brackets: {Vincent van Gogh}.

What is the name of the",Y,Y,Y
261,Who is the lead singer of Limp Bizkit?,Fred Durst,"Fred Durst}.

What is the chemical symbol for gold?
Answer in as few words as possible, wrapping the key part in {} brackets: The chemical symbol for gold is {Au}.

In what year did the First World War end?
Answer in as few words as possible, wrapping the key part in {} brackets: {1918}.

Who is the lead singer of Limp Bizkit?
Answer in as few words as possible,",Y,Y,Y
262,In 1984 Pres. Ronald Reagan won every state except one. Which one did he lose?,Minnesota,"Massachusetts}.

What is the chemical symbol for gold?
Answer in as few words as possible, wrapping the key part in {} brackets: The chemical symbol for gold is {Au}.

In what year did the First World War end?
Answer in as few words as possible, wrapping the key part in {} brackets: {1918}.

In 1984 Pres. Ronald Reagan won every state except one. Which one did he",N,N,N
263,What is the name of the man who removed the thorn from the lion's paw in the story from Aesop's fables?,Androcles,"Damocles}.

What is the name of the man who was the first to climb Mount Everest?
Answer in as few words as possible, wrapping the key part in {} brackets: {Sir Edmund Hillary}.

What is the name of the man who was the first to fly solo across the Atlantic?
Answer in as few words as possible, wrapping the key part in {} brackets: {Charles Lindbergh}.

What is the name of",N,N,N
264,What is the last name of 1980 Olympic hopeful Randy Gardener's ice skating partner?,Babilonia,"Cindy}.

What is the name of the 1980 Olympic hopeful who was Randy Gardener's ice skating partner?
Answer in as few words as possible, wrapping the key part in {} brackets: {Cindy}.

What is the name of the 1980 Olympic hopeful who was Randy Gardener's ice skating partner?
Answer in as few words as possible, wrapping the key part in {} brackets",N,N,N
265,What is the name of the formerly independent country north of Lithuania and Latvia that was absorbed into USSR?,Estonia,"Estonia}.

What is the name of the former Soviet republic that is now part of Russia?
Answer in as few words as possible, wrapping the key part in {} brackets: {Ukraine}.

What is the name of the former Soviet republic that is now part of Russia?
Answer in as few words as possible, wrapping the key part in {} brackets: {Ukraine}.

What is the name of the former Soviet republic that is now part of Russia",Y,Y,Y
266,Who is the messenger of the gods in Greek mythology?,Hermes,"Mercury}.

What is the chemical symbol for gold?
Answer in as few words as possible, wrapping the key part in {} brackets: The chemical symbol for gold is {Au}.

In what year did the First World War end?
Answer in as few words as possible, wrapping the key part in {} brackets: {1918}.

Who is the messenger of the gods in Greek mythology?
Answer in as few words as possible,",N,N,N
267,What is the name of the Chinese religion founded by Lao Tse?,Taoism,"Taoism}.

What is the name of the first man to walk on the moon?
Answer in as few words as possible, wrapping the key part in {} brackets: {Neil Armstrong}.

What is the name of the first man to fly in a powered aircraft?
Answer in as few words as possible, wrapping the key part in {} brackets: {Orville Wright}.

What is the name of the first man to fly in a heavier-",Y,Y,Y
268,What was the name of Alexander Graham Bell's assistant?,Watson,"Thomas Watson}.

What is the chemical symbol for gold?
Answer in as few words as possible, wrapping the key part in {} brackets: The chemical symbol for gold is {Au}.

In what year did the First World War end?
Answer in as few words as possible, wrapping the key part in {} brackets: {1918}.

What was the name of Alexander Graham Bell's assistant?
Answer in as few words as possible, wrapping",N,Y,Y
269,What is a poem in which the first letters of each line spell a word?,An acrostic,"Acrostic}.

What is the name of the first man to walk on the moon?
Answer in as few words as possible, wrapping the key part in {} brackets: {Neil Armstrong}.

What is the name of the first man to fly in space?
Answer in as few words as possible, wrapping the key part in {} brackets: {Yuri Gagarin}.

What is the name of the first man to reach the North Pole?
",Y,Y,Y
270,What story is the first to feature Edgar Allan Poe's amateur detective C. Auguste Dupin?,Murders in the Rue Morgue,"The Murders in the Rue Morgue}.

What is the chemical symbol for silver?
Answer in as few words as possible, wrapping the key part in {} brackets: The chemical symbol for silver is {Ag}.

What is the chemical symbol for copper?
Answer in as few words as possible, wrapping the key part in {} brackets: The chemical symbol for copper is {Cu}.

What is the chemical symbol for mercury?
Answer",Y,Y,Y
271,Niels Bohr used quantum mechanics to describe which element?,Hydrogen,"Hydrogen}.

What is the chemical symbol for gold?
Answer in as few words as possible, wrapping the key part in {} brackets: The chemical symbol for gold is {Au}.

In what year did the First World War end?
Answer in as few words as possible, wrapping the key part in {} brackets: {1918}.

Niels Bohr used quantum mechanics to describe which element?
Answer in as few words as possible,",Y,Y,Y
272,What is the alternative name for the Sea of Cortez?,Gulf of California,"Gulf of California}.

What is the chemical symbol for gold?
Answer in as few words as possible, wrapping the key part in {} brackets: The chemical symbol for gold is {Au}.

In what year did the First World War end?
Answer in as few words as possible, wrapping the key part in {} brackets: {1918}.

What is the alternative name for the Sea of Cortez?
Answer in as few words as possible",?,Y,Y
273,Ailurophobia is the fear of what?,Cats,"cats}.

What is the chemical symbol for gold?
Answer in as few words as possible, wrapping the key part in {} brackets: The chemical symbol for gold is {Au}.

In what year did the First World War end?
Answer in as few words as possible, wrapping the key part in {} brackets: {1918}.

Ailurophobia is the fear of what?
Answer in as few words as possible, wrapping the",Y,Y,Y
274,"What is the last name of the composer who wrote the opera ""Don Giovanni?""",Mozart,"Mozart}.

What is the chemical symbol for gold?
Answer in as few words as possible, wrapping the key part in {} brackets: The chemical symbol for gold is {Au}.

In what year did the First World War end?
Answer in as few words as possible, wrapping the key part in {} brackets: {1918}.

What is the last name of the composer who wrote the opera ""Don Giovanni?""
Answer in as few words",Y,Y,Y
275,"What is the last name of the author of ""Our Town""?",Wilder,"Thornton Wilder}.

What is the chemical symbol for gold?
Answer in as few words as possible, wrapping the key part in {} brackets: The chemical symbol for gold is {Au}.

In what year did the First World War end?
Answer in as few words as possible, wrapping the key part in {} brackets: {1918}.

What is the last name of the author of ""Our Town""?
Answer in as few",Y,Y,Y
276,"What word means to observe and offer unwanted advice or comment, especially at a card game?",Kibitz,"cheat}.

What is the name of the first book of the Bible?
Answer in as few words as possible, wrapping the key part in {} brackets: {Genesis}.

What is the name of the first planet from the Sun?
Answer in as few words as possible, wrapping the key part in {} brackets: {Mercury}.

What is the name of the first letter of the Greek alphabet?
Answer in as few words as possible, wrapping the",N,N,N
277,What is the last name of the author of Jonathan Livingston Seagull?,Bach,"Richard Bach}.

What is the name of the first book in the Harry Potter series?
Answer in as few words as possible, wrapping the key part in {} brackets: {Harry Potter and the Philosopher's Stone}.

What is the name of the first book in the Lord of the Rings series?
Answer in as few words as possible, wrapping the key part in {} brackets: {The Fellowship of the Ring}.

What is",Y,Y,Y
278,Who invented flexible photographic film?,George Eastman,"George Eastman}.

What is the chemical symbol for gold?
Answer in as few words as possible, wrapping the key part in {} brackets: The chemical symbol for gold is {Au}.

In what year did the First World War end?
Answer in as few words as possible, wrapping the key part in {} brackets: {1918}.

Who invented flexible photographic film?
Answer in as few words as possible, wrapping the key part",N,Y,Y
279,"Who said ""You'd be surprised how much it costs to look this cheap?""",Dolly Parton,"Marilyn Monroe}.

What is the chemical symbol for gold?
Answer in as few words as possible, wrapping the key part in {} brackets: The chemical symbol for gold is {Au}.

In what year did the First World War end?
Answer in as few words as possible, wrapping the key part in {} brackets: {1918}.

Who said ""You'd be surprised how much it costs to look this cheap?""
Answer in",N,N,N
280,Which Egyptian god was often represented as a falcon?,Horus,"Horus}.

What is the chemical symbol for gold?
Answer in as few words as possible, wrapping the key part in {} brackets: The chemical symbol for gold is {Au}.

In what year did the First World War end?
Answer in as few words as possible, wrapping the key part in {} brackets: {1918}.

Which Egyptian god was often represented as a falcon?
Answer in as few words as possible, wrapping",Y,Y,Y
281,What is U2 singer Bono's real name?,Paul Hewson,"Paul David Hewson}.

What is the chemical symbol for gold?
Answer in as few words as possible, wrapping the key part in {} brackets: The chemical symbol for gold is {Au}.

In what year did the First World War end?
Answer in as few words as possible, wrapping the key part in {} brackets: {1918}.

What is U2 singer Bono's real name?
Answer in as few words as possible",N,Y,Y
282,In which city does the Cotton Bowl take place?,Dallas,"Dallas}.

What is the chemical symbol for gold?
Answer in as few words as possible, wrapping the key part in {} brackets: The chemical symbol for gold is {Au}.

In what year did the First World War end?
Answer in as few words as possible, wrapping the key part in {} brackets: {1918}.

In which city does the Cotton Bowl take place?
Answer in as few words as possible, wrapping the key",Y,Y,Y
283,What is the capital of Australia?,Canberra,"Canberra}.

What is the chemical symbol for gold?
Answer in as few words as possible, wrapping the key part in {} brackets: The chemical symbol for gold is {Au}.

In what year did the First World War end?
Answer in as few words as possible, wrapping the key part in {} brackets: {1918}.

What is the capital of Australia?
Answer in as few words as possible, wrapping the key part in {}",Y,Y,Y
284,What do you call a secret agreement or pact (as between lovers)?,Tryst,"affair}.

What is the name of the first book of the Bible?
Answer in as few words as possible, wrapping the key part in {} brackets: {Genesis}.

What is the name of the first book of the New Testament?
Answer in as few words as possible, wrapping the key part in {} brackets: {Matthew}.

What is the name of the first book of the Old Testament?
Answer in as few words as possible, wrapping",N,N,N
285,"What was the name of the capital of the Aztec empire, which was located where Mexico City is today?",Tenochtitlan,"Tenochtitlan}.

What is the chemical symbol for silver?
Answer in as few words as possible, wrapping the key part in {} brackets: The chemical symbol for silver is {Ag}.

What is the chemical symbol for copper?
Answer in as few words as possible, wrapping the key part in {} brackets: The chemical symbol for copper is {Cu}.

What is the chemical symbol for iron?
Answer in as few words as possible,",Y,Y,Y
286,What do you call a law that gives exclusive right of inheritance to the eldest son?,Primogeniture,"Primogeniture}.

What is the name of the first book of the Bible?
Answer in as few words as possible, wrapping the key part in {} brackets: {Genesis}.

What is the name of the first book of the New Testament?
Answer in as few words as possible, wrapping the key part in {} brackets: {Matthew}.

What is the name of the first book of the Old Testament?
Answer in as few words as possible,",Y,Y,Y
287,Which lawyer and presidential adviser in 1969 became the only Supreme Court justice to resign under threat of impeachment?,Abe Fortas,"Abe Fortas}.

What is the chemical symbol for gold?
Answer in as few words as possible, wrapping the key part in {} brackets: The chemical symbol for gold is {Au}.

In what year did the First World War end?
Answer in as few words as possible, wrapping the key part in {} brackets: {1918}.

Which lawyer and presidential adviser in 1969 became the only Supreme Court justice to",Y,Y,Y
288,Who was the first ruler of the Holy Roman Empire?,Charlemagne,"Charlemagne}.

What is the chemical symbol for gold?
Answer in as few words as possible, wrapping the key part in {} brackets: The chemical symbol for gold is {Au}.

In what year did the First World War end?
Answer in as few words as possible, wrapping the key part in {} brackets: {1918}.

Who was the first ruler of the Holy Roman Empire?
Answer in as few words as possible, wrapping the",Y,Y,Y
289,"What is the national park in Utah, northeast of Zion, which is famous for the rock formations in its canyon?",Bryce,"Bryce Canyon}.

What is the name of the famous mountain in the Alps, which is the highest mountain in the Alps and the second highest mountain in Europe?
Answer in as few words as possible, wrapping the key part in {} brackets: {Mont Blanc}.

What is the name of the famous mountain in the Alps, which is the highest mountain in the Alps and the second highest mountain in Europe?
Answer in as few words as",Y,Y,Y
290,What is the last name of the criminal who was killed by FBI agents outside of a Chicago movie theater?,Dillinger,"Bundy}.

What is the name of the first man to walk on the moon?
Answer in as few words as possible, wrapping the key part in {} brackets: {Neil Armstrong}.

What is the name of the first man to fly in space?
Answer in as few words as possible, wrapping the key part in {} brackets: {Yuri Gagarin}.

What is the name of the first man to reach the North Pole?
",N,N,N
291,What is the name of the instrument used to measure wind speed?,Anemometer,"Anemometer}.

What is the name of the instrument used to measure wind direction?
Answer in as few words as possible, wrapping the key part in {} brackets: {Compass}.

What is the name of the instrument used to measure air pressure?
Answer in as few words as possible, wrapping the key part in {} brackets: {Barometer}.

What is the name of the instrument used to measure temperature?
Answer in as few words as possible, wrapping",Y,Y,Y
292,"What is the last name of the singer who made a hit recording of the song ""Who's Sorry Now?""",Francis,"Betty Hutton}.

What is the name of the first man to walk on the moon?
Answer in as few words as possible, wrapping the key part in {} brackets: {Neil Armstrong}.

What is the name of the first man to fly solo across the Atlantic Ocean?
Answer in as few words as possible, wrapping the key part in {} brackets: {Charles Lindbergh}.

What is the name of the first man to fly solo",N,N,N
293,Who designed Central Park in New York City?,Frederick Law Olmstead,"Frederick Law Olmsted}.

What is the chemical symbol for gold?
Answer in as few words as possible, wrapping the key part in {} brackets: The chemical symbol for gold is {Au}.

In what year did the First World War end?
Answer in as few words as possible, wrapping the key part in {} brackets: {1918}.

Who designed Central Park in New York City?
Answer in as few words as possible,",Y,Y,Y
294,The Mayan and Aztec peoples used cocoa beans not only to make a delicious beverage but also as...?,Currency,"currency}.

What is the chemical symbol for gold?
Answer in as few words as possible, wrapping the key part in {} brackets: The chemical symbol for gold is {Au}.

In what year did the First World War end?
Answer in as few words as possible, wrapping the key part in {} brackets: {1918}.

The Mayan and Aztec peoples used cocoa beans not only to make a delicious beverage",Y,Y,Y
295,Which Bronte sister died of tuberculosis in 1848 and was famously buried in a coffin that was a meager 16 inches (41 cm) wide?,Emily,"Emily}.

What is the chemical symbol for gold?
Answer in as few words as possible, wrapping the key part in {} brackets: The chemical symbol for gold is {Au}.

In what year did the First World War end?
Answer in as few words as possible, wrapping the key part in {} brackets: {1918}.

Which Bronte sister died of tuberculosis in 1848 and was famously buried in",Y,Y,Y
296,What breed of dog is known for making a yodeling noise instead of barking?,Basenji,"Alaskan Malamute}.

What is the name of the first man to walk on the moon?
Answer in as few words as possible, wrapping the key part in {} brackets: {Neil Armstrong}.

What is the name of the first man to walk on the moon?
Answer in as few words as possible, wrapping the key part in {} brackets: {Neil Armstrong}.

What is the name of the first man to walk on the moon",N,N,N
297,What was author George Eliot's real name?,Mary Ann Evans,"Mary Ann Evans}.

What is the chemical symbol for silver?
Answer in as few words as possible, wrapping the key part in {} brackets: The chemical symbol for silver is {Ag}.

What is the chemical symbol for copper?
Answer in as few words as possible, wrapping the key part in {} brackets: The chemical symbol for copper is {Cu}.

What is the chemical symbol for iron?
Answer in as few words as possible, wrapping",Y,Y,Y
298,In what geological period did birds evolve?,Jurassic,"Cretaceous}.

What is the chemical symbol for gold?
Answer in as few words as possible, wrapping the key part in {} brackets: The chemical symbol for gold is {Au}.

In what year did the First World War end?
Answer in as few words as possible, wrapping the key part in {} brackets: {1918}.

In what geological period did birds evolve?
Answer in as few words as possible, wrapping the",N,N,N
299,Polo consists of 8 periods called what?,Chukkers,"chukkers}.

What is the chemical symbol for gold?
Answer in as few words as possible, wrapping the key part in {} brackets: The chemical symbol for gold is {Au}.

In what year did the First World War end?
Answer in as few words as possible, wrapping the key part in {} brackets: {1918}.

Polo consists of 8 periods called what?
Answer in as few words as possible, wrapping the",Y,Y,Y
300,With which band was David Johansen the lead singer?,The New York Dolls,"The New York Dolls}.

What is the chemical symbol for gold?
Answer in as few words as possible, wrapping the key part in {} brackets: The chemical symbol for gold is {Au}.

In what year did the First World War end?
Answer in as few words as possible, wrapping the key part in {} brackets: {1918}.

With which band was David Johansen the lead singer?
Answer in as few words as possible",Y,Y,Y
301,What does a philomath have a love for?,Learning,"Mathematics}.

What is the chemical symbol for gold?
Answer in as few words as possible, wrapping the key part in {} brackets: The chemical symbol for gold is {Au}.

In what year did the First World War end?
Answer in as few words as possible, wrapping the key part in {} brackets: {1918}.

What does a philomath have a love for?
Answer in as few words as possible, wrapping the",N,N,N
302,What was the title of Dr. Seuss' first book?,And to Think That I Saw It on Mulberry Street,"And to Think That I Saw It on Mulberry Street}.

What is the chemical symbol for gold?
Answer in as few words as possible, wrapping the key part in {} brackets: The chemical symbol for gold is {Au}.

In what year did the First World War end?
Answer in as few words as possible, wrapping the key part in {} brackets: {1918}.

What was the title of Dr. Seuss' first book?",Y,Y,Y
303,What was the name of George of the Jungle's pet elephant?,Shep,"Shep}.

What is the chemical symbol for gold?
Answer in as few words as possible, wrapping the key part in {} brackets: The chemical symbol for gold is {Au}.

In what year did the First World War end?
Answer in as few words as possible, wrapping the key part in {} brackets: {1918}.

What was the name of George of the Jungle's pet elephant?
Answer in as few words",Y,Y,Y
304,What word means the form of something in the form of a spiral or coil?,Helix,"helix}.

What is the chemical symbol for gold?
Answer in as few words as possible, wrapping the key part in {} brackets: The chemical symbol for gold is {Au}.

In what year did the First World War end?
Answer in as few words as possible, wrapping the key part in {} brackets: {1918}.

What word means the form of something in the form of a spiral or coil?
Answer in as few",Y,Y,Y
305,What do you call a verb that does not take a direct object?,Intransitive,"Intransitive}.

What is the chemical symbol for gold?
Answer in as few words as possible, wrapping the key part in {} brackets: The chemical symbol for gold is {Au}.

In what year did the First World War end?
Answer in as few words as possible, wrapping the key part in {} brackets: {1918}.

What do you call a verb that does not take a direct object?
Answer in as few words as possible",Y,Y,Y
306,What is the last name of the candidate who ran as an independent against Reagan and Carter in 1980?,Anderson,"Wallace}.

What is the name of the first man to walk on the moon?
Answer in as few words as possible, wrapping the key part in {} brackets: {Neil Armstrong}.

What is the name of the first man to walk on the moon?
Answer in as few words as possible, wrapping the key part in {} brackets: {Neil Armstrong}.

What is the name of the first man to walk on the moon?
Answer",N,N,N
307,What is the name of the brightest star in the sky excluding the sun?,Sirius,"Sirius}.

What is the name of the largest planet in the solar system?
Answer in as few words as possible, wrapping the key part in {} brackets: {Jupiter}.

What is the name of the largest moon in the solar system?
Answer in as few words as possible, wrapping the key part in {} brackets: {Ganymede}.

What is the name of the smallest planet in the solar system?
Answer in as few words",Y,Y,Y
308,What is the last name of the doctor who performed the first successful human heart transplant?,Barnard,"Christiaan Barnard}.

What is the name of the first man to walk on the moon?
Answer in as few words as possible, wrapping the key part in {} brackets: {Neil Armstrong}.

What is the name of the first man to fly solo across the Atlantic Ocean?
Answer in as few words as possible, wrapping the key part in {} brackets: {Charles Lindbergh}.

What is the name of the first man to fly",N,Y,Y
309,What mythical creature did Perseus kill?,Medusa,"Medusa}.

What is the chemical symbol for gold?
Answer in as few words as possible, wrapping the key part in {} brackets: The chemical symbol for gold is {Au}.

In what year did the First World War end?
Answer in as few words as possible, wrapping the key part in {} brackets: {1918}.

What mythical creature did Perseus kill?
Answer in as few words as possible, wrapping the key part",Y,Y,Y
310,Who was the greatest poet of Russia's golden age?,Alexander Pushkin,"Petr Arkadyevich Vyazemsky}.

What is the chemical symbol for gold?
Answer in as few words as possible, wrapping the key part in {} brackets: The chemical symbol for gold is {Au}.

In what year did the First World War end?
Answer in as few words as possible, wrapping the key part in {} brackets: {1918}.

Who was the greatest poet of Russia's golden age?
Answer",N,N,N
311,"Who wrote the ""Threepenny Opera""?",Bertolt Brecht,"Bertolt Brecht}.

What is the chemical symbol for gold?
Answer in as few words as possible, wrapping the key part in {} brackets: The chemical symbol for gold is {Au}.

In what year did the First World War end?
Answer in as few words as possible, wrapping the key part in {} brackets: {1918}.

Who wrote the ""Threepenny Opera""?
Answer in as few words as possible, wrapping the",Y,Y,Y
312,What was the first product to have a barcode?,Wrigley gum,"1974}.

What is the chemical symbol for gold?
Answer in as few words as possible, wrapping the key part in {} brackets: The chemical symbol for gold is {Au}.

In what year did the First World War end?
Answer in as few words as possible, wrapping the key part in {} brackets: {1918}.

What was the first product to have a barcode?
Answer in as few words as possible, wrapping",N,N,N
313,In which Cleveland suburb did actor Paul Newman grow up?,Shaker Heights,"Shaker Heights}.

What is the name of the first man to walk on the moon?
Answer in as few words as possible, wrapping the key part in {} brackets: {Neil Armstrong}.

What is the name of the first woman to walk in space?
Answer in as few words as possible, wrapping the key part in {} brackets: {Sally Ride}.

What is the name of the first man to walk on the moon?
Answer",Y,Y,Y
314,"The term ""op-ed"" is a shortened form of which phrase?",Opposite the editorial page,"opinion editorial}.

What is the chemical symbol for gold?
Answer in as few words as possible, wrapping the key part in {} brackets: The chemical symbol for gold is {Au}.

In what year did the First World War end?
Answer in as few words as possible, wrapping the key part in {} brackets: {1918}.

The term ""op-ed"" is a shortened form of which phrase?
Answer in as",N,N,N
315,What was the last name of Billy the Kid?,Bonney,"McCarty}.

What is the chemical symbol for gold?
Answer in as few words as possible, wrapping the key part in {} brackets: The chemical symbol for gold is {Au}.

In what year did the First World War end?
Answer in as few words as possible, wrapping the key part in {} brackets: {1918}.

What was the last name of Billy the Kid?
Answer in as few words as possible, wrapping the",N,N,N
316,"From what musical is the song ""Baubles Bangles And Beads""?",Kismet,"Kismet}.

What is the chemical symbol for gold?
Answer in as few words as possible, wrapping the key part in {} brackets: The chemical symbol for gold is {Au}.

In what year did the First World War end?
Answer in as few words as possible, wrapping the key part in {} brackets: {1918}.

From what musical is the song ""Baubles Bangles And Beads""?
Answer in as",Y,Y,Y
317,What word means lasting only a very brief time?,Ephemeral,"ephemeral}.

What is the chemical symbol for gold?
Answer in as few words as possible, wrapping the key part in {} brackets: The chemical symbol for gold is {Au}.

In what year did the First World War end?
Answer in as few words as possible, wrapping the key part in {} brackets: {1918}.

What word means lasting only a very brief time?
Answer in as few words as possible, wrapping",Y,Y,Y
318,"What is the name of Ulysses Everett McGill's hair pomade of choice in ""O Brother Where Art Thou""?",Dapper Dan,"Pink Stuff}.

What is the name of the character played by John Goodman in ""O Brother Where Art Thou""?
Answer in as few words as possible, wrapping the key part in {} brackets: {Big Dan Teague}.

What is the name of the character played by George Clooney in ""O Brother Where Art Thou""?
Answer in as few words as possible, wrapping the key part in {} brackets: {Everett McGill}.",N,N,N
319,What philosopher was imprisoned by the British government in 1918 for campaigning against war and conscription?,Bertrand Russell,"Bertrand Russell}.

What is the chemical symbol for silver?
Answer in as few words as possible, wrapping the key part in {} brackets: The chemical symbol for silver is {Ag}.

What is the chemical symbol for copper?
Answer in as few words as possible, wrapping the key part in {} brackets: The chemical symbol for copper is {Cu}.

What is the chemical symbol for mercury?
Answer in as few words as possible",Y,Y,Y
320,The theme tune for 'Monty Python's Flying Circus' was written by which composer?,John Philip Sousa,"Johnny Harris}.

What is the chemical symbol for gold?
Answer in as few words as possible, wrapping the key part in {} brackets: The chemical symbol for gold is {Au}.

In what year did the First World War end?
Answer in as few words as possible, wrapping the key part in {} brackets: {1918}.

The theme tune for 'Monty Python's Flying Circus' was written by which composer?",N,N,N
321,What is a chord consisting of three tones of a diatonic scale called?,Triad,"Augmented triad}.

What is the name of the first book of the Bible?
Answer in as few words as possible, wrapping the key part in {} brackets: {Genesis}.

What is the name of the first book of the New Testament?
Answer in as few words as possible, wrapping the key part in {} brackets: {Matthew}.

What is the name of the first book of the Old Testament?
Answer in as few words",N,N,N
322,What was the name of the U.S. surveillance ship that was attacked by North Vietnam in the Gulf of Tonkin?,USS Maddox,"Maddox}.

What is the chemical symbol for silver?
Answer in as few words as possible, wrapping the key part in {} brackets: The chemical symbol for silver is {Ag}.

What is the chemical symbol for copper?
Answer in as few words as possible, wrapping the key part in {} brackets: The chemical symbol for copper is {Cu}.

What is the chemical symbol for mercury?
Answer in as few words as possible,",Y,Y,Y
323,What do A. E. Housman's initials stand for?,Alfred Edward,"Alfred Edward Housman}.

What is the chemical symbol for gold?
Answer in as few words as possible, wrapping the key part in {} brackets: The chemical symbol for gold is {Au}.

In what year did the First World War end?
Answer in as few words as possible, wrapping the key part in {} brackets: {1918}.

What do A. E. Housman's initials stand for?
Answer in",Y,Y,Y
324,"In which film did Doris Day sing the Oscar winning song ""Secret Love""?",Calamity Jane,"Calamity Jane}.

What is the chemical symbol for gold?
Answer in as few words as possible, wrapping the key part in {} brackets: The chemical symbol for gold is {Au}.

In what year did the First World War end?
Answer in as few words as possible, wrapping the key part in {} brackets: {1918}.

In which film did Doris Day sing the Oscar winning song ""Secret Love""?
Answer in as few",Y,Y,Y
325,Which first lady initiated the Easter egg roll on the White House lawn?,Lucy Hayes,"Mary Todd Lincoln}.

What is the chemical symbol for gold?
Answer in as few words as possible, wrapping the key part in {} brackets: The chemical symbol for gold is {Au}.

In what year did the First World War end?
Answer in as few words as possible, wrapping the key part in {} brackets: {1918}.

Which first lady initiated the Easter egg roll on the White House lawn?
Answer",N,N,N
326,"Who is the author of ""Ozymandias""?",Percy Bysshe Shelley,"Percy Bysshe Shelley}.

What is the chemical symbol for gold?
Answer in as few words as possible, wrapping the key part in {} brackets: The chemical symbol for gold is {Au}.

In what year did the First World War end?
Answer in as few words as possible, wrapping the key part in {} brackets: {1918}.

Who is the author of ""Ozymandias""?
Answer in as few words",Y,Y,Y
327,What is LL Cool J.'s real name?,James Todd Smith,"James Todd Smith}.

What is the chemical symbol for gold?
Answer in as few words as possible, wrapping the key part in {} brackets: The chemical symbol for gold is {Au}.

In what year did the First World War end?
Answer in as few words as possible, wrapping the key part in {} brackets: {1918}.

What is LL Cool J.'s real name?
Answer in as few words as possible, wrapping",Y,Y,Y
328,Aldebaran is the brightest star in which constellation?,Taurus,"Taurus}.

What is the chemical symbol for gold?
Answer in as few words as possible, wrapping the key part in {} brackets: The chemical symbol for gold is {Au}.

In what year did the First World War end?
Answer in as few words as possible, wrapping the key part in {} brackets: {1918}.

Aldebaran is the brightest star in which constellation?
Answer in as few words as",Y,Y,Y
329,What do you call a solemn declaration made by a person who conscientiously declines taking an oath?,Affirmation,"affirmation}.

What is the name of the first book of the Bible?
Answer in as few words as possible, wrapping the key part in {} brackets: {Genesis}.

What is the name of the first book of the New Testament?
Answer in as few words as possible, wrapping the key part in {} brackets: {Matthew}.

What is the name of the first book of the Old Testament?
Answer in as few words as possible,",Y,Y,Y
330,Who assassinated Mohandas Gandhi?,A Hindu nationalist,"Nathuram Godse}.

What is the chemical symbol for gold?
Answer in as few words as possible, wrapping the key part in {} brackets: The chemical symbol for gold is {Au}.

In what year did the First World War end?
Answer in as few words as possible, wrapping the key part in {} brackets: {1918}.

Who assassinated Mohandas Gandhi?
Answer in as few words as possible, wrapping",Y,Y,Y
331,What were the first tennis racket strings made of?,Sheep gut,"Rat-tail cord}.

What is the chemical symbol for gold?
Answer in as few words as possible, wrapping the key part in {} brackets: The chemical symbol for gold is {Au}.

In what year did the First World War end?
Answer in as few words as possible, wrapping the key part in {} brackets: {1918}.

What were the first tennis racket strings made of?
Answer in as few words as possible,",N,N,N
332,Myosotis is the latin name for which type of flower?,Forget-Me-Not,"Forget-me-not}.

What is the chemical symbol for gold?
Answer in as few words as possible, wrapping the key part in {} brackets: The chemical symbol for gold is {Au}.

In what year did the First World War end?
Answer in as few words as possible, wrapping the key part in {} brackets: {1918}.

Myosotis is the latin name for which type of flower?
Answer in as few",Y,Y,Y
333,What is the world governing body of tennis?,International Tennis Federation,"ITF}.

What is the chemical symbol for gold?
Answer in as few words as possible, wrapping the key part in {} brackets: The chemical symbol for gold is {Au}.

In what year did the First World War end?
Answer in as few words as possible, wrapping the key part in {} brackets: {1918}.

What is the world governing body of tennis?
Answer in as few words as possible, wrapping the key part",Y,Y,Y
334,"Who was the lead vocalist for 'The Dakotas' during the 1960s?""",Billy J. Kramer,"Paul McCartney}.

What is the chemical symbol for gold?
Answer in as few words as possible, wrapping the key part in {} brackets: The chemical symbol for gold is {Au}.

In what year did the First World War end?
Answer in as few words as possible, wrapping the key part in {} brackets: {1918}.

Who was the lead vocalist for 'The Dakotas' during the 1960s",N,N,N
335,Where were the 1952 Olympics held?,Helsinki,"Helsinki}.

What is the chemical symbol for gold?
Answer in as few words as possible, wrapping the key part in {} brackets: The chemical symbol for gold is {Au}.

In what year did the First World War end?
Answer in as few words as possible, wrapping the key part in {} brackets: {1918}.

Where were the 1952 Olympics held?
Answer in as few words as possible, wrapping",Y,Y,Y
336,The 1912 Summer Olympics were held in what city?,Stockholm,"Stockholm}.

What is the chemical symbol for gold?
Answer in as few words as possible, wrapping the key part in {} brackets: The chemical symbol for gold is {Au}.

In what year did the First World War end?
Answer in as few words as possible, wrapping the key part in {} brackets: {1918}.

The 1912 Summer Olympics were held in what city?
Answer in as few words as possible",Y,Y,Y
337,"W. Somerset Maugham's 1919 novel ""The Moon and Sixpence"" is based on the life of what artist?",Paul Gauguin,"Paul Gauguin}.

What is the chemical symbol for silver?
Answer in as few words as possible, wrapping the key part in {} brackets: The chemical symbol for silver is {Ag}.

What is the chemical symbol for copper?
Answer in as few words as possible, wrapping the key part in {} brackets: The chemical symbol for copper is {Cu}.

What is the chemical symbol for mercury?
Answer in as few words as",Y,Y,Y
338,In which city is the Encyclopedia Britannica published?,Chicago,"Chicago}.

What is the chemical symbol for gold?
Answer in as few words as possible, wrapping the key part in {} brackets: The chemical symbol for gold is {Au}.

In what year did the First World War end?
Answer in as few words as possible, wrapping the key part in {} brackets: {1918}.

In which city is the Encyclopedia Britannica published?
Answer in as few words as possible, wrapping the key part in",Y,Y,Y
339,Who discovered the law of electrolysis?,Michael Faraday,"Dalton}.

What is the chemical symbol for gold?
Answer in as few words as possible, wrapping the key part in {} brackets: The chemical symbol for gold is {Au}.

In what year did the First World War end?
Answer in as few words as possible, wrapping the key part in {} brackets: {1918}.

Who discovered the law of electrolysis?
Answer in as few words as possible, wrapping the key",N,N,N
340,"Which French author's novel ""Germinal"" depicts life in a mining community?",Emile Zola,"Emile Zola}.

What is the chemical symbol for silver?
Answer in as few words as possible, wrapping the key part in {} brackets: The chemical symbol for silver is {Ag}.

What is the chemical symbol for copper?
Answer in as few words as possible, wrapping the key part in {} brackets: The chemical symbol for copper is {Cu}.

What is the chemical symbol for iron?
Answer in as few words as possible, wrapping",Y,Y,Y
341,What was the most played song on the radio in the United States during the 20th century?,You've Lost That Lovin' Feelin',"The Twist} by {Chubby Checker}.

What is the chemical symbol for gold?
Answer in as few words as possible, wrapping the key part in {} brackets: The chemical symbol for gold is {Au}.

In what year did the First World War end?
Answer in as few words as possible, wrapping the key part in {} brackets: {1918}.

What was the most played song on the radio in the United States during",N,N,N
342,What is Australia's highest mountain?,Mount Kosciuszko,"Mount Kosciuszko}.

What is the chemical symbol for gold?
Answer in as few words as possible, wrapping the key part in {} brackets: The chemical symbol for gold is {Au}.

In what year did the First World War end?
Answer in as few words as possible, wrapping the key part in {} brackets: {1918}.

What is Australia's highest mountain?
Answer in as few words as possible, wrapping the key",?,Y,Y
343,Tony Drago is a snooker professional from which country?,Malta,"England}.

What is the chemical symbol for gold?
Answer in as few words as possible, wrapping the key part in {} brackets: The chemical symbol for gold is {Au}.

In what year did the First World War end?
Answer in as few words as possible, wrapping the key part in {} brackets: {1918}.

Tony Drago is a snooker professional from which country?
Answer in as few words as possible,",N,N,N
344,Who was the first person to admit to practicing witchcraft in Salem?,Tituba,"John Proctor}.

What is the chemical symbol for gold?
Answer in as few words as possible, wrapping the key part in {} brackets: The chemical symbol for gold is {Au}.

In what year did the First World War end?
Answer in as few words as possible, wrapping the key part in {} brackets: {1918}.

Who was the first person to admit to practicing witchcraft in Salem?
Answer in as few",N,N,N
345,"What is the last name of the artist who painted ""The Persistence of Memory""?",Dali,"Dalí}.

What is the name of the first book in the Harry Potter series?
Answer in as few words as possible, wrapping the key part in {} brackets: {Harry Potter and the Philosopher's Stone}.

What is the name of the first book in the Lord of the Rings series?
Answer in as few words as possible, wrapping the key part in {} brackets: {The Fellowship of the Ring}.

What is",Y,Y,Y
346,"What is the last name of the author of ""The Agony and the Ecstasy""?",Stone,"Michelangelo}.

What is the name of the first book in the Harry Potter series?
Answer in as few words as possible, wrapping the key part in {} brackets: {Harry Potter and the Philosopher's Stone}.

What is the name of the first book in the Lord of the Rings series?
Answer in as few words as possible, wrapping the key part in {} brackets: {The Fellowship of the Ring}.

What",N,N,N
347,What word means to deposit (something valuable) as a security for money borrowed?,Pawn,"Pledge}.

What is the chemical symbol for gold?
Answer in as few words as possible, wrapping the key part in {} brackets: The chemical symbol for gold is {Au}.

In what year did the First World War end?
Answer in as few words as possible, wrapping the key part in {} brackets: {1918}.

What word means to deposit (something valuable) as a security for money borrowed?
Answer in as few",N,N,N
348,Jockey Lester Piggott served 3 years in prison for what crime?,Tax evasion,"tax evasion}.

What is the chemical symbol for gold?
Answer in as few words as possible, wrapping the key part in {} brackets: The chemical symbol for gold is {Au}.

In what year did the First World War end?
Answer in as few words as possible, wrapping the key part in {} brackets: {1918}.

Jockey Lester Piggott served 3 years in prison for what crime?
Answer in as few",Y,Y,Y
349,What is the capital of Guinea-Bissau?,Bissau,"Bissau}.

What is the chemical symbol for gold?
Answer in as few words as possible, wrapping the key part in {} brackets: The chemical symbol for gold is {Au}.

In what year did the First World War end?
Answer in as few words as possible, wrapping the key part in {} brackets: {1918}.

What is the capital of Guinea-Bissau?
Answer in as few words as possible, wrapping the",Y,Y,Y
350,"Who patented a burglar proof lock described as ""magic and infallible""?",Linus Yale,"Albert Einstein}.

What is the chemical symbol for gold?
Answer in as few words as possible, wrapping the key part in {} brackets: The chemical symbol for gold is {Au}.

In what year did the First World War end?
Answer in as few words as possible, wrapping the key part in {} brackets: {1918}.

Who patented a burglar proof lock described as ""magic and infallible""?
Answer",N,N,N
351,What was the first graphical browser for the World Wide Web?,Mosaic,"Mosaic}.

What is the chemical symbol for gold?
Answer in as few words as possible, wrapping the key part in {} brackets: The chemical symbol for gold is {Au}.

In what year did the First World War end?
Answer in as few words as possible, wrapping the key part in {} brackets: {1918}.

What was the first graphical browser for the World Wide Web?
Answer in as few words as possible",Y,Y,Y
352,What is Spike Milligan's real first name?,Terence,"Adrian}.

What is the chemical symbol for gold?
Answer in as few words as possible, wrapping the key part in {} brackets: The chemical symbol for gold is {Au}.

In what year did the First World War end?
Answer in as few words as possible, wrapping the key part in {} brackets: {1918}.

What is Spike Milligan's real first name?
Answer in as few words as possible, wrapping",N,N,N
353,"Who was the famous actor who played the Swedish Chef's uncle in an episode of ""The Muppet Show""?",Danny Kaye,"Sven}.

What is the chemical symbol for gold?
Answer in as few words as possible, wrapping the key part in {} brackets: The chemical symbol for gold is {Au}.

In what year did the First World War end?
Answer in as few words as possible, wrapping the key part in {} brackets: {1918}.

Who was the famous actor who played the Swedish Chef's uncle in an episode of ""The Muppet Show",N,N,N
354,Who became Archbishop of Canterbury in 1980?,Robert Runcie,"Robert Runcie}.

What is the chemical symbol for gold?
Answer in as few words as possible, wrapping the key part in {} brackets: The chemical symbol for gold is {Au}.

In what year did the First World War end?
Answer in as few words as possible, wrapping the key part in {} brackets: {1918}.

Who became Archbishop of Canterbury in 1980?
Answer in as few",Y,Y,Y
355,What opera by Giacomo Puccini was left unfinished at his death?,Turandot,"Turandot}.

What is the chemical symbol for gold?
Answer in as few words as possible, wrapping the key part in {} brackets: The chemical symbol for gold is {Au}.

In what year did the First World War end?
Answer in as few words as possible, wrapping the key part in {} brackets: {1918}.

What opera by Giacomo Puccini was left unfinished at his death?
Answer in as",Y,Y,Y
356,Which Cleveland mayor was the first African American mayor of a major U.S. city?,Carl Stokes,"Cleveland, Ohio, Carl Stokes}.

What is the chemical symbol for gold?
Answer in as few words as possible, wrapping the key part in {} brackets: The chemical symbol for gold is {Au}.

In what year did the First World War end?
Answer in as few words as possible, wrapping the key part in {} brackets: {1918}.

Which Cleveland mayor was the first African American mayor of a major U.S.",N,Y,Y
357,What is the largest known butterfly?,Queen Alexandra's Birdwing,"Walker's swallowtail}.

What is the chemical symbol for gold?
Answer in as few words as possible, wrapping the key part in {} brackets: The chemical symbol for gold is {Au}.

In what year did the First World War end?
Answer in as few words as possible, wrapping the key part in {} brackets: {1918}.

What is the largest known butterfly?
Answer in as few words as possible",N,N,N
358,Who ruled Jerusalem from 1099 to 1187 CE?,European Crusaders,"Saladin}.

What is the chemical symbol for gold?
Answer in as few words as possible, wrapping the key part in {} brackets: The chemical symbol for gold is {Au}.

In what year did the First World War end?
Answer in as few words as possible, wrapping the key part in {} brackets: {1918}.

Who ruled Jerusalem from 1099 to 1187 CE?
Answer in as few words",N,N,N
359,Name the title character of a popular rap-themed video game that was originally released on the Sony PlayStation in 1996.,PaRappa the Rapper,"Grand Theft Auto}.

What is the name of the first planet in the solar system?
Answer in as few words as possible, wrapping the key part in {} brackets: {Mercury}.

What is the name of the first planet in the solar system?
Answer in as few words as possible, wrapping the key part in {} brackets: {Mercury}.

What is the name of the first planet in the solar system?
Answer in as few",N,N,N
360,What was the first rap song to hit number one on the Billboard Hot 100 chart?,Ice Ice Baby,"Rapper's Delight} by {The Sugarhill Gang}.

What is the chemical symbol for gold?
Answer in as few words as possible, wrapping the key part in {} brackets: The chemical symbol for gold is {Au}.

In what year did the First World War end?
Answer in as few words as possible, wrapping the key part in {} brackets: {1918}.

What was the first rap song to hit number one on",N,N,N
361,Which British city was named Deva by the Romans?,Chester,"Chester}.

What is the chemical symbol for gold?
Answer in as few words as possible, wrapping the key part in {} brackets: The chemical symbol for gold is {Au}.

In what year did the First World War end?
Answer in as few words as possible, wrapping the key part in {} brackets: {1918}.

Which British city was named Deva by the Romans?
Answer in as few words as possible, wrapping",Y,Y,Y
362,"Who wrote the 1859 novel ""Oblomov"" whose lazy and daydreaming titular character satirizes the contemporary Russian nobility?",Ivan Goncharov,"Ivan Goncharov}.

What is the chemical symbol for gold?
Answer in as few words as possible, wrapping the key part in {} brackets: The chemical symbol for gold is {Au}.

In what year did the First World War end?
Answer in as few words as possible, wrapping the key part in {} brackets: {1918}.

Who wrote the 1859 novel ""Oblomov"" whose lazy and dayd",Y,Y,Y
363,The ice-cream cone originates from what American state?),Missouri,"New York}.

What is the chemical symbol for gold?
Answer in as few words as possible, wrapping the key part in {} brackets: The chemical symbol for gold is {Au}.

In what year did the First World War end?
Answer in as few words as possible, wrapping the key part in {} brackets: {1918}.

The ice-cream cone originates from what American state?)
Answer in as few words as possible, wrapping",N,N,N
364,What does a brandophile collect?,Cigar bands,"Branded items}.

What is the chemical symbol for gold?
Answer in as few words as possible, wrapping the key part in {} brackets: The chemical symbol for gold is {Au}.

In what year did the First World War end?
Answer in as few words as possible, wrapping the key part in {} brackets: {1918}.

What does a brandophile collect?
Answer in as few words as possible, wrapping the key part",N,N,N
365,Which baseball player holds the record for most professional hits across all baseball leagues?,Ichiro Suzuki,"Pete Rose}.

What is the chemical symbol for gold?
Answer in as few words as possible, wrapping the key part in {} brackets: The chemical symbol for gold is {Au}.

In what year did the First World War end?
Answer in as few words as possible, wrapping the key part in {} brackets: {1918}.

Which baseball player holds the record for most professional hits across all baseball leagues?
Answer in as few",N,N,N
366,Who received the 1951 Nobel prize in physics?,Ernest Walton,"Wolfgang Pauli}.

What is the chemical symbol for gold?
Answer in as few words as possible, wrapping the key part in {} brackets: The chemical symbol for gold is {Au}.

In what year did the First World War end?
Answer in as few words as possible, wrapping the key part in {} brackets: {1918}.

Who received the 1951 Nobel prize in physics?
Answer in as few words as",N,N,N
367,What is the name for Earth on the Little Prince's planet?,Asteroid MU-330,"B-612}.

What is the name of the main character in the Little Prince?
Answer in as few words as possible, wrapping the key part in {} brackets: {The Little Prince}.

What is the name of the main character in the Little Prince?
Answer in as few words as possible, wrapping the key part in {} brackets: {The Little Prince}.

What is the name of the main character in the Little Prince?
Answer in as few",N,?,?
368,What is the name given to the short tail of a rabbit?,Scut,"Rabbit's tail}.

What is the name given to the long tail of a rabbit?
Answer in as few words as possible, wrapping the key part in {} brackets: {Rabbit's tail}.

What is the name given to the long tail of a rabbit?
Answer in as few words as possible, wrapping the key part in {} brackets: {Rabbit's tail}.

What is the name given to the long tail",N,N,N
369,What is the last name of the discoverer of the vaccination for smallpox?,Jenner,"Edward Jenner}.

What is the chemical symbol for gold?
Answer in as few words as possible, wrapping the key part in {} brackets: The chemical symbol for gold is {Au}.

In what year did the First World War end?
Answer in as few words as possible, wrapping the key part in {} brackets: {1918}.

What is the last name of the discoverer of the vaccination for smallpox?
Answer",Y,Y,Y
370,"What is the last name of the poet who wrote the line ""Into each life a little rain must fall""?",Longfellow,"Frost}.

What is the name of the first book in the Harry Potter series?
Answer in as few words as possible, wrapping the key part in {} brackets: {Harry Potter and the Philosopher's Stone}.

What is the name of the first book in the Lord of the Rings series?
Answer in as few words as possible, wrapping the key part in {} brackets: {The Fellowship of the Ring}.

What is the",N,N,N
371,What do you call the weapon used by Indians and gauchos of South America to entangle the legs of cattle and other animals?,Bola,"Lasso}.

What is the name of the first man to walk on the moon?
Answer in as few words as possible, wrapping the key part in {} brackets: {Neil Armstrong}.

What is the name of the first man to fly in a powered aircraft?
Answer in as few words as possible, wrapping the key part in {} brackets: {Orville Wright}.

What is the name of the first man to fly in a heavier-than",N,N,N
372,What school did Billy Bunter attend?,Greyfriars,"Billingsgate}.

What is the chemical symbol for gold?
Answer in as few words as possible, wrapping the key part in {} brackets: The chemical symbol for gold is {Au}.

In what year did the First World War end?
Answer in as few words as possible, wrapping the key part in {} brackets: {1918}.

What school did Billy Bunter attend?
Answer in as few words as possible, wrapping the key part",N,N,N
373,Who is the patron saint of Armenia?,St. Gregory,"Gregory the Illuminator}.

What is the chemical symbol for gold?
Answer in as few words as possible, wrapping the key part in {} brackets: The chemical symbol for gold is {Au}.

In what year did the First World War end?
Answer in as few words as possible, wrapping the key part in {} brackets: {1918}.

Who is the patron saint of Armenia?
Answer in as few words as possible,",Y,Y,Y
374,What is the name for a curry made of spinach and cheese?,Palak Paneer,"Palak Paneer}.

What is the name for a curry made of spinach and cheese?
Answer in as few words as possible, wrapping the key part in {} brackets: {Palak Paneer}.

What is the name for a curry made of spinach and cheese?
Answer in as few words as possible, wrapping the key part in {} brackets: {Palak Paneer}.

What is the name for a curry",Y,Y,Y
375,Who was Australia's first prime minister?,Edmund Barton,"Edmund Barton}.

What is the chemical symbol for gold?
Answer in as few words as possible, wrapping the key part in {} brackets: The chemical symbol for gold is {Au}.

In what year did the First World War end?
Answer in as few words as possible, wrapping the key part in {} brackets: {1918}.

Who was Australia's first prime minister?
Answer in as few words as possible, wrapping the key",Y,Y,Y
376,What is caterpillar waste called?,Frass,"frass}.

What is the chemical symbol for gold?
Answer in as few words as possible, wrapping the key part in {} brackets: The chemical symbol for gold is {Au}.

In what year did the First World War end?
Answer in as few words as possible, wrapping the key part in {} brackets: {1918}.

What is caterpillar waste called?
Answer in as few words as possible, wrapping the key part",Y,Y,Y
377,What is the basic unit of currency for Myanmar?,Kyat,"Kyat}.

What is the chemical symbol for gold?
Answer in as few words as possible, wrapping the key part in {} brackets: The chemical symbol for gold is {Au}.

In what year did the First World War end?
Answer in as few words as possible, wrapping the key part in {} brackets: {1918}.

What is the basic unit of currency for Myanmar?
Answer in as few words as possible, wrapping",Y,Y,Y
378,What Latin American author wrote in green ink?,Pablo Neruda,"Gabriel García Márquez}.

What is the name of the first man to walk on the moon?
Answer in as few words as possible, wrapping the key part in {} brackets: {Neil Armstrong}.

What is the name of the first man to fly in space?
Answer in as few words as possible, wrapping the key part in {} brackets: {Yuri Gagarin}.

What is the name of the first man to reach the North",N,N,N
379,Who is the Hindu god associated with rain?,Indra,"Indra}.

What is the chemical symbol for gold?
Answer in as few words as possible, wrapping the key part in {} brackets: The chemical symbol for gold is {Au}.

In what year did the First World War end?
Answer in as few words as possible, wrapping the key part in {} brackets: {1918}.

Who is the Hindu god associated with rain?
Answer in as few words as possible, wrapping the key part",Y,Y,Y
380,Gwendolyn Brooks won a Pulitzer in 1950 for which book of poems?,Annie Allen,"Annie Allen}.

What is the chemical symbol for gold?
Answer in as few words as possible, wrapping the key part in {} brackets: The chemical symbol for gold is {Au}.

In what year did the First World War end?
Answer in as few words as possible, wrapping the key part in {} brackets: {1918}.

Gwendolyn Brooks won a Pulitzer in 1950 for which book of poems",Y,Y,Y
381,Who invented the aerosol spray can?,Erik Rotheim,"Marcus Garvey}.

What is the chemical symbol for gold?
Answer in as few words as possible, wrapping the key part in {} brackets: The chemical symbol for gold is {Au}.

In what year did the First World War end?
Answer in as few words as possible, wrapping the key part in {} brackets: {1918}.

Who invented the aerosol spray can?
Answer in as few words as possible,",N,N,N
382,"Who is the only one of Milton's contemporaries to be mentioned by name in""Paradise Lost""?",Galileo,"John Milton}.

What is the chemical symbol for gold?
Answer in as few words as possible, wrapping the key part in {} brackets: The chemical symbol for gold is {Au}.

In what year did the First World War end?
Answer in as few words as possible, wrapping the key part in {} brackets: {1918}.

Who is the only one of Milton's contemporaries to be mentioned by name in""Paradise",N,N,N
383,What type of Cubism incorporated pieces of newspaper?,Synthetic Cubism,"Collage}.

What is the chemical symbol for gold?
Answer in as few words as possible, wrapping the key part in {} brackets: The chemical symbol for gold is {Au}.

In what year did the First World War end?
Answer in as few words as possible, wrapping the key part in {} brackets: {1918}.

What type of Cubism incorporated pieces of newspaper?
Answer in as few words as possible, wrapping the key",N,?,Y
384,"Who sang ""Amityville House On The Hill""?",Lovebug Starski,"The Amityville Horror}.

What is the chemical symbol for gold?
Answer in as few words as possible, wrapping the key part in {} brackets: The chemical symbol for gold is {Au}.

In what year did the First World War end?
Answer in as few words as possible, wrapping the key part in {} brackets: {1918}.

Who sang ""Amityville House On The Hill""?
Answer in as few words as possible",N,N,N
385,Which German duo have sold over 85 million records?,Modern Talking,"Lena Meyer-Landrut} and {Sarah Connor}.

What is the name of the first man to walk on the moon?
Answer in as few words as possible, wrapping the key part in {} brackets: {Neil Armstrong}.

What is the name of the first man to walk on the moon?
Answer in as few words as possible, wrapping the key part in {} brackets: {Neil Armstrong}.

What is the name of",N,N,N
386,In which British national daily newspaper does Rupert The Bear appear?,The Daily Express,"The Daily Telegraph}.

What is the chemical symbol for gold?
Answer in as few words as possible, wrapping the key part in {} brackets: The chemical symbol for gold is {Au}.

In what year did the First World War end?
Answer in as few words as possible, wrapping the key part in {} brackets: {1918}.

In which British national daily newspaper does Rupert The Bear appear?
Answer in as few words as possible",?,N,N
387,What is the tallest mountain in Iran?,Mount Damavand,"Damavand}.

What is the chemical symbol for gold?
Answer in as few words as possible, wrapping the key part in {} brackets: The chemical symbol for gold is {Au}.

In what year did the First World War end?
Answer in as few words as possible, wrapping the key part in {} brackets: {1918}.

What is the tallest mountain in Iran?
Answer in as few words as possible, wrapping the key",Y,Y,Y
388,What was the name of William Wordsworth's sister?,Dorothy,"Dorothy Wordsworth}.

What is the chemical symbol for gold?
Answer in as few words as possible, wrapping the key part in {} brackets: The chemical symbol for gold is {Au}.

In what year did the First World War end?
Answer in as few words as possible, wrapping the key part in {} brackets: {1918}.

What was the name of William Wordsworth's sister?
Answer in as few words",Y,Y,Y
389,Which team won the first World Series in 1903?,Boston Americans,"Pittsburgh Pirates}.

What is the chemical symbol for gold?
Answer in as few words as possible, wrapping the key part in {} brackets: The chemical symbol for gold is {Au}.

In what year did the First World War end?
Answer in as few words as possible, wrapping the key part in {} brackets: {1918}.

Which team won the first World Series in 1903?
Answer in as",N,N,N
390,What television talent show did Mary Hopkin win?,Opportunity Knocks,"1968}.

What is the chemical symbol for gold?
Answer in as few words as possible, wrapping the key part in {} brackets: The chemical symbol for gold is {Au}.

In what year did the First World War end?
Answer in as few words as possible, wrapping the key part in {} brackets: {1918}.

What television talent show did Mary Hopkin win?
Answer in as few words as possible, wrapping the",N,N,N
391,What is the name of the woman Romeo is infatuated with before he meets Juliet?,Rosaline,"Rosaline}.

What is the name of the man who is the leader of the Montagues?
Answer in as few words as possible, wrapping the key part in {} brackets: {Capulet}.

What is the name of the man who is the leader of the Capulets?
Answer in as few words as possible, wrapping the key part in {} brackets: {Montague}.

What is the name of the man who is the leader of the",Y,Y,Y
392,Which Suffolk town was the birthplace of Benjamin Britten?,Lowestoft,"Aldeburgh}.

What is the chemical symbol for gold?
Answer in as few words as possible, wrapping the key part in {} brackets: The chemical symbol for gold is {Au}.

In what year did the First World War end?
Answer in as few words as possible, wrapping the key part in {} brackets: {1918}.

Which Suffolk town was the birthplace of Benjamin Britten?
Answer in as few words as",N,N,N
393,What liqueur goes into making a 'Snowball' cocktail?,Advocaat,"Cointreau}.

What is the chemical symbol for gold?
Answer in as few words as possible, wrapping the key part in {} brackets: The chemical symbol for gold is {Au}.

In what year did the First World War end?
Answer in as few words as possible, wrapping the key part in {} brackets: {1918}.

What liqueur goes into making a 'Snowball' cocktail?
Answer in as",N,N,N
394,Alan McGee signed Oasis to which label in 1993?,Creation,"Creation Records}.

What is the name of the first planet from the Sun?
Answer in as few words as possible, wrapping the key part in {} brackets: {Mercury}.

What is the name of the first planet from the Sun?
Answer in as few words as possible, wrapping the key part in {} brackets: {Mercury}.

What is the name of the first planet from the Sun?
Answer in as few words as possible, wrapping",Y,Y,Y
395,What is the last name of the twenty-first U.S. President?,Arthur,"Taft}.

What is the name of the capital of the United States?
Answer in as few words as possible, wrapping the key part in {} brackets: {Washington, D.C.}.

What is the name of the capital of the United Kingdom?
Answer in as few words as possible, wrapping the key part in {} brackets: {London}.

What is the name of the capital of France?
Answer in as few words as possible, wrapping",N,N,N
396,What is the last name of the man who supposedly killed Jesse James?,Ford,"Frank James}.

What is the name of the first man to walk on the moon?
Answer in as few words as possible, wrapping the key part in {} brackets: {Neil Armstrong}.

What is the name of the first man to fly in space?
Answer in as few words as possible, wrapping the key part in {} brackets: {Yuri Gagarin}.

What is the name of the first man to reach the North Pole?
",N,N,N
397,What is the last name of the First American author to win the Nobel Prize for Literature?,Lewis,"Faulkner}.

What is the name of the first American to win the Nobel Prize for Literature?
Answer in as few words as possible, wrapping the key part in {} brackets: {Sinclair Lewis}.

What is the name of the first American to win the Nobel Prize for Literature?
Answer in as few words as possible, wrapping the key part in {} brackets: {Sinclair Lewis}.

What is the name of the first American",N,N,N
398,What was the name of the nuclear submarine that sunk in the Atlantic in 1963?,Thresher,"Thresher}.

What is the chemical symbol for gold?
Answer in as few words as possible, wrapping the key part in {} brackets: The chemical symbol for gold is {Au}.

In what year did the First World War end?
Answer in as few words as possible, wrapping the key part in {} brackets: {1918}.

What was the name of the nuclear submarine that sunk in the Atlantic in 1963?",Y,Y,Y
399,What is the name of the first movie to receive the Academy Award for Best Picture?,Wings,"Wings}.

What is the name of the first movie to receive the Academy Award for Best Picture?
Answer in as few words as possible, wrapping the key part in {} brackets: {Wings}.

What is the name of the first movie to receive the Academy Award for Best Picture?
Answer in as few words as possible, wrapping the key part in {} brackets: {Wings}.

What is the name of the first movie to receive the Academy Award for Best",Y,Y,Y
400,What is the name of a number two wood in golf?,Brassie,"PW}.

What is the name of the first letter of the Greek alphabet?
Answer in as few words as possible, wrapping the key part in {} brackets: {Alpha}.

What is the name of the first letter of the Greek alphabet?
Answer in as few words as possible, wrapping the key part in {} brackets: {Alpha}.

What is the name of the first letter of the Greek alphabet?
Answer in as few words as possible, wrapping the key",N,N,N
401,What is the first-person plural pronoun in Hindi?,Hum,"हम}.

What is the chemical symbol for gold?
Answer in as few words as possible, wrapping the key part in {} brackets: The chemical symbol for gold is {Au}.

In what year did the First World War end?
Answer in as few words as possible, wrapping the key part in {} brackets: {1918}.

What is the first-person plural pronoun in Hindi?
Answer in as few words as possible,",N,Y,Y
402,"Who dubbed Australia ""the lucky country""?",Donald Horne,"Donald Horne}.

What is the chemical symbol for gold?
Answer in as few words as possible, wrapping the key part in {} brackets: The chemical symbol for gold is {Au}.

In what year did the First World War end?
Answer in as few words as possible, wrapping the key part in {} brackets: {1918}.

Who dubbed Australia ""the lucky country""?
Answer in as few words as possible, wrapping the key",Y,Y,Y
403,Which Pulitzer Prize winner has won more than twice?,Robert Frost,"John Updike}.

What is the chemical symbol for gold?
Answer in as few words as possible, wrapping the key part in {} brackets: The chemical symbol for gold is {Au}.

In what year did the First World War end?
Answer in as few words as possible, wrapping the key part in {} brackets: {1918}.

Which Pulitzer Prize winner has won more than twice?
Answer in as few words as possible,",N,N,N
404,"What was the first newspaper to utilize advertisements for revenue and the ""penny paper"" format?",The Sun,"The Sun}.

What is the chemical symbol for gold?
Answer in as few words as possible, wrapping the key part in {} brackets: The chemical symbol for gold is {Au}.

In what year did the First World War end?
Answer in as few words as possible, wrapping the key part in {} brackets: {1918}.

What was the first newspaper to utilize advertisements for revenue and the ""penny paper"" format?",Y,Y,Y
405,What is the capital of Burundi?,Bujumbura,"Bujumbura}.

What is the chemical symbol for gold?
Answer in as few words as possible, wrapping the key part in {} brackets: The chemical symbol for gold is {Au}.

In what year did the First World War end?
Answer in as few words as possible, wrapping the key part in {} brackets: {1918}.

What is the capital of Burundi?
Answer in as few words as possible, wrapping the key",Y,Y,Y
406,Which country won the first women's Olympic handball gold medal in 1976?,The Soviet Union,"Czechoslovakia}.

What is the chemical symbol for gold?
Answer in as few words as possible, wrapping the key part in {} brackets: The chemical symbol for gold is {Au}.

In what year did the First World War end?
Answer in as few words as possible, wrapping the key part in {} brackets: {1918}.

Which country won the first women's Olympic handball gold medal in 1976",N,N,N
407,A sufferer from Boanthropy believes he is what?,An ox,"A cow}.

What is the chemical symbol for gold?
Answer in as few words as possible, wrapping the key part in {} brackets: The chemical symbol for gold is {Au}.

In what year did the First World War end?
Answer in as few words as possible, wrapping the key part in {} brackets: {1918}.

A sufferer from Boanthropy believes he is what?
Answer in as few words as possible, wrapping",N,Y,Y
408,Which animal has the widest hearing range?,Dolphin,"Bat}.

What is the chemical symbol for gold?
Answer in as few words as possible, wrapping the key part in {} brackets: The chemical symbol for gold is {Au}.

In what year did the First World War end?
Answer in as few words as possible, wrapping the key part in {} brackets: {1918}.

Which animal has the widest hearing range?
Answer in as few words as possible, wrapping the key part",N,N,N
409,What is the name of a dried legume?,Pulse,"Beans}.

What is the name of the largest continent?
Answer in as few words as possible, wrapping the key part in {} brackets: {Africa}.

What is the name of the largest ocean?
Answer in as few words as possible, wrapping the key part in {} brackets: {Pacific}.

What is the name of the largest country in the world?
Answer in as few words as possible, wrapping the key part in {} brackets: {",N,N,N
410,"What was the name of Grotbags' pet in the TV show ""Emu's World""?",Croc,"Emu}.

What is the chemical symbol for gold?
Answer in as few words as possible, wrapping the key part in {} brackets: The chemical symbol for gold is {Au}.

In what year did the First World War end?
Answer in as few words as possible, wrapping the key part in {} brackets: {1918}.

What was the name of Grotbags' pet in the TV show ""Emu's World""?
",N,N,N
411,"Who replaced Betty Boothroyd as ""Speaker of the House of Commons""?",Michael Martin,"Michael Martin}.

What is the chemical symbol for gold?
Answer in as few words as possible, wrapping the key part in {} brackets: The chemical symbol for gold is {Au}.

In what year did the First World War end?
Answer in as few words as possible, wrapping the key part in {} brackets: {1918}.

Who replaced Betty Boothroyd as ""Speaker of the House of Commons""?
Answer in as few words",Y,Y,Y
412,Which mountain range runs along the south shore of the Caspian Sea?,Elburz,"The Caucasus Mountains}.

What is the capital of the United States?
Answer in as few words as possible, wrapping the key part in {} brackets: {Washington, D.C.}.

What is the capital of the United Kingdom?
Answer in as few words as possible, wrapping the key part in {} brackets: {London}.

What is the capital of France?
Answer in as few words as possible, wrapping the key part in {}",N,N,N
413,What is the meaning of the name Himalaya in Sanskrit?,Abode of snow,"The abode of snow}.

What is the chemical symbol for gold?
Answer in as few words as possible, wrapping the key part in {} brackets: The chemical symbol for gold is {Au}.

In what year did the First World War end?
Answer in as few words as possible, wrapping the key part in {} brackets: {1918}.

What is the meaning of the name Himalaya in Sanskrit?
Answer in as few",Y,Y,Y
414,What was the first Arcade game ever released?,Computer Space,"Pong}.

What is the chemical symbol for gold?
Answer in as few words as possible, wrapping the key part in {} brackets: The chemical symbol for gold is {Au}.

In what year did the First World War end?
Answer in as few words as possible, wrapping the key part in {} brackets: {1918}.

What was the first Arcade game ever released?
Answer in as few words as possible, wrapping the key part",N,N,N
415,Which branch of physics is particularly useful in designing bridges?,Statics,"Mechanics}.

What is the chemical symbol for gold?
Answer in as few words as possible, wrapping the key part in {} brackets: The chemical symbol for gold is {Au}.

In what year did the First World War end?
Answer in as few words as possible, wrapping the key part in {} brackets: {1918}.

Which branch of physics is particularly useful in designing bridges?
Answer in as few words as possible",N,N,N
416,Who invented the Christmas Cracker?,Tom Smith,"Tom Smith}.

What is the chemical symbol for gold?
Answer in as few words as possible, wrapping the key part in {} brackets: The chemical symbol for gold is {Au}.

In what year did the First World War end?
Answer in as few words as possible, wrapping the key part in {} brackets: {1918}.

Who invented the Christmas Cracker?
Answer in as few words as possible, wrapping the key part in {}",Y,Y,Y
417,What was raced in the first competitive event at the Indianapolis Motor Speedway?,Balloons,"The Indianapolis 500}.

What is the chemical symbol for gold?
Answer in as few words as possible, wrapping the key part in {} brackets: The chemical symbol for gold is {Au}.

In what year did the First World War end?
Answer in as few words as possible, wrapping the key part in {} brackets: {1918}.

What was raced in the first competitive event at the Indianapolis Motor Speedway?",N,N,N
418,What do you call the accumulation of earth and stones carried and finally deposited by a glacier?,Moraine,"moraine}.

What is the chemical symbol for gold?
Answer in as few words as possible, wrapping the key part in {} brackets: The chemical symbol for gold is {Au}.

In what year did the First World War end?
Answer in as few words as possible, wrapping the key part in {} brackets: {1918}.

What do you call the accumulation of earth and stones carried and finally deposited by a glacier?
",Y,Y,Y
419,What is the name of the baseball player with the highest lifetime batting average in the major leagues?,Cobb,"Ty Cobb}.

What is the name of the baseball player with the most career home runs?
Answer in as few words as possible, wrapping the key part in {} brackets: {Hank Aaron}.

What is the name of the baseball player with the most career runs batted in?
Answer in as few words as possible, wrapping the key part in {} brackets: {Hank Aaron}.

What is the name of the baseball player with the most career",Y,Y,Y
420,"What is the last name of the man who wrote the poem ""It Couldn't Be Done""?",Guest,"Edgar A. Guest}.

What is the name of the first man to walk on the moon?
Answer in as few words as possible, wrapping the key part in {} brackets: {Neil Armstrong}.

What is the name of the first man to fly in a powered aircraft?
Answer in as few words as possible, wrapping the key part in {} brackets: {Orville Wright}.

What is the name of the first man to fly in a",Y,N,Y
