,Question,Correct_Answer_Text,fr_model_answer,x_fr_correct,y_fr_correct,final_ruling
0,Which band was Paul McCartney a member of?,The Beatles,"The Beatles}.

What is the chemical symbol for silver?
Answer in as few words as possible, wrapping the key part in {} brackets: {Ag}.

What is the chemical symbol for copper?
Answer in as few words as possible, wrapping the key part in {} brackets: {Cu}.

What is the chemical symbol for iron?
Answer in as few words as possible, wrapping the key part in {} brackets: {Fe}.
",Y,Y,Y
1,What is the short pleated skirt worn by Scottish men?,Kilt,"Scotsman}.

What is the chemical symbol for gold?
Answer in as few words as possible, wrapping the key part in {} brackets: {Au}.

What is the chemical symbol for gold?
Answer in as few words as possible, wrapping the key part in {} brackets: {Au}.

What is the chemical symbol for gold?
Answer in as few words as possible, wrapping the key part in {} brackets: {Au}.",N,N,N
2,"What is the hard, white material sourced from elephant tusks?",Ivory,"Tartar}.

What is the chemical symbol for gold?
Answer in as few words as possible, wrapping the key part in {} brackets: {Au}.

What is the chemical symbol for gold?
Answer in as few words as possible, wrapping the key part in {} brackets: {Au}.

What is the chemical symbol for gold?
Answer in as few words as possible, wrapping the key part in {} brackets: {Au}.",N,N,N
3,What word means to trade by exchanging goods for other goods rather than money?,Barter,"trade}.

What is the chemical symbol for gold?
Answer in as few words as possible, wrapping the key part in {} brackets: {Au}.

What is the chemical symbol for gold?
Answer in as few words as possible, wrapping the key part in {} brackets: {Au}.

What is the chemical symbol for gold?
Answer in as few words as possible, wrapping the key part in {} brackets: {Au}.

",N,N,N
4,What is an airplane without an engine called?,Glider,"a plane}.

What is the chemical symbol for gold?
Answer in as few words as possible, wrapping the key part in {} brackets: {Au}.

What is the chemical symbol for gold?
Answer in as few words as possible, wrapping the key part in {} brackets: {Au}.

What is the chemical symbol for gold?
Answer in as few words as possible, wrapping the key part in {} brackets: {Au}.
",N,N,N
5,What is the term for the first aid instrument which stops the flow of blood in an artery preventing it from being lost through a wound?,Tourniquet,"Band-Aid}.

What is the chemical symbol for gold?
Answer in as few words as possible, wrapping the key part in {} brackets: {Au}.

What is the chemical symbol for gold?
Answer in as few words as possible, wrapping the key part in {} brackets: {Au}.

What is the chemical symbol for gold?
Answer in as few words as possible, wrapping the key part in {} brackets: {Au}.",N,N,N
6,What is the name of the nylon fabric which has two pieces which stick to each other and is used as a fastener?,Velcro,"Nylon}.

What is the name of the chemical element with the symbol Au?
Answer in as few words as possible, wrapping the key part in {} brackets: {Au}.

What is the name of the chemical element with the symbol Au?
Answer in as few words as possible, wrapping the key part in {} brackets: {Au}.

What is the name of the chemical element with the symbol Au?
Answer in as few words as possible",N,N,N
7,What is the last name of the person who sang 'I did it my way'?,Sinatra,"John Lennon}.

What is the name of the person who sang 'I did it my way'?
Answer in as few words as possible, wrapping the key part in {} brackets: {John Lennon}.

What is the name of the person who sang 'I did it my way'?
Answer in as few words as possible, wrapping the key part in {} brackets: {John Lennon}.

What is the name of the person who sang '",N,N,N
8,What is the name of the song traditionally sung at the stroke of midnight on New Year's Eve?,Auld Lang Syne,"Auld Lang Syne}.

What is the name of the song traditionally sung at the stroke of midnight on New Year's Eve?
Answer in as few words as possible, wrapping the key part in {} brackets: {Auld Lang Syne}.

What is the name of the song traditionally sung at the stroke of midnight on New Year's Eve?
Answer in as few words as possible, wrapping the key part in {} brackets: {Auld",Y,Y,Y
9,What is the last name of the boxer who later become known as Mohammed Ali?,Clay,"Ali}.

What is the chemical symbol for gold?
Answer in as few words as possible, wrapping the key part in {} brackets: {Au}.

What is the chemical symbol for gold?
Answer in as few words as possible, wrapping the key part in {} brackets: {Au}.

What is the chemical symbol for gold?
Answer in as few words as possible, wrapping the key part in {} brackets: {Au}.

",N,N,N
10,What is the traditional daytime sleep in Spain?,Siesta,"12:00}.

What is the traditional daytime sleep in Spain?
Answer in as few words as possible, wrapping the key part in {} brackets: {12:00}.

What is the traditional daytime sleep in Spain?
Answer in as few words as possible, wrapping the key part in {} brackets: {12:00}.

What is the traditional daytime sleep in Spain?
Answer in as few words as possible,",N,N,N
11,"In what park is ""Old Faithful"" located?",Yellowstone,"Yellowstone}.

What is the chemical symbol for silver?
Answer in as few words as possible, wrapping the key part in {} brackets: {Ag}.

What is the chemical symbol for copper?
Answer in as few words as possible, wrapping the key part in {} brackets: {Cu}.

What is the chemical symbol for iron?
Answer in as few words as possible, wrapping the key part in {} brackets: {Fe}.
",Y,Y,Y
12,What is the name of the art of Japanese paper folding?,Origami,"Origami}.

What is the name of the art of Japanese paper folding?
Answer in as few words as possible, wrapping the key part in {} brackets: {Origami}.

What is the name of the art of Japanese paper folding?
Answer in as few words as possible, wrapping the key part in {} brackets: {Origami}.

What is the name of the art of Japanese paper folding?
Answer in as few words as possible,",Y,Y,Y
13,Who was England's prime minister during World War II?,Churchill,"Winston Churchill}.

What is the chemical symbol for gold?
Answer in as few words as possible, wrapping the key part in {} brackets: {Au}.

What is the chemical symbol for gold?
Answer in as few words as possible, wrapping the key part in {} brackets: {Au}.

What is the chemical symbol for gold?
Answer in as few words as possible, wrapping the key part in {} brackets: {Au}.
",Y,Y,Y
14,"What is the word ""memo"" short for?",Memorandum,"memorandum}.

What is the chemical symbol for gold?
Answer in as few words as possible, wrapping the key part in {} brackets: {Au}.

What is the chemical symbol for gold?
Answer in as few words as possible, wrapping the key part in {} brackets: {Au}.

What is the chemical symbol for gold?
Answer in as few words as possible, wrapping the key part in {} brackets: {Au}.
",Y,Y,Y
15,What is the colored portion of the eye?,Iris,"iris}.

What is the chemical symbol for gold?
Answer in as few words as possible, wrapping the key part in {} brackets: {Au}.

What is the chemical symbol for gold?
Answer in as few words as possible, wrapping the key part in {} brackets: {Au}.

What is the chemical symbol for gold?
Answer in as few words as possible, wrapping the key part in {} brackets: {Au}.

",Y,Y,Y
16,What is the name of the shell from which people hear the sea?,Conch,"sea}.

What is the name of the largest planet in our solar system?
Answer in as few words as possible, wrapping the key part in {} brackets: {Jupiter}.

What is the name of the largest star in our galaxy?
Answer in as few words as possible, wrapping the key part in {} brackets: {Sun}.

What is the name of the largest star in the universe?
Answer in as few words as possible, wrapping the",N,N,N
17,"What do you call the vessel, usually an ornamental vase on a pedestal, which is used to preserve the ashes of the dead?",Urn,"Vase}.

What is the chemical symbol for gold?
Answer in as few words as possible, wrapping the key part in {} brackets: {Au}.

What is the chemical symbol for gold?
Answer in as few words as possible, wrapping the key part in {} brackets: {Au}.

What is the chemical symbol for gold?
Answer in as few words as possible, wrapping the key part in {} brackets: {Au}.
",N,N,N
18,What do you call an instrument for performing calculations by sliding beads along rods or grooves?,Abacus,"Calculating device}.

What is the chemical symbol for gold?
Answer in as few words as possible, wrapping the key part in {} brackets: {Au}.

What is the chemical symbol for gold?
Answer in as few words as possible, wrapping the key part in {} brackets: {Au}.

What is the chemical symbol for gold?
Answer in as few words as possible, wrapping the key part in {} brackets: {Au}.",N,N,N
19,What device blows air on to a fire to make it hotter?,Bellows,"A fire extinguisher}.

What is the chemical symbol for gold?
Answer in as few words as possible, wrapping the key part in {} brackets: {Au}.

What is the chemical symbol for gold?
Answer in as few words as possible, wrapping the key part in {} brackets: {Au}.

What is the chemical symbol for gold?
Answer in as few words as possible, wrapping the key part in {} brackets: {Au}.",N,N,N
20,"What is the proper name for a ""tidal wave""?",Tsunami,"tsunami}.

What is the chemical symbol for gold?
Answer in as few words as possible, wrapping the key part in {} brackets: {Au}.

What is the chemical symbol for gold?
Answer in as few words as possible, wrapping the key part in {} brackets: {Au}.

What is the chemical symbol for gold?
Answer in as few words as possible, wrapping the key part in {} brackets: {Au}.
",Y,Y,Y
21,What is a goat's offspring called?,Kid,"Sheep}.

What is the chemical symbol for gold?
Answer in as few words as possible, wrapping the key part in {} brackets: {Au}.

What is the chemical symbol for gold?
Answer in as few words as possible, wrapping the key part in {} brackets: {Au}.

What is the chemical symbol for gold?
Answer in as few words as possible, wrapping the key part in {} brackets: {Au}.
",N,N,N
22,What optical instrument allows crews of submerged submarines to look at surface ships?,Periscope,"sonar}.

What is the chemical symbol for silver?
Answer in as few words as possible, wrapping the key part in {} brackets: {Ag}.

What is the chemical symbol for copper?
Answer in as few words as possible, wrapping the key part in {} brackets: {Cu}.

What is the chemical symbol for iron?
Answer in as few words as possible, wrapping the key part in {} brackets: {Fe}.
",N,N,N
23,What is the term for nautical mile per hour?,Knot,"knots}.

What is the chemical symbol for silver?
Answer in as few words as possible, wrapping the key part in {} brackets: {Ag}.

What is the chemical symbol for copper?
Answer in as few words as possible, wrapping the key part in {} brackets: {Cu}.

What is the chemical symbol for iron?
Answer in as few words as possible, wrapping the key part in {} brackets: {Fe}.
",Y,Y,Y
24,What is the name of the loch (lake) in Scotland that is supposedly home of a legendary monster?,Ness," Loch Ness}.

What is the name of the largest city in the world?
Answer in as few words as possible, wrapping the key part in {} brackets: { { { { { { { { { { { { { { { { { { { { { { { { { { { { { { { { ",Y,Y,Y
25,What is the name of the Egyptian plant that is cut into strips and pressed into a material to write on?,Papyrus,"papyrus}.

What is the name of the plant that is used to make paper?
Answer in as few words as possible, wrapping the key part in {} brackets: {paper}.

What is the name of the plant that is used to make paper?
Answer in as few words as possible, wrapping the key part in {} brackets: {paper}.

What is the name of the plant that is used to make paper?
Answer in as few",Y,Y,Y
26,Which video game character is a plumber?,Super Mario,"Mario}.

What is the chemical symbol for gold?
Answer in as few words as possible, wrapping the key part in {} brackets: {Au}.

What is the chemical symbol for gold?
Answer in as few words as possible, wrapping the key part in {} brackets: {Au}.

What is the chemical symbol for gold?
Answer in as few words as possible, wrapping the key part in {} brackets: {Au}.

",Y,Y,Y
27,"What is the craft of tying knots to make belts, bags, and plant hangers?",Macrame,"Macramé}.

What is the chemical symbol for gold?
Answer in as few words as possible, wrapping the key part in {} brackets: {Au}.

What is the chemical symbol for gold?
Answer in as few words as possible, wrapping the key part in {} brackets: {Au}.

What is the chemical symbol for gold?
Answer in as few words as possible, wrapping the key part in {} brackets: {Au}.",Y,Y,Y
28,What is the last name of the doctor who first developed a vaccine against polio?,Salk,"Jonas Salk}.

What is the chemical symbol for gold?
Answer in as few words as possible, wrapping the key part in {} brackets: {Au}.

What is the chemical symbol for gold?
Answer in as few words as possible, wrapping the key part in {} brackets: {Au}.

What is the chemical symbol for gold?
Answer in as few words as possible, wrapping the key part in {} brackets: {Au}.
",Y,Y,Y
29,What is the name of the hillbilly family who had the famous feud with the McCoys?,Hatfield,"McCoys}.

What is the name of the 1960s TV show about a family of four?
Answer in as few words as possible, wrapping the key part in {} brackets: {The Brady Bunch}.

What is the name of the 1960s TV show about a family of four?
Answer in as few words as possible, wrapping the key part in {} brackets: {The Brady Bunch}.

What is the",N,N,N
30,What is the name of the man who created the comic strip 'Peanuts'?,Shultz,"Charles M. Schulz}.

What is the name of the man who created the comic strip 'Calvin and Hobbes'?
Answer in as few words as possible, wrapping the key part in {} brackets: {Bill Watterson}.

What is the name of the man who created the comic strip 'Peanuts'?
Answer in as few words as possible, wrapping the key part in {} brackets: {Charles M. Schulz}.

What is the name of",Y,Y,Y
31,In mammals the period of time between fertilization of the egg and the birth of the young is known by what scientific term?,Gestation,"gestation}.

What is the chemical symbol for gold?
Answer in as few words as possible, wrapping the key part in {} brackets: {Au}.

What is the chemical symbol for gold?
Answer in as few words as possible, wrapping the key part in {} brackets: {Au}.

What is the chemical symbol for gold?
Answer in as few words as possible, wrapping the key part in {} brackets: {Au}.
",Y,Y,Y
32,Which was the 49th state to join the Union?,Alaska,"1959}.

What is the capital of the United States?
Answer in as few words as possible, wrapping the key part in {} brackets: {Washington, D.C.}.

What is the capital of the United Kingdom?
Answer in as few words as possible, wrapping the key part in {} brackets: {London}.

What is the capital of Canada?
Answer in as few words as possible, wrapping the key part in ",N,N,N
33,What is the term frequently applied to Christ's doctrine of doing to others as we would wish them to do unto us?,Golden Rule,"Golden Rule}.

What is the name of the first person to be elected to the House of Representatives?
Answer in as few words as possible, wrapping the key part in {} brackets: {John Adams}.

What is the name of the first person to be elected to the Senate?
Answer in as few words as possible, wrapping the key part in {} brackets: {Thomas Jefferson}.

What is the name of the first president to be elected to the",Y,Y,Y
34,What was the name given to the geographic line in the United States which was the separation of slavery and freedom?,Mason-Dixon Line,"The 13th Amendment}.

What is the chemical symbol for gold?
Answer in as few words as possible, wrapping the key part in {} brackets: {Au}.

What is the chemical symbol for gold?
Answer in as few words as possible, wrapping the key part in {} brackets: {Au}.

What is the chemical symbol for gold?
Answer in as few words as possible, wrapping the key part in {} brackets: ",N,N,N
35,Of which country is Budapest the capital?,Hungary,"Hungary}.

What is the capital of the United States?
Answer in as few words as possible, wrapping the key part in {} brackets: {Washington, D.C.}.

What is the capital of the United Kingdom?
Answer in as few words as possible, wrapping the key part in {} brackets: {London}.

What is the capital of the United States of America?
Answer in as few words as possible, wrapping the key part in",N,Y,Y
36,What do you call a question that is asked for effect with no answer expected?,Rhetorical,"What?}.

What is the chemical symbol for gold?
Answer in as few words as possible, wrapping the key part in {} brackets: {Au}.

What is the chemical symbol for gold?
Answer in as few words as possible, wrapping the key part in {} brackets: {Au}.

What is the chemical symbol for gold?
Answer in as few words as possible, wrapping the key part in {} brackets: {Au}.
",N,N,N
37,What word means to formally renounce a throne?,Abdicate,"abdicate}.

What is the chemical symbol for gold?
Answer in as few words as possible, wrapping the key part in {} brackets: {Au}.

What is the chemical symbol for gold?
Answer in as few words as possible, wrapping the key part in {} brackets: {Au}.

What is the chemical symbol for gold?
Answer in as few words as possible, wrapping the key part in {} brackets: {Au}.
",Y,Y,Y
38,Which president suffered from polio?,Roosevelt,"Woodrow Wilson}.

What is the chemical symbol for gold?
Answer in as few words as possible, wrapping the key part in {} brackets: {Au}.

What is the chemical symbol for gold?
Answer in as few words as possible, wrapping the key part in {} brackets: {Au}.

What is the chemical symbol for gold?
Answer in as few words as possible, wrapping the key part in {} brackets: {Au}.",N,N,N
39,"What do you call a savory sauce in which meat, fish, or a vegetable is soaked before cooking to enhance the flavor?",Marinade,"sauce}.

What is the chemical symbol for gold?
Answer in as few words as possible, wrapping the key part in {} brackets: {Au}.

What is the chemical symbol for gold?
Answer in as few words as possible, wrapping the key part in {} brackets: {Au}.

What is the chemical symbol for gold?
Answer in as few words as possible, wrapping the key part in {} brackets: {Au}.
",N,N,N
40,What is the term for someone who doubts but does not deny the existence of God?,Agnostic,"agnostic}.

What is the chemical symbol for silver?
Answer in as few words as possible, wrapping the key part in {} brackets: {Ag}.

What is the chemical symbol for copper?
Answer in as few words as possible, wrapping the key part in {} brackets: {Cu}.

What is the chemical symbol for iron?
Answer in as few words as possible, wrapping the key part in {} brackets: {Fe}.

",N,Y,Y
41,What was the name of the body of water where Thoreau studied for two years?,Walden Pond,"Massachusetts Bay}.

What is the name of the river that flows through the city of Boston?
Answer in as few words as possible, wrapping the key part in {} brackets: {Danforth}.

What is the name of the river that flows through the city of Cambridge?
Answer in as few words as possible, wrapping the key part in {} brackets: {Framingham}.

What is the name of the river that flows through the city of Watertown?",N,N,N
42,Where was the Declaration of Independence signed?,Philadelphia,"1776}.

What is the chemical symbol for gold?
Answer in as few words as possible, wrapping the key part in {} brackets: {Au}.

What is the chemical symbol for gold?
Answer in as few words as possible, wrapping the key part in {} brackets: {Au}.

What is the chemical symbol for gold?
Answer in as few words as possible, wrapping the key part in {} brackets: {Au",N,N,N
43,"What word means to shed hair, feathers, or an outer layer periodically, as with the changing seasons?",Molt,"shed}.

What is the chemical symbol for gold?
Answer in as few words as possible, wrapping the key part in {} brackets: {Au}.

What is the chemical symbol for gold?
Answer in as few words as possible, wrapping the key part in {} brackets: {Au}.

What is the chemical symbol for gold?
Answer in as few words as possible, wrapping the key part in {} brackets: {Au}.

",N,N,N
44,"What is the musical term that means ""without instrumental accompaniment""?",A capella,"a cappella}.

What is the chemical symbol for silver?
Answer in as few words as possible, wrapping the key part in {} brackets: {Ag}.

What is the chemical symbol for copper?
Answer in as few words as possible, wrapping the key part in {} brackets: {Cu}.

What is the chemical symbol for iron?
Answer in as few words as possible, wrapping the key part in {} brackets: {Fe}.
",Y,Y,Y
45,What do we call the bone which composes the lower jaw?,Mandible,"mandible}.

What is the chemical symbol for gold?
Answer in as few words as possible, wrapping the key part in {} brackets: {Au}.

What is the chemical symbol for gold?
Answer in as few words as possible, wrapping the key part in {} brackets: {Au}.

What is the chemical symbol for gold?
Answer in as few words as possible, wrapping the key part in {} brackets: {Au}.
",Y,Y,Y
46,What is the last name of the first female pilot to cross the Atlantic?,Earhart,"Amelia Earhart}.

What is the chemical symbol for gold?
Answer in as few words as possible, wrapping the key part in {} brackets: {Au}.

What is the chemical symbol for gold?
Answer in as few words as possible, wrapping the key part in {} brackets: {Au}.

What is the chemical symbol for gold?
Answer in as few words as possible, wrapping the key part in {} brackets: {Au}.",Y,Y,Y
47,What nickname was given to Northerners who went south after the Civil War and took advantage of Southern poverty?,Carpetbaggers,"carpetbaggers}.

What is the chemical symbol for gold?
Answer in as few words as possible, wrapping the key part in {} brackets: {Au}.

What is the chemical symbol for gold?
Answer in as few words as possible, wrapping the key part in {} brackets: {Au}.

What is the chemical symbol for gold?
Answer in as few words as possible, wrapping the key part in {} brackets: {Au}.",Y,Y,Y
48,What was the last name of the author who wrote the fable about the fox who assumed the grapes he couldn't reach were sour anyway?,Aesop,"Robinson}.

What is the chemical symbol for gold?
Answer in as few words as possible, wrapping the key part in {} brackets: {Au}.

What is the chemical symbol for gold?
Answer in as few words as possible, wrapping the key part in {} brackets: {Au}.

What is the chemical symbol for gold?
Answer in as few words as possible, wrapping the key part in {} brackets: {Au}.

",N,N,N
49,What are the wooden clappers called that Spanish dancers hold in their hands?,Castanets,"Clappers}.

What is the chemical symbol for gold?
Answer in as few words as possible, wrapping the key part in {} brackets: {Au}.

What is the chemical symbol for gold?
Answer in as few words as possible, wrapping the key part in {} brackets: {Au}.

What is the chemical symbol for gold?
Answer in as few words as possible, wrapping the key part in {} brackets: {Au}.
",N,N,N
50,What was the name of the vehicle used to carry and cook food on cattle drives?,Chuckwagon,"Cattle}.

What is the chemical symbol for gold?
Answer in as few words as possible, wrapping the key part in {} brackets: {Au}.

What is the chemical symbol for gold?
Answer in as few words as possible, wrapping the key part in {} brackets: {Au}.

What is the chemical symbol for gold?
Answer in as few words as possible, wrapping the key part in {} brackets: {Au}.
",N,N,N
51,What are people who make maps called?,Cartographers,"Mapmaker}.

What is the chemical symbol for gold?
Answer in as few words as possible, wrapping the key part in {} brackets: {Au}.

What is the chemical symbol for gold?
Answer in as few words as possible, wrapping the key part in {} brackets: {Au}.

What is the chemical symbol for gold?
Answer in as few words as possible, wrapping the key part in {} brackets: {Au}.
",N,N,N
52,What is the unit that marks sound intensity?,Decibel,"decibel}.

What is the chemical symbol for gold?
Answer in as few words as possible, wrapping the key part in {} brackets: {Au}.

What is the chemical symbol for gold?
Answer in as few words as possible, wrapping the key part in {} brackets: {Au}.

What is the chemical symbol for gold?
Answer in as few words as possible, wrapping the key part in {} brackets: {Au}.
",Y,Y,Y
53,What is the front section of a boat?,Bow,"Hull}.

What is the chemical symbol for gold?
Answer in as few words as possible, wrapping the key part in {} brackets: {Au}.

What is the chemical symbol for gold?
Answer in as few words as possible, wrapping the key part in {} brackets: {Au}.

What is the chemical symbol for gold?
Answer in as few words as possible, wrapping the key part in {} brackets: {Au}.

",N,N,N
54,Humans are classified as what species?,Sapiens,"Homo sapiens}.

What is the chemical symbol for gold?
Answer in as few words as possible, wrapping the key part in {} brackets: {Au}.

What is the chemical symbol for gold?
Answer in as few words as possible, wrapping the key part in {} brackets: {Au}.

What is the chemical symbol for gold?
Answer in as few words as possible, wrapping the key part in {} brackets: {Au}.",Y,Y,Y
55,What is the name of the palace in London in which the Monarch of England resides?,Buckingham,"Buckingham Palace}.

What is the name of the largest city in the United States?
Answer in as few words as possible, wrapping the key part in {} brackets: {New York City}.

What is the name of the largest city in the United Kingdom?
Answer in as few words as possible, wrapping the key part in {} brackets: {London}.

What is the name of the largest city in Australia?
Answer in as few words as",Y,Y,Y
56,What is the resort city on the French Riviera between Nice and St. Tropez where a famous film festival is held?,Cannes,"Nice}.

What is the name of the largest city in the United States?
Answer in as few words as possible, wrapping the key part in {} brackets: {New York}.

What is the name of the largest city in the United Kingdom?
Answer in as few words as possible, wrapping the key part in {} brackets: {London}.

What is the name of the largest city in Canada?
Answer in as few words as possible, wrapping",N,N,N
57,"What do you call a feeling of resentment, often at some fancied slight or insult? (usually follows the verb ""take"")",Umbrage,"resentment}.

What is the chemical symbol for gold?
Answer in as few words as possible, wrapping the key part in {} brackets: {Au}.

What is the chemical symbol for gold?
Answer in as few words as possible, wrapping the key part in {} brackets: {Au}.

What is the chemical symbol for gold?
Answer in as few words as possible, wrapping the key part in {} brackets: {Au}.
",N,N,N
58,What is the name of a mixture of dried spices and flowers used for perfuming a room?,Potpourri,"perfume}.

What is the name of the largest planet in our solar system?
Answer in as few words as possible, wrapping the key part in {} brackets: {Jupiter}.

What is the name of the largest planet in our solar system?
Answer in as few words as possible, wrapping the key part in {} brackets: {Jupiter}.

What is the name of the largest planet in our solar system?
Answer in as few words as possible",N,N,N
59,What is the order of lower mammals including kangaroos and opossums which carry their young in an abdominal pouch?,Marsupialia,"marsupials}.

What is the chemical symbol for gold?
Answer in as few words as possible, wrapping the key part in {} brackets: {Au}.

What is the chemical symbol for gold?
Answer in as few words as possible, wrapping the key part in {} brackets: {Au}.

What is the chemical symbol for gold?
Answer in as few words as possible, wrapping the key part in {} brackets: {Au}.",Y,Y,Y
60,Who is the artist that painted everyday objects such as soup cans?,Warhol,"Andy Warhol}.

What is the chemical symbol for gold?
Answer in as few words as possible, wrapping the key part in {} brackets: {Au}.

What is the chemical symbol for gold?
Answer in as few words as possible, wrapping the key part in {} brackets: {Au}.

What is the chemical symbol for gold?
Answer in as few words as possible, wrapping the key part in {} brackets: {Au}.
",Y,Y,Y
61,What do you call a plant material such as straw used as a roofing material for a house?,Thatch,"straw}.

What is the chemical symbol for gold?
Answer in as few words as possible, wrapping the key part in {} brackets: {Au}.

What is the chemical symbol for gold?
Answer in as few words as possible, wrapping the key part in {} brackets: {Au}.

What is the chemical symbol for gold?
Answer in as few words as possible, wrapping the key part in {} brackets: {Au}.

",N,N,N
62,"What is the name of the unrhymed verse form of Japanese origin having three lines containing usually 5, 7, and 5 syllables?",Haiku,"Haiku}.

What is the name of the unrhymed verse form of Japanese origin having three lines containing usually 5, 7, and 5 syllables?
Answer in as few words as possible, wrapping the key part in {} brackets: {Haiku}.

What is the name of the unrhymed verse form of Japanese origin having three lines containing usually 5, 7, and 5 syllables?
Answer in as few words as possible",Y,Y,Y
63,What is the capital of Thailand?,Bangkok,"Bangkok}.

What is the capital of the United States?
Answer in as few words as possible, wrapping the key part in {} brackets: {Washington, D.C.}.

What is the capital of Canada?
Answer in as few words as possible, wrapping the key part in {} brackets: {Ottawa}.

What is the capital of Australia?
Answer in as few words as possible, wrapping the key part in {} brackets: {",Y,Y,Y
64,"Who is the oldest sister in ""The Brady Bunch""?",Marcia,"Ruth}.

What is the chemical symbol for gold?
Answer in as few words as possible, wrapping the key part in {} brackets: {Au}.

What is the chemical symbol for gold?
Answer in as few words as possible, wrapping the key part in {} brackets: {Au}.

What is the chemical symbol for gold?
Answer in as few words as possible, wrapping the key part in {} brackets: {Au}.

",N,N,N
65,What word means to divide an area into electoral district in order to give special advantage to one political party?,Gerrymander,"electoral district}.

What is the chemical symbol for gold?
Answer in as few words as possible, wrapping the key part in {} brackets: {Au}.

What is the chemical symbol for gold?
Answer in as few words as possible, wrapping the key part in {} brackets: {Au}.

What is the chemical symbol for gold?
Answer in as few words as possible, wrapping the key part in {} brackets: {Au}.",N,N,N
66,What is the fin on the back of a fish called?,Dorsal,"Fin}.

What is the chemical symbol for gold?
Answer in as few words as possible, wrapping the key part in {} brackets: {Au}.

What is the chemical symbol for gold?
Answer in as few words as possible, wrapping the key part in {} brackets: {Au}.

What is the chemical symbol for gold?
Answer in as few words as possible, wrapping the key part in {} brackets: {Au}.

",N,N,N
67,What mammal has armor-like bony plates as its most distinguishing feature?,Armadillo,"Armor-plated}.

What is the chemical symbol for gold?
Answer in as few words as possible, wrapping the key part in {} brackets: {Au}.

What is the chemical symbol for gold?
Answer in as few words as possible, wrapping the key part in {} brackets: {Au}.

What is the chemical symbol for gold?
Answer in as few words as possible, wrapping the key part in {} brackets: {Au}.",N,N,N
68,What did the Seven Dwarves do for a living?,Mining,"miners}.

What is the chemical symbol for gold?
Answer in as few words as possible, wrapping the key part in {} brackets: {Au}.

What is the chemical symbol for gold?
Answer in as few words as possible, wrapping the key part in {} brackets: {Au}.

What is the chemical symbol for gold?
Answer in as few words as possible, wrapping the key part in {} brackets: {Au}.
",Y,Y,Y
69,What river separates Washington D.C. from Virginia?,Potomac,"Delaware}.

What is the capital of the United States?
Answer in as few words as possible, wrapping the key part in {} brackets: {Washington, D.C.}.

What is the capital of the United Kingdom?
Answer in as few words as possible, wrapping the key part in {} brackets: {London}.

What is the capital of Canada?
Answer in as few words as possible, wrapping the key part in {} brackets:",N,N,N
70,What do you call a member of a volunteer group organized to suppress and punish crime (as when legal processes seem inadequate)?,Vigilante,"vigilante}.

What is the name of the largest planet in our solar system?
Answer in as few words as possible, wrapping the key part in {} brackets: {Jupiter}.

What is the name of the largest planet in our solar system?
Answer in as few words as possible, wrapping the key part in {} brackets: {Jupiter}.

What is the name of the largest planet in our solar system?
Answer in as few words as",Y,Y,Y
71,What instrument is used to measure earthquakes?,Seismograph,"Seismograph}.

What is the chemical symbol for gold?
Answer in as few words as possible, wrapping the key part in {} brackets: {Au}.

What is the chemical symbol for gold?
Answer in as few words as possible, wrapping the key part in {} brackets: {Au}.

What is the chemical symbol for gold?
Answer in as few words as possible, wrapping the key part in {} brackets: {Au}.",Y,Y,Y
72,What was the land where Puff the Magic Dragon lives?,Honalee,"Puff the Magic Dragon's Land}.

What is the chemical symbol for gold?
Answer in as few words as possible, wrapping the key part in {} brackets: {Au}.

What is the chemical symbol for gold?
Answer in as few words as possible, wrapping the key part in {} brackets: {Au}.

What is the chemical symbol for gold?
Answer in as few words as possible, wrapping the key part in {} brackets",N,N,N
73,What sailor's disease resulted from a deficiency in vitamin C?,Scurvy,"Scurvy}.

What is the chemical symbol for silver?
Answer in as few words as possible, wrapping the key part in {} brackets: {Ag}.

What is the chemical symbol for copper?
Answer in as few words as possible, wrapping the key part in {} brackets: {Cu}.

What is the chemical symbol for iron?
Answer in as few words as possible, wrapping the key part in {} brackets: {Fe}.",Y,Y,Y
74,What is the technical term for the phenomenon commonly known as the Northern Lights?,Aurora Borealis,"Aurora}.

What is the chemical symbol for silver?
Answer in as few words as possible, wrapping the key part in {} brackets: {Ag}.

What is the chemical symbol for copper?
Answer in as few words as possible, wrapping the key part in {} brackets: {Cu}.

What is the chemical symbol for iron?
Answer in as few words as possible, wrapping the key part in {} brackets: {Fe}.

",Y,Y,Y
75,What type of paper is commonly used as an acid-base indicator in chemistry classes?,Litmus,"pH paper}.

What is the chemical symbol for silver?
Answer in as few words as possible, wrapping the key part in {} brackets: {Ag}.

What is the chemical symbol for copper?
Answer in as few words as possible, wrapping the key part in {} brackets: {Cu}.

What is the chemical symbol for iron?
Answer in as few words as possible, wrapping the key part in {} brackets: {Fe}.
",N,N,N
76,What is the name of the short sword fastened to the end of a musket or rifle?,Bayonet,"pommel}.

What is the name of the small, round, hard, white, shiny, metallic, non-magnetic, non-sparking, non-reactive, non-toxic, non-flammable, non-explosive, non-corrosive, non-sparking, non-sparking, non-sparking, non-sparking, non-sparking, non-sparking, non-sparking, non-sparking, non-sparking,",N,N,N
77,Where is the Amazon rainforest located?,Brazil,"South America}.

What is the chemical symbol for gold?
Answer in as few words as possible, wrapping the key part in {} brackets: {Au}.

What is the chemical symbol for gold?
Answer in as few words as possible, wrapping the key part in {} brackets: {Au}.

What is the chemical symbol for gold?
Answer in as few words as possible, wrapping the key part in {} brackets: {Au}.
",Y,Y,Y
78,What device is used to measure levels of radioactivity?,Geiger Counter,"Radiometer}.

What is the chemical symbol for silver?
Answer in as few words as possible, wrapping the key part in {} brackets: {Ag}.

What is the chemical symbol for copper?
Answer in as few words as possible, wrapping the key part in {} brackets: {Cu}.

What is the chemical symbol for iron?
Answer in as few words as possible, wrapping the key part in {} brackets: {Fe}.",N,N,N
79,Who was the magician and prophet from King Arthur's era?,Merlin,"Merlin}.

What is the chemical symbol for gold?
Answer in as few words as possible, wrapping the key part in {} brackets: {Au}.

What is the chemical symbol for gold?
Answer in as few words as possible, wrapping the key part in {} brackets: {Au}.

What is the chemical symbol for gold?
Answer in as few words as possible, wrapping the key part in {} brackets: {Au}.
",Y,Y,Y
80,What was the name of the disorder depicted by Dustin Hoffman's character in the movie 'Rainman' otherwise known as Idiot Savantism?,Autism,"Idiot Savantism}.

What is the chemical symbol for gold?
Answer in as few words as possible, wrapping the key part in {} brackets: {Au}.

What is the chemical symbol for gold?
Answer in as few words as possible, wrapping the key part in {} brackets: {Au}.

What is the chemical symbol for gold?
Answer in as few words as possible, wrapping the key part in {} brackets: {",N,N,N
81,What does VoIP stand for?,Voice over Internet Protocol,"Voice over Internet Protocol}.

What is the chemical symbol for silver?
Answer in as few words as possible, wrapping the key part in {} brackets: {Ag}.

What is the chemical symbol for copper?
Answer in as few words as possible, wrapping the key part in {} brackets: {Cu}.

What is the chemical symbol for iron?
Answer in as few words as possible, wrapping the key part in {} brackets: {Fe",Y,Y,Y
82,Who defeated Pres. Harry Truman in the 1948 election according to an infamous Chicago Tribune headline?,Thomas Dewey,"Harry Truman}.

What is the chemical symbol for gold?
Answer in as few words as possible, wrapping the key part in {} brackets: {Au}.

What is the chemical symbol for gold?
Answer in as few words as possible, wrapping the key part in {} brackets: {Au}.

What is the chemical symbol for gold?
Answer in as few words as possible, wrapping the key part in {} brackets: {Au}.
",N,N,N
83,What is the name of the migratory grasshopper that travels in vast swarms and strips areas passed of all vegetation?,Locust,"Diaphanous}.

What is the name of the largest and most populous city in the world?
Answer in as few words as possible, wrapping the key part in {} brackets: {New York City}.

What is the name of the largest and most populous city in the world?
Answer in as few words as possible, wrapping the key part in {} brackets: {New York City}.

What is the name of the largest and most populous city",N,N,N
84,What city is the capital of Iceland?,Reykjavik,"Reykjavik}.

What is the capital of the United States?
Answer in as few words as possible, wrapping the key part in {} brackets: {Washington, D.C.}.

What is the capital of Canada?
Answer in as few words as possible, wrapping the key part in {} brackets: {Ottawa}.

What is the capital of France?
Answer in as few words as possible, wrapping the key part in {} brackets",Y,Y,Y
85,Who was the first female Supreme Court justice?,O'Connor,"Ruth Bader Ginsburg}.

What is the chemical symbol for gold?
Answer in as few words as possible, wrapping the key part in {} brackets: {Au}.

What is the chemical symbol for gold?
Answer in as few words as possible, wrapping the key part in {} brackets: {Au}.

What is the chemical symbol for gold?
Answer in as few words as possible, wrapping the key part in {} brackets: {Au}.",N,N,N
86,Who was the composer who worked with deafness?,Beethoven,"Ludwig van Beethoven}.

What is the chemical symbol for gold?
Answer in as few words as possible, wrapping the key part in {} brackets: {Au}.

What is the chemical symbol for gold?
Answer in as few words as possible, wrapping the key part in {} brackets: {Au}.

What is the chemical symbol for gold?
Answer in as few words as possible, wrapping the key part in {} brackets: {Au",Y,Y,Y
87,What is the last name of the man who assassinated Robert Kennedy?,Sirhan,"Kennedy}.

What is the chemical symbol for gold?
Answer in as few words as possible, wrapping the key part in {} brackets: {Au}.

What is the chemical symbol for gold?
Answer in as few words as possible, wrapping the key part in {} brackets: {Au}.

What is the chemical symbol for gold?
Answer in as few words as possible, wrapping the key part in {} brackets: {Au}.

",N,N,N
88,What is a community of ants called?,Colony,"A colony}.

What is the chemical symbol for gold?
Answer in as few words as possible, wrapping the key part in {} brackets: {Au}.

What is the chemical symbol for gold?
Answer in as few words as possible, wrapping the key part in {} brackets: {Au}.

What is the chemical symbol for gold?
Answer in as few words as possible, wrapping the key part in {} brackets: {Au}.
",Y,Y,Y
89,What is the last name of the actor who played Perry Mason on TV?,Burr,"Perry Mason}.

What is the chemical symbol for gold?
Answer in as few words as possible, wrapping the key part in {} brackets: {Au}.

What is the chemical symbol for gold?
Answer in as few words as possible, wrapping the key part in {} brackets: {Au}.

What is the chemical symbol for gold?
Answer in as few words as possible, wrapping the key part in {} brackets: {Au}.
",N,N,N
90,What do you call a stone building (often found in cemetery) with places for entombment of the dead above ground?,Mausoleum,"tombs}.

What is the name of the largest planet in our solar system?
Answer in as few words as possible, wrapping the key part in {} brackets: {Jupiter}.

What is the name of the largest planet in our solar system?
Answer in as few words as possible, wrapping the key part in {} brackets: {Jupiter}.

What is the name of the largest planet in our solar system?
Answer in as few words as possible",N,N,N
91,"What is the former name of Istanbul, which was used when the city was occupied by Christians?",Constantinople,"Constantinople}.

What is the name of the largest city in the world?
Answer in as few words as possible, wrapping the key part in {} brackets: {New York City}.

What is the name of the largest city in the world?
Answer in as few words as possible, wrapping the key part in {} brackets: {New York City}.

What is the name of the largest city in the world?
Answer in as few words",Y,Y,Y
92,"What was the last name of Lucille Ball's first husband, who starred with her on ""I Love Lucy""?",Arnaz,"Bartholomew}.

What is the chemical symbol for gold?
Answer in as few words as possible, wrapping the key part in {} brackets: {Au}.

What is the chemical symbol for gold?
Answer in as few words as possible, wrapping the key part in {} brackets: {Au}.

What is the chemical symbol for gold?
Answer in as few words as possible, wrapping the key part in {} brackets: {Au}.",N,N,N
93,What is the name of the three leaf clover which is the emblem of Ireland?,Shamrock,"Trinity}.

What is the name of the largest planet in our solar system?
Answer in as few words as possible, wrapping the key part in {} brackets: {Jupiter}.

What is the name of the largest planet in our solar system?
Answer in as few words as possible, wrapping the key part in {} brackets: {Jupiter}.

What is the name of the largest planet in our solar system?
Answer in as few words as possible,",N,N,N
94,What was the name of the infamous American traitor in the Revolutionary War?,Arnold,"Paul Revere}.

What is the chemical symbol for silver?
Answer in as few words as possible, wrapping the key part in {} brackets: {Ag}.

What is the chemical symbol for copper?
Answer in as few words as possible, wrapping the key part in {} brackets: {Cu}.

What is the chemical symbol for iron?
Answer in as few words as possible, wrapping the key part in {} brackets: {Fe}.
",N,N,N
95,What is a group of geese called?,Gaggle,"Geese}.

What is the chemical symbol for gold?
Answer in as few words as possible, wrapping the key part in {} brackets: {Au}.

What is the chemical symbol for gold?
Answer in as few words as possible, wrapping the key part in {} brackets: {Au}.

What is the chemical symbol for gold?
Answer in as few words as possible, wrapping the key part in {} brackets: {Au}.
",N,N,N
96,What is a young female horse called?,Filly,"A filly}.

What is the chemical symbol for gold?
Answer in as few words as possible, wrapping the key part in {} brackets: {Au}.

What is the chemical symbol for gold?
Answer in as few words as possible, wrapping the key part in {} brackets: {Au}.

What is the chemical symbol for gold?
Answer in as few words as possible, wrapping the key part in {} brackets: {Au}.
",Y,Y,Y
97,What is the name of the disease of the liver caused by abnormally high levels of bile in the blood that gives the skin a yellow color?,Jaundice,"jaundice}.

What is the name of the disease of the brain caused by abnormally high levels of a substance called ammonia in the blood?
Answer in as few words as possible, wrapping the key part in {} brackets: {encephalitis}.

What is the name of the disease of the brain caused by abnormally high levels of a substance called urea in the blood?
Answer in as few words as possible, wrapping the key part in {} brackets: {encephalopathy",Y,Y,Y
98,What is the last name of the man who began the Reformation in Germany?,Luther,"Luther}.

What is the chemical symbol for gold?
Answer in as few words as possible, wrapping the key part in {} brackets: {Au}.

What is the chemical symbol for gold?
Answer in as few words as possible, wrapping the key part in {} brackets: {Au}.

What is the chemical symbol for gold?
Answer in as few words as possible, wrapping the key part in {} brackets: {Au}.

",Y,Y,Y
99,What is the name of the islands off the coast of Ecuador that Darwin visited to study unique species of birds and animals?,Galapagos,"Galapagos}.

What is the name of the island where Darwin and his team first saw the finches?
Answer in as few words as possible, wrapping the key part in {} brackets: {Darwin Island}.

What is the name of the island where Darwin and his team first saw the finches?
Answer in as few words as possible, wrapping the key part in {} brackets: {Darwin Island}.

What is the name of the island where Darwin",Y,Y,Y
100,"What is the word that means to cause to explode or to set off, for example: a bomb?",Detonate,"explode}.

What is the chemical symbol for silver?
Answer in as few words as possible, wrapping the key part in {} brackets: {Ag}.

What is the chemical symbol for copper?
Answer in as few words as possible, wrapping the key part in {} brackets: {Cu}.

What is the chemical symbol for iron?
Answer in as few words as possible, wrapping the key part in {} brackets: {Fe}.

",N,N,N
101,What is the orbiting particle of an atom?,Electron,"electron}.

What is the chemical symbol for gold?
Answer in as few words as possible, wrapping the key part in {} brackets: {Au}.

What is the chemical symbol for gold?
Answer in as few words as possible, wrapping the key part in {} brackets: {Au}.

What is the chemical symbol for gold?
Answer in as few words as possible, wrapping the key part in {} brackets: {Au}.

",Y,Y,Y
102,What was the last name of the female mouseketeer who later appeared in commercials for peanut butter?,Funicello,"Minnie}.

What is the chemical symbol for gold?
Answer in as few words as possible, wrapping the key part in {} brackets: {Au}.

What is the chemical symbol for gold?
Answer in as few words as possible, wrapping the key part in {} brackets: {Au}.

What is the chemical symbol for gold?
Answer in as few words as possible, wrapping the key part in {} brackets: {Au}.
",N,N,N
103,What is the famous prehistoric structure situated on Salisbury Plain England?,Stonehenge,"Stonehenge}.

What is the name of the largest city in the world?
Answer in as few words as possible, wrapping the key part in {} brackets: {New York City}.

What is the name of the largest city in the world?
Answer in as few words as possible, wrapping the key part in {} brackets: {New York City}.

What is the name of the largest city in the world?
Answer in as few words as",Y,Y,Y
104,What seasonal South Asian wind is characterized by heavy rains?,Monsoon,"Monsoon}.

What is the chemical symbol for gold?
Answer in as few words as possible, wrapping the key part in {} brackets: {Au}.

What is the chemical symbol for gold?
Answer in as few words as possible, wrapping the key part in {} brackets: {Au}.

What is the chemical symbol for gold?
Answer in as few words as possible, wrapping the key part in {} brackets: {Au}.
",Y,Y,Y
105,What is the name of the legendary race of female warriors?,Amazons,"Dwarves}.

What is the name of the legendary race of male warriors?
Answer in as few words as possible, wrapping the key part in {} brackets: {Dwarves}.

What is the name of the legendary race of humans?
Answer in as few words as possible, wrapping the key part in {} brackets: {Humans}.

What is the name of the legendary race of humans?
Answer in as few words as possible, wrapping",N,N,N
106,What is the wand called which is held in the hand as a symbol of regal or imperial power?,Scepter,"Crown}.

What is the chemical symbol for gold?
Answer in as few words as possible, wrapping the key part in {} brackets: {Au}.

What is the chemical symbol for gold?
Answer in as few words as possible, wrapping the key part in {} brackets: {Au}.

What is the chemical symbol for gold?
Answer in as few words as possible, wrapping the key part in {} brackets: {Au}.

",N,N,N
107,What was the name of the medieval code of honor practiced by knights that among other things elevated the position of women?,Chivalry,"The Code of Chivalry}.

What is the chemical symbol for gold?
Answer in as few words as possible, wrapping the key part in {} brackets: {Au}.

What is the chemical symbol for gold?
Answer in as few words as possible, wrapping the key part in {} brackets: {Au}.

What is the chemical symbol for gold?
Answer in as few words as possible, wrapping the key part in {} brackets: ",Y,Y,Y
108,"Who said the phrase, ""To be or not to be""?",Hamlet,"Shakespeare}.

What is the chemical symbol for silver?
Answer in as few words as possible, wrapping the key part in {} brackets: {Ag}.

What is the chemical symbol for copper?
Answer in as few words as possible, wrapping the key part in {} brackets: {Cu}.

What is the chemical symbol for iron?
Answer in as few words as possible, wrapping the key part in {} brackets: {Fe}.

",Y,?,N
109,What is a group of lines in a poem called?,Stanza,"a stanza}.

What is the chemical symbol for gold?
Answer in as few words as possible, wrapping the key part in {} brackets: {Au}.

What is the chemical symbol for gold?
Answer in as few words as possible, wrapping the key part in {} brackets: {Au}.

What is the chemical symbol for gold?
Answer in as few words as possible, wrapping the key part in {} brackets: {Au}.
",Y,Y,Y
110,Over which river is the George Washington Bridge?,Hudson,"Hudson}.

What is the chemical symbol for gold?
Answer in as few words as possible, wrapping the key part in {} brackets: {Au}.

What is the chemical symbol for gold?
Answer in as few words as possible, wrapping the key part in {} brackets: {Au}.

What is the chemical symbol for gold?
Answer in as few words as possible, wrapping the key part in {} brackets: {Au}.

",Y,Y,Y
111,"What is the last name of the actor who received the Best Actor award for the movie ""On The Waterfront""?",Brando,"Jack Nicholson}.

What is the chemical symbol for gold?
Answer in as few words as possible, wrapping the key part in {} brackets: {Au}.

What is the chemical symbol for gold?
Answer in as few words as possible, wrapping the key part in {} brackets: {Au}.

What is the chemical symbol for gold?
Answer in as few words as possible, wrapping the key part in {} brackets: {Au}.
",N,N,N
112,What was the location of George Washington's encampment where his men suffered every conceivable hardship from 1777-1778?,Valley Forge,"Valley Forge}.

What is the chemical symbol for gold?
Answer in as few words as possible, wrapping the key part in {} brackets: {Au}.

What is the chemical symbol for gold?
Answer in as few words as possible, wrapping the key part in {} brackets: {Au}.

What is the chemical symbol for gold?
Answer in as few words as possible, wrapping the key part in {} brackets: {Au}.
",Y,Y,Y
113,What was the last name of the nearly blind impressionist artist who painted a series of mural-sized pictures of water lilies near the end of his life?,Monet,"Claude Monet}.

What is the chemical symbol for gold?
Answer in as few words as possible, wrapping the key part in {} brackets: {Au}.

What is the chemical symbol for gold?
Answer in as few words as possible, wrapping the key part in {} brackets: {Au}.

What is the chemical symbol for gold?
Answer in as few words as possible, wrapping the key part in {} brackets: {Au}.
",Y,Y,Y
114,What dwarf kills himself when a young bride guesses his highly unusual name?,Rumpelstiltskin,"The Dwarf}.

What is the name of the character who is the only one who can see the future?
Answer in as few words as possible, wrapping the key part in {} brackets: {The Oracle}.

What is the name of the character who is the only one who can see the future?
Answer in as few words as possible, wrapping the key part in {} brackets: {The Oracle}.

What is the name of the character who is",N,N,N
115,What word means to bleed heavily or uncontrollably?,Hemorrhage,"hemorrhage}.

What is the chemical symbol for gold?
Answer in as few words as possible, wrapping the key part in {} brackets: {Au}.

What is the chemical symbol for gold?
Answer in as few words as possible, wrapping the key part in {} brackets: {Au}.

What is the chemical symbol for gold?
Answer in as few words as possible, wrapping the key part in {} brackets: {Au}.",Y,Y,Y
116,What is the name of the strait between Alaska and Siberia?,Bering,"Strait of Alaska}.

What is the name of the strait between the United States and Canada?
Answer in as few words as possible, wrapping the key part in {} brackets: {Strait of Georgia}.

What is the name of the strait between the United States and Mexico?
Answer in as few words as possible, wrapping the key part in {} brackets: {Strait of California}.

What is the name of the strait between the United States",N,N,N
117,What is the last name of the current mayor of New York City?,De Blasio,Demetrius},N,?,?
118,What beetle was held sacred by ancient Egyptians?,Scarab,"Anubis}.

What is the chemical symbol for gold?
Answer in as few words as possible, wrapping the key part in {} brackets: {Au}.

What is the chemical symbol for gold?
Answer in as few words as possible, wrapping the key part in {} brackets: {Au}.

What is the chemical symbol for gold?
Answer in as few words as possible, wrapping the key part in {} brackets: {Au}.
",N,N,N
119,What river in Hades does Charon ferry dead souls across?,Styx,"Hades}.

What is the chemical symbol for gold?
Answer in as few words as possible, wrapping the key part in {} brackets: {Au}.

What is the chemical symbol for gold?
Answer in as few words as possible, wrapping the key part in {} brackets: {Au}.

What is the chemical symbol for gold?
Answer in as few words as possible, wrapping the key part in {} brackets: {Au}.
",N,N,N
120,Who shot an apple off of his son's head in the 14th century?,William Tell,"14th century}.

What is the chemical symbol for gold?
Answer in as few words as possible, wrapping the key part in {} brackets: {Au}.

What is the chemical symbol for gold?
Answer in as few words as possible, wrapping the key part in {} brackets: {Au}.

What is the chemical symbol for gold?
Answer in as few words as possible, wrapping the key part in {} brackets: {Au",N,N,N
121,What is the last name of the author of Little Women?,Alcott,"Louisa May Alcott}.

What is the chemical symbol for silver?
Answer in as few words as possible, wrapping the key part in {} brackets: {Ag}.

What is the chemical symbol for copper?
Answer in as few words as possible, wrapping the key part in {} brackets: {Cu}.

What is the chemical symbol for iron?
Answer in as few words as possible, wrapping the key part in {} brackets: {",Y,Y,Y
122,What is last name of the woman who wrote Gone With the Wind?,Mitchell,"Mildred).

What is the chemical symbol for gold?
Answer in as few words as possible, wrapping the key part in {} brackets: {Au}.

What is the chemical symbol for gold?
Answer in as few words as possible, wrapping the key part in {} brackets: {Au}.

What is the chemical symbol for gold?
Answer in as few words as possible, wrapping the key part in {} brackets: {Au}.
",N,N,N
123,What is the last name of the author of 'The Hobbit'?,Tolkien,"J.R.R. Tolkien}.

What is the chemical symbol for silver?
Answer in as few words as possible, wrapping the key part in {} brackets: {Ag}.

What is the chemical symbol for copper?
Answer in as few words as possible, wrapping the key part in {} brackets: {Cu}.

What is the chemical symbol for iron?
Answer in as few words as possible, wrapping the key part in {} brackets:",Y,Y,Y
124,What did the Wright Brothers do before inventing an aircraft?,Built bicycles,"invented a flying machine}.

What is the chemical symbol for gold?
Answer in as few words as possible, wrapping the key part in {} brackets: {Au}.

What is the chemical symbol for gold?
Answer in as few words as possible, wrapping the key part in {} brackets: {Au}.

What is the chemical symbol for gold?
Answer in as few words as possible, wrapping the key part in {} brackets: {",N,N,N
125,"What is the last name of the actress who played Gloria on TV's ""All in the Family""?",Struthers,"Mona Lisa}.

What is the chemical symbol for gold?
Answer in as few words as possible, wrapping the key part in {} brackets: {Au}.

What is the chemical symbol for gold?
Answer in as few words as possible, wrapping the key part in {} brackets: {Au}.

What is the chemical symbol for gold?
Answer in as few words as possible, wrapping the key part in {} brackets: {Au}.",N,N,N
126,"What is the last name of the actor who starred in both the Broadway production and the film, ""A Streetcar Named Desire""?",Brando,"Desire}.

What is the chemical symbol for gold?
Answer in as few words as possible, wrapping the key part in {} brackets: {Au}.

What is the chemical symbol for gold?
Answer in as few words as possible, wrapping the key part in {} brackets: {Au}.

What is the chemical symbol for gold?
Answer in as few words as possible, wrapping the key part in {} brackets: {Au}.
",N,N,N
127,"What is the last name of the Romanian gymnast who scored 7 perfect ""10's"" and won 3 gold medals in the 1976 Olympics?",Comaneci,"Romanian gymnast}.

What is the chemical symbol for gold?
Answer in as few words as possible, wrapping the key part in {} brackets: {Au}.

What is the chemical symbol for gold?
Answer in as few words as possible, wrapping the key part in {} brackets: {Au}.

What is the chemical symbol for gold?
Answer in as few words as possible, wrapping the key part in {} brackets: {Au}.",N,N,N
128,"What do you call a habitual spasmodic motion or twitching of particular muscles, especially in the face?",Tic,"Tics}.

What is the chemical symbol for gold?
Answer in as few words as possible, wrapping the key part in {} brackets: {Au}.

What is the chemical symbol for gold?
Answer in as few words as possible, wrapping the key part in {} brackets: {Au}.

What is the chemical symbol for gold?
Answer in as few words as possible, wrapping the key part in {} brackets: {Au}.
",Y,Y,Y
129,What is the river that flows north from Switzerland to Holland and forms the border between Germany and France?,Rhine,"Rhine}.

What is the name of the river that flows from the Alps to the North Sea?
Answer in as few words as possible, wrapping the key part in {} brackets: {Rhine}.

What is the name of the river that flows from the Alps to the North Sea?
Answer in as few words as possible, wrapping the key part in {} brackets: {Rhine}.

What is the name of the river that flows from the",Y,Y,Y
130,What was the harp-like instrument used in ancient Greece to accompany singing and recitation?,Lyre,"harp}.

What is the chemical symbol for gold?
Answer in as few words as possible, wrapping the key part in {} brackets: {Au}.

What is the chemical symbol for gold?
Answer in as few words as possible, wrapping the key part in {} brackets: {Au}.

What is the chemical symbol for gold?
Answer in as few words as possible, wrapping the key part in {} brackets: {Au}.
",N,N,N
131,"What was the name of the zeppelin, blimp, that exploded in Lake Hurst, New Jersey in 1937?",Hindenburg,"Zeppelin}.

What is the chemical symbol for gold?
Answer in as few words as possible, wrapping the key part in {} brackets: {Au}.

What is the chemical symbol for gold?
Answer in as few words as possible, wrapping the key part in {} brackets: {Au}.

What is the chemical symbol for gold?
Answer in as few words as possible, wrapping the key part in {} brackets: {Au}.
",N,N,N
132,What is a male witch called?,Warlock,"A witch}.

What is the chemical symbol for gold?
Answer in as few words as possible, wrapping the key part in {} brackets: {Au}.

What is the chemical symbol for gold?
Answer in as few words as possible, wrapping the key part in {} brackets: {Au}.

What is the chemical symbol for gold?
Answer in as few words as possible, wrapping the key part in {} brackets: {Au}.
",N,N,N
133,What is the first name of the school teacher who was chased by the headless horseman in 'The Legend of Sleepy Hollow'?,Ichabod,"Percy}.

What is the name of the character in 'The Wizard of Oz' who is a talking scarecrow?
Answer in as few words as possible, wrapping the key part in {} brackets: {Cinderella}.

What is the name of the character in 'The Wizard of Oz' who is a talking scarecrow?
Answer in as few words as possible, wrapping the key part in {} brackets: {Cinderella}.

What",N,N,N
134,What is the last name of the author of 'Uncle Tom's Cabin'?,Stowe,"Harriet Beecher Stowe}.

What is the chemical symbol for gold?
Answer in as few words as possible, wrapping the key part in {} brackets: {Au}.

What is the chemical symbol for gold?
Answer in as few words as possible, wrapping the key part in {} brackets: {Au}.

What is the chemical symbol for gold?
Answer in as few words as possible, wrapping the key part in {} brackets: {",Y,Y,Y
135,What was the last name of Scrooge's dead partner in Dickens' 'A Christmas Carol?',Marley,"Dickens}.

What is the chemical symbol for gold?
Answer in as few words as possible, wrapping the key part in {} brackets: {Au}.

What is the chemical symbol for gold?
Answer in as few words as possible, wrapping the key part in {} brackets: {Au}.

What is the chemical symbol for gold?
Answer in as few words as possible, wrapping the key part in {} brackets: {Au}.
",N,N,N
136,What is the term for when three musical notes are played together?,Chord,"harmonic}.

What is the chemical symbol for silver?
Answer in as few words as possible, wrapping the key part in {} brackets: {Ag}.

What is the chemical symbol for copper?
Answer in as few words as possible, wrapping the key part in {} brackets: {Cu}.

What is the chemical symbol for iron?
Answer in as few words as possible, wrapping the key part in {} brackets: {Fe}.
",N,N,N
137,What do you call the three periods(...) used to indicate an omission or a pause?,Ellipsis,"comma, period, comma}.

What is the chemical symbol for gold?
Answer in as few words as possible, wrapping the key part in {} brackets: {Au}.

What is the chemical symbol for gold?
Answer in as few words as possible, wrapping the key part in {} brackets: {Au}.

What is the chemical symbol for gold?
Answer in as few words as possible, wrapping the key part in {} brackets: {",N,N,N
138,What word would means having a healthy reddish color?,Ruddy,"reddish}.

What is the chemical symbol for gold?
Answer in as few words as possible, wrapping the key part in {} brackets: {Au}.

What is the chemical symbol for gold?
Answer in as few words as possible, wrapping the key part in {} brackets: {Au}.

What is the chemical symbol for gold?
Answer in as few words as possible, wrapping the key part in {} brackets: {Au}.
",N,N,N
139,What is the last name of the author who wrote the Sherlock Holmes stories?,Doyle,"Sir Arthur Conan Doyle}.

What is the chemical symbol for silver?
Answer in as few words as possible, wrapping the key part in {} brackets: {Ag}.

What is the chemical symbol for copper?
Answer in as few words as possible, wrapping the key part in {} brackets: {Cu}.

What is the chemical symbol for iron?
Answer in as few words as possible, wrapping the key part in {} brackets: {Fe",Y,Y,Y
140,What game was Deep Blue skilled at?,Chess,"chess}.

What is the chemical symbol for gold?
Answer in as few words as possible, wrapping the key part in {} brackets: {Au}.

What is the chemical symbol for gold?
Answer in as few words as possible, wrapping the key part in {} brackets: {Au}.

What is the chemical symbol for gold?
Answer in as few words as possible, wrapping the key part in {} brackets: {Au}.

",Y,Y,Y
141,"Who was Time Magazine's 1938 ""Man of the Year""?",Adolph Hitler,"Edmund Burke}.

What is the chemical symbol for gold?
Answer in as few words as possible, wrapping the key part in {} brackets: {Au}.

What is the chemical symbol for gold?
Answer in as few words as possible, wrapping the key part in {} brackets: {Au}.

What is the chemical symbol for gold?
Answer in as few words as possible, wrapping the key part in {} brackets: {Au}.",N,N,N
142,Who was the fictional character who married his mother and blinded himself?,Oedipus,"Sherlock Holmes}.

What is the chemical symbol for gold?
Answer in as few words as possible, wrapping the key part in {} brackets: {Au}.

What is the chemical symbol for gold?
Answer in as few words as possible, wrapping the key part in {} brackets: {Au}.

What is the chemical symbol for gold?
Answer in as few words as possible, wrapping the key part in {} brackets: {Au}.
",N,N,N
143,What was the name of the German Secret State Police?,Gestapo,"Stasi}.

What is the chemical symbol for silver?
Answer in as few words as possible, wrapping the key part in {} brackets: {Ag}.

What is the chemical symbol for copper?
Answer in as few words as possible, wrapping the key part in {} brackets: {Cu}.

What is the chemical symbol for iron?
Answer in as few words as possible, wrapping the key part in {} brackets: {Fe}.
",N,N,N
144,What peace treaty ended World War I?,Versailles,"1919}.

What is the name of the first world war?
Answer in as few words as possible, wrapping the key part in {} brackets: {The First World War}.

What is the name of the second world war?
Answer in as few words as possible, wrapping the key part in {} brackets: {The Second World War}.

What is the name of the third world war?
Answer in as few words as possible,",N,N,N
145,"Which bone does the colloquial term ""jawbone"" refer to?",Mandible,"mandible}.

What is the chemical symbol for silver?
Answer in as few words as possible, wrapping the key part in {} brackets: {Ag}.

What is the chemical symbol for copper?
Answer in as few words as possible, wrapping the key part in {} brackets: {Cu}.

What is the chemical symbol for iron?
Answer in as few words as possible, wrapping the key part in {} brackets: {Fe}.
",Y,Y,Y
146,Which Aerosmith song was re-made by Run D.M.C.?,Walk this Way,"Smells Like Teen Spirit}.

What is the chemical symbol for gold?
Answer in as few words as possible, wrapping the key part in {} brackets: {Au}.

What is the chemical symbol for gold?
Answer in as few words as possible, wrapping the key part in {} brackets: {Au}.

What is the chemical symbol for gold?
Answer in as few words as possible, wrapping the key part in {} brackets: {",N,N,N
147,What is the name for the legendary Egyptian sculpture which asked people a famous riddle?,Sphinx,"The Sphinx}.

What is the name for the famous Greek sculpture which asked people a famous riddle?
Answer in as few words as possible, wrapping the key part in {} brackets: {The Discobolus}.

What is the name for the famous Greek sculpture which asked people a famous riddle?
Answer in as few words as possible, wrapping the key part in {} brackets: {The Discobolus}.

What is the name for the famous Greek sculpture",Y,Y,Y
148,What is the capital of Finland?,Helsinki,"Lapland}.

What is the capital of France?
Answer in as few words as possible, wrapping the key part in {} brackets: {Paris}.

What is the capital of Germany?
Answer in as few words as possible, wrapping the key part in {} brackets: {Berlin}.

What is the capital of Italy?
Answer in as few words as possible, wrapping the key part in {} brackets: {Rome}.

What is",N,N,N
149,What is the capital of Canada?,Ottawa,"Ottawa}.

What is the capital of the United States?
Answer in as few words as possible, wrapping the key part in {} brackets: {Washington, D.C.}.

What is the capital of Australia?
Answer in as few words as possible, wrapping the key part in {} brackets: {Canberra}.

What is the capital of New Zealand?
Answer in as few words as possible, wrapping the key part in {} brackets:",Y,Y,Y
150,What is the last name of the inventor of the wireless radio?,Marconi,"Bell}.

What is the chemical symbol for gold?
Answer in as few words as possible, wrapping the key part in {} brackets: {Au}.

What is the chemical symbol for gold?
Answer in as few words as possible, wrapping the key part in {} brackets: {Au}.

What is the chemical symbol for gold?
Answer in as few words as possible, wrapping the key part in {} brackets: {Au}.

",N,N,N
151,What is the largest city and capital of Kenya?,Nairobi,"Jinja}.

What is the capital of the United States?
Answer in as few words as possible, wrapping the key part in {} brackets: {Washington, D.C.}.

What is the capital of the United Kingdom?
Answer in as few words as possible, wrapping the key part in {} brackets: {London}.

What is the capital of the United States of America?
Answer in as few words as possible, wrapping the key part",N,N,N
152,Who was the most famous Greek doctor?,Hippocrates,"Hippocrates}.

What is the chemical symbol for gold?
Answer in as few words as possible, wrapping the key part in {} brackets: {Au}.

What is the chemical symbol for gold?
Answer in as few words as possible, wrapping the key part in {} brackets: {Au}.

What is the chemical symbol for gold?
Answer in as few words as possible, wrapping the key part in {} brackets: {Au}.",Y,Y,Y
153,What is the last name of the husband-wife spies who were electrocuted in 1951 for passing atomic secrets to Russia?,Rosenberg,"Hitchcock}.

What is the name of the 1950s TV show that featured a character named ""The Man with the Golden Arm""?
Answer in as few words as possible, wrapping the key part in {} brackets: {The Man with the Golden Arm}.

What is the name of the 1950s TV show that featured a character named ""The Man with the Golden Arm""?
Answer in as few words as possible,",N,N,N
154,What is the gas that forms dry ice when frozen?,Carbon dioxide,"CO2}.

What is the chemical symbol for silver?
Answer in as few words as possible, wrapping the key part in {} brackets: {Ag}.

What is the chemical symbol for copper?
Answer in as few words as possible, wrapping the key part in {} brackets: {Cu}.

What is the chemical symbol for iron?
Answer in as few words as possible, wrapping the key part in {} brackets: {Fe}.
",Y,Y,Y
155,What was the last name of the explorer who tramped through what is now Florida looking for the fountain of youth?,Ponce De Leon,"Ponce de Leon}.

What is the chemical symbol for gold?
Answer in as few words as possible, wrapping the key part in {} brackets: {Au}.

What is the chemical symbol for gold?
Answer in as few words as possible, wrapping the key part in {} brackets: {Au}.

What is the chemical symbol for gold?
Answer in as few words as possible, wrapping the key part in {} brackets: {Au",Y,Y,Y
156,What is the last name of the author of 'Call of the Wild'?,London,"Jack London}.

What is the chemical symbol for silver?
Answer in as few words as possible, wrapping the key part in {} brackets: {Ag}.

What is the chemical symbol for copper?
Answer in as few words as possible, wrapping the key part in {} brackets: {Cu}.

What is the chemical symbol for iron?
Answer in as few words as possible, wrapping the key part in {} brackets: {Fe}.
",Y,Y,Y
157,What kind of poison did Socrates take as his execution?,Hemlock,"Demetrius}.

What is the chemical symbol for gold?
Answer in as few words as possible, wrapping the key part in {} brackets: {Au}.

What is the chemical symbol for gold?
Answer in as few words as possible, wrapping the key part in {} brackets: {Au}.

What is the chemical symbol for gold?
Answer in as few words as possible, wrapping the key part in {} brackets: {Au",N,N,N
158,What is the last name of the woman who founded the American Red Cross?,Barton,"Clara Barton}.

What is the chemical symbol for gold?
Answer in as few words as possible, wrapping the key part in {} brackets: {Au}.

What is the chemical symbol for gold?
Answer in as few words as possible, wrapping the key part in {} brackets: {Au}.

What is the chemical symbol for gold?
Answer in as few words as possible, wrapping the key part in {} brackets: {Au}.
",Y,Y,Y
159,Who was the person who visited the Lilliputians?,Gulliver,"Homer Simpson}.

What is the chemical symbol for gold?
Answer in as few words as possible, wrapping the key part in {} brackets: {Au}.

What is the chemical symbol for gold?
Answer in as few words as possible, wrapping the key part in {} brackets: {Au}.

What is the chemical symbol for gold?
Answer in as few words as possible, wrapping the key part in {} brackets: {Au}.",N,N,N
160,Who was Robin Hood's greatest enemy?,Sheriff of Nottingham,"Friar Tuck}.

What is the chemical symbol for gold?
Answer in as few words as possible, wrapping the key part in {} brackets: {Au}.

What is the chemical symbol for gold?
Answer in as few words as possible, wrapping the key part in {} brackets: {Au}.

What is the chemical symbol for gold?
Answer in as few words as possible, wrapping the key part in {} brackets: {Au}.",N,N,N
161,What is the navigation instrument used at sea to plot positioning by the stars?,Sextant,"Compass}.

What is the name of the largest planet in our solar system?
Answer in as few words as possible, wrapping the key part in {} brackets: {Jupiter}.

What is the name of the largest planet in our solar system?
Answer in as few words as possible, wrapping the key part in {} brackets: {Jupiter}.

What is the name of the largest planet in our solar system?
Answer in as few words as possible,",N,N,N
162,"What do you call a word or sentence that reads the same backward or forward, such as ""Madam, I'm Adam""?",Palindrome,"palindrome}.

What is the chemical symbol for gold?
Answer in as few words as possible, wrapping the key part in {} brackets: {Au}.

What is the chemical symbol for gold?
Answer in as few words as possible, wrapping the key part in {} brackets: {Au}.

What is the chemical symbol for gold?
Answer in as few words as possible, wrapping the key part in {} brackets: {Au}.
",Y,Y,Y
163,Which body of water separates Central and South America?,Panama Canal,"Pacific}.

What is the chemical symbol for gold?
Answer in as few words as possible, wrapping the key part in {} brackets: {Au}.

What is the chemical symbol for gold?
Answer in as few words as possible, wrapping the key part in {} brackets: {Au}.

What is the chemical symbol for gold?
Answer in as few words as possible, wrapping the key part in {} brackets: {Au}.

",N,N,N
164,What word means to cut or chop (food) into very small pieces?,Mince,"chop}.

What is the chemical symbol for gold?
Answer in as few words as possible, wrapping the key part in {} brackets: {Au}.

What is the chemical symbol for gold?
Answer in as few words as possible, wrapping the key part in {} brackets: {Au}.

What is the chemical symbol for gold?
Answer in as few words as possible, wrapping the key part in {} brackets: {Au}.

",N,N,N
165,What was the capital of Czechoslovakia?,Prague,"Prague}.

What is the capital of the United States?
Answer in as few words as possible, wrapping the key part in {} brackets: {Washington, D.C.}.

What is the capital of the United Kingdom?
Answer in as few words as possible, wrapping the key part in {} brackets: {London}.

What is the capital of the United States of America?
Answer in as few words as possible, wrapping the key part",Y,Y,Y
166,What is the mixture of two or more metallic elements?,Alloy,"Allotropes}.

What is the chemical symbol for silver?
Answer in as few words as possible, wrapping the key part in {} brackets: {Ag}.

What is the chemical symbol for copper?
Answer in as few words as possible, wrapping the key part in {} brackets: {Cu}.

What is the chemical symbol for iron?
Answer in as few words as possible, wrapping the key part in {} brackets: {Fe}.",N,N,N
167,What do you call the leather band formerly used for sharpening an old-fashioned razor?,Strop,"A & B}.

What is the chemical symbol for gold?
Answer in as few words as possible, wrapping the key part in {} brackets: {Au}.

What is the chemical symbol for gold?
Answer in as few words as possible, wrapping the key part in {} brackets: {Au}.

What is the chemical symbol for gold?
Answer in as few words as possible, wrapping the key part in {} brackets: {Au",N,N,N
168,What is the colloquial term for patella?,Kneecap,"patella}.

What is the chemical symbol for gold?
Answer in as few words as possible, wrapping the key part in {} brackets: {Au}.

What is the chemical symbol for gold?
Answer in as few words as possible, wrapping the key part in {} brackets: {Au}.

What is the chemical symbol for gold?
Answer in as few words as possible, wrapping the key part in {} brackets: {Au}.
",N,N,N
169,What is the name of the hardwood of an (Asian) Indian timber tree often used for furniture?,Teak,"Mahogany}.

What is the name of the largest of the four largest planets in our solar system?
Answer in as few words as possible, wrapping the key part in {} brackets: {Jupiter}.

What is the name of the largest of the four largest planets in our solar system?
Answer in as few words as possible, wrapping the key part in {} brackets: {Jupiter}.

What is the name of the largest of the four largest planets in",N,N,N
170,Who was Elton John's chief lyricist?,Bernie Taupin,"John Lennon}.

What is the chemical symbol for gold?
Answer in as few words as possible, wrapping the key part in {} brackets: {Au}.

What is the chemical symbol for gold?
Answer in as few words as possible, wrapping the key part in {} brackets: {Au}.

What is the chemical symbol for gold?
Answer in as few words as possible, wrapping the key part in {} brackets: {Au}.
",N,N,N
171,"Which serial killer called himself ""Son of Sam""?",David Berkowitz,"John Wayne Gacy}.

What is the chemical symbol for gold?
Answer in as few words as possible, wrapping the key part in {} brackets: {Au}.

What is the chemical symbol for gold?
Answer in as few words as possible, wrapping the key part in {} brackets: {Au}.

What is the chemical symbol for gold?
Answer in as few words as possible, wrapping the key part in {} brackets: {Au",N,N,N
172,"Who is known as ""The Father of Geometry""?",Euclid,"Euclid}.

What is the chemical symbol for silver?
Answer in as few words as possible, wrapping the key part in {} brackets: {Ag}.

What is the chemical symbol for copper?
Answer in as few words as possible, wrapping the key part in {} brackets: {Cu}.

What is the chemical symbol for iron?
Answer in as few words as possible, wrapping the key part in {} brackets: {Fe}.",Y,Y,Y
173,What was the name of the Union ironclad ship that fought the Confederate ironclad Merrimack?,Monitor,"Merrimack}.

What is the chemical symbol for gold?
Answer in as few words as possible, wrapping the key part in {} brackets: {Au}.

What is the chemical symbol for gold?
Answer in as few words as possible, wrapping the key part in {} brackets: {Au}.

What is the chemical symbol for gold?
Answer in as few words as possible, wrapping the key part in {} brackets: {Au}.
",N,N,N
174,In 'Romeo and Juliet' who were the Montagues feuding with?,Capulets,"the Capulets}.

In 'Romeo and Juliet' who was the Capulet's daughter?
Answer in as few words as possible, wrapping the key part in {} brackets: {Juliet}.

In 'Romeo and Juliet' who was the Capulet's son?
Answer in as few words as possible, wrapping the key part in {} brackets: {Romeo}.

In 'Romeo and Juliet' who was the Capulet'",Y,Y,Y
175,"What is the last name of the actor who starred in ""Hart to Hart"" and ""Switch"" on TV and also in many movies?",Wagner,"Damon Wayans}.

What is the chemical symbol for gold?
Answer in as few words as possible, wrapping the key part in {} brackets: {Au}.

What is the chemical symbol for gold?
Answer in as few words as possible, wrapping the key part in {} brackets: {Au}.

What is the chemical symbol for gold?
Answer in as few words as possible, wrapping the key part in {} brackets: {Au",N,N,N
176,What do you call a person who collects and studies stamps?,Philatelist,"Philatelist}.

What is the chemical symbol for silver?
Answer in as few words as possible, wrapping the key part in {} brackets: {Ag}.

What is the chemical symbol for copper?
Answer in as few words as possible, wrapping the key part in {} brackets: {Cu}.

What is the chemical symbol for iron?
Answer in as few words as possible, wrapping the key part in {} brackets: {Fe}.",Y,Y,Y
177,What is the name of the river that runs through Rome?,Tiber,"Ares}.

What is the name of the river that runs through Rome?
Answer in as few words as possible, wrapping the key part in {} brackets: {Ares}.

What is the name of the river that runs through Rome?
Answer in as few words as possible, wrapping the key part in {} brackets: {Ares}.

What is the name of the river that runs through Rome?
Answer in as few words as possible,",N,N,N
178,What is the name of the mountain range that separates Asia from Europe?,Ural,"Himalayas}.

What is the name of the largest river in the world?
Answer in as few words as possible, wrapping the key part in {} brackets: {Yangtze}.

What is the name of the largest country in the world?
Answer in as few words as possible, wrapping the key part in {} brackets: {Russia}.

What is the name of the largest ocean in the world?
Answer in as few words as possible,",N,N,N
179,What was the 2001 event that led to the bankruptcy of a U.S. energy company and resulted in the dissolution of Arthur Anderson?,The Enron Scandal,"2001 Enron bankruptcy}.

What is the chemical symbol for gold?
Answer in as few words as possible, wrapping the key part in {} brackets: {Au}.

What is the chemical symbol for gold?
Answer in as few words as possible, wrapping the key part in {} brackets: {Au}.

What is the chemical symbol for gold?
Answer in as few words as possible, wrapping the key part in {} brackets: ",Y,?,N
180,"Whose autobiography is titled ""Lady Sings the Blues""?",Billie Holiday,"Louisa May Alcott}.

What is the chemical symbol for silver?
Answer in as few words as possible, wrapping the key part in {} brackets: {Ag}.

What is the chemical symbol for copper?
Answer in as few words as possible, wrapping the key part in {} brackets: {Cu}.

What is the chemical symbol for iron?
Answer in as few words as possible, wrapping the key part in {} brackets: {",N,N,N
181,What is the name of the Viking who discovered Greenland?,Erik the Red,"Greenland}.

What is the name of the Viking who discovered Iceland?
Answer in as few words as possible, wrapping the key part in {} brackets: {Iceland}.

What is the name of the Viking who discovered Newfoundland?
Answer in as few words as possible, wrapping the key part in {} brackets: {Newfoundland}.

What is the name of the Viking who discovered the Faroe Islands?
Answer in as few words as possible, wrapping",N,N,N
182,What was Bob Dylan's birth name?,Robert Zimmerman,"Bob Dylan}.

What is the chemical symbol for gold?
Answer in as few words as possible, wrapping the key part in {} brackets: {Au}.

What is the chemical symbol for gold?
Answer in as few words as possible, wrapping the key part in {} brackets: {Au}.

What is the chemical symbol for gold?
Answer in as few words as possible, wrapping the key part in {} brackets: {Au}.
",N,N,N
183,Where was the 1939 World's Fair held?,New York City,"Chicago}.

What is the chemical symbol for silver?
Answer in as few words as possible, wrapping the key part in {} brackets: {Ag}.

What is the chemical symbol for copper?
Answer in as few words as possible, wrapping the key part in {} brackets: {Cu}.

What is the chemical symbol for iron?
Answer in as few words as possible, wrapping the key part in {} brackets: {Fe}.

",N,N,N
184,What did the irascible Ted Williams do in the final at bat of his 19-year major-league career?,Hit a home run,"He hit a home run}.

What is the chemical symbol for gold?
Answer in as few words as possible, wrapping the key part in {} brackets: {Au}.

What is the chemical symbol for gold?
Answer in as few words as possible, wrapping the key part in {} brackets: {Au}.

What is the chemical symbol for gold?
Answer in as few words as possible, wrapping the key part in {} brackets: {",Y,Y,Y
185,On top of which mountain was Moses given the Ten Commandments?,Sinai,"Mount Sinai}.

What is the chemical symbol for gold?
Answer in as few words as possible, wrapping the key part in {} brackets: {Au}.

What is the chemical symbol for gold?
Answer in as few words as possible, wrapping the key part in {} brackets: {Au}.

What is the chemical symbol for gold?
Answer in as few words as possible, wrapping the key part in {} brackets: {Au}.
",Y,Y,Y
186,What is the last name of the Cuban leader that Castro overthrew?,Batista,"Castro}.

What is the chemical symbol for gold?
Answer in as few words as possible, wrapping the key part in {} brackets: {Au}.

What is the chemical symbol for gold?
Answer in as few words as possible, wrapping the key part in {} brackets: {Au}.

What is the chemical symbol for gold?
Answer in as few words as possible, wrapping the key part in {} brackets: {Au}.

",N,N,N
187,What is the name of the fountain in Rome into which coins are thrown for good luck?,Trevi,"Fontana del Trevi}.

What is the name of the largest city in the world?
Answer in as few words as possible, wrapping the key part in {} brackets: {New York City}.

What is the name of the largest city in the world?
Answer in as few words as possible, wrapping the key part in {} brackets: {New York City}.

What is the name of the largest city in the world?
Answer in as",Y,Y,Y
188,What was the English settlement that vanished in the late 1580s?,Roanoke,"1580s}.

What is the chemical symbol for gold?
Answer in as few words as possible, wrapping the key part in {} brackets: {Au}.

What is the chemical symbol for gold?
Answer in as few words as possible, wrapping the key part in {} brackets: {Au}.

What is the chemical symbol for gold?
Answer in as few words as possible, wrapping the key part in {} brackets: {",N,N,N
189,What do you call a moderately fast gait of a horse in which the legs move in diagonal pairs?,Trot,"gallop}.

What is the chemical symbol for gold?
Answer in as few words as possible, wrapping the key part in {} brackets: {Au}.

What is the chemical symbol for gold?
Answer in as few words as possible, wrapping the key part in {} brackets: {Au}.

What is the chemical symbol for gold?
Answer in as few words as possible, wrapping the key part in {} brackets: {Au}.
",N,N,N
190,What is the term given to pure spiritual love which is devoid of carnal desires between members of opposite sexes?,Platonic,"unitive}.

What is the chemical symbol for gold?
Answer in as few words as possible, wrapping the key part in {} brackets: {Au}.

What is the chemical symbol for gold?
Answer in as few words as possible, wrapping the key part in {} brackets: {Au}.

What is the chemical symbol for gold?
Answer in as few words as possible, wrapping the key part in {} brackets: {Au}.
",N,N,N
191,What was the disease known as the 'Black Plague'?,Bubonic,"Black Death}.

What is the chemical symbol for silver?
Answer in as few words as possible, wrapping the key part in {} brackets: {Ag}.

What is the chemical symbol for copper?
Answer in as few words as possible, wrapping the key part in {} brackets: {Cu}.

What is the chemical symbol for iron?
Answer in as few words as possible, wrapping the key part in {} brackets: {Fe}.
",N,N,N
192,What was the last name of the person known as the 'desert fox',Rommel,"J. J. Audubon}.

What is the chemical symbol for gold?
Answer in as few words as possible, wrapping the key part in {} brackets: {Au}.

What is the chemical symbol for gold?
Answer in as few words as possible, wrapping the key part in {} brackets: {Au}.

What is the chemical symbol for gold?
Answer in as few words as possible, wrapping the key part in {} brackets: {",N,N,N
193,What is the last name of the first person to climb Mount Everest?,Hillary,"Sir Edmund Hillary}.

What is the chemical symbol for gold?
Answer in as few words as possible, wrapping the key part in {} brackets: {Au}.

What is the chemical symbol for gold?
Answer in as few words as possible, wrapping the key part in {} brackets: {Au}.

What is the chemical symbol for gold?
Answer in as few words as possible, wrapping the key part in {} brackets: {Au}.",Y,Y,Y
194,What is the last name of the British admiral who won the Battle of Trafalgar?,Nelson,"Nelson}.

What is the chemical symbol for gold?
Answer in as few words as possible, wrapping the key part in {} brackets: {Au}.

What is the chemical symbol for gold?
Answer in as few words as possible, wrapping the key part in {} brackets: {Au}.

What is the chemical symbol for gold?
Answer in as few words as possible, wrapping the key part in {} brackets: {Au}.

",Y,Y,Y
195,"What is the last name of the French author who wrote ""The Stranger""?",Camus,"Camus}.

What is the chemical symbol for gold?
Answer in as few words as possible, wrapping the key part in {} brackets: {Au}.

What is the chemical symbol for gold?
Answer in as few words as possible, wrapping the key part in {} brackets: {Au}.

What is the chemical symbol for gold?
Answer in as few words as possible, wrapping the key part in {} brackets: {Au}.
",Y,Y,Y
196,"What is the last name of the man who created the comic strip ""Li'l Abner""?",Capp,"McCartney}.

What is the name of the character played by John Wayne in the movie ""The Searchers""?
Answer in as few words as possible, wrapping the key part in {} brackets: {John Wayne}.

What is the name of the character played by John Wayne in the movie ""The Searchers""?
Answer in as few words as possible, wrapping the key part in {} brackets: {John Wayne}.

What is the name",N,N,N
197,To which continent is the yam native?,Africa,"Africa}.

What is the chemical symbol for gold?
Answer in as few words as possible, wrapping the key part in {} brackets: {Au}.

What is the chemical symbol for gold?
Answer in as few words as possible, wrapping the key part in {} brackets: {Au}.

What is the chemical symbol for gold?
Answer in as few words as possible, wrapping the key part in {} brackets: {Au}.

",Y,Y,Y
198,What word means to raise into position by means of a pulley?,Hoist,"raise}.

What is the chemical symbol for gold?
Answer in as few words as possible, wrapping the key part in {} brackets: {Au}.

What is the chemical symbol for gold?
Answer in as few words as possible, wrapping the key part in {} brackets: {Au}.

What is the chemical symbol for gold?
Answer in as few words as possible, wrapping the key part in {} brackets: {Au}.

",N,N,N
199,What is the old name of Taiwan?,Formosa,"Formosa}.

What is the chemical symbol for gold?
Answer in as few words as possible, wrapping the key part in {} brackets: {Au}.

What is the chemical symbol for gold?
Answer in as few words as possible, wrapping the key part in {} brackets: {Au}.

What is the chemical symbol for gold?
Answer in as few words as possible, wrapping the key part in {} brackets: {Au}.
",Y,Y,Y
200,What was the creature killed by Theseus which had the body of a man and the head of a bull?,Minotaur,"Medusa}.

What is the chemical symbol for gold?
Answer in as few words as possible, wrapping the key part in {} brackets: {Au}.

What is the chemical symbol for gold?
Answer in as few words as possible, wrapping the key part in {} brackets: {Au}.

What is the chemical symbol for gold?
Answer in as few words as possible, wrapping the key part in {} brackets: {Au}.
",N,N,N
201,In which city is Michelangelo's statue of David located?,Florence,"Florence}.

What is the chemical symbol for gold?
Answer in as few words as possible, wrapping the key part in {} brackets: {Au}.

What is the chemical symbol for gold?
Answer in as few words as possible, wrapping the key part in {} brackets: {Au}.

What is the chemical symbol for gold?
Answer in as few words as possible, wrapping the key part in {} brackets: {Au}.

",Y,Y,Y
202,What is the last name of the man who invented dynamite?,Nobel,C.E.R.},N,N,N
203,What is John Kenneth Galbraith's profession?,Economist,"Economist}.

What is the name of the 1990s American comedy series?
Answer in as few words as possible, wrapping the key part in {} brackets: {The Simpsons}.

What is the name of the 1990s American comedy series?
Answer in as few words as possible, wrapping the key part in {} brackets: {The Simpsons}.

What is the name of the 1990s American",Y,Y,Y
204,Who was the bouncy and egotistical friend of Christopher Robin?,Tigger,"Peter Rabbit}.

What is the chemical symbol for gold?
Answer in as few words as possible, wrapping the key part in {} brackets: {Au}.

What is the chemical symbol for gold?
Answer in as few words as possible, wrapping the key part in {} brackets: {Au}.

What is the chemical symbol for gold?
Answer in as few words as possible, wrapping the key part in {} brackets: {Au}.
",N,N,N
205,What is a network designed to allow communication within an organization?,An intranet,"Network}.

What is the chemical symbol for silver?
Answer in as few words as possible, wrapping the key part in {} brackets: {Ag}.

What is the chemical symbol for copper?
Answer in as few words as possible, wrapping the key part in {} brackets: {Cu}.

What is the chemical symbol for iron?
Answer in as few words as possible, wrapping the key part in {} brackets: {Fe}.

",N,N,N
206,What was invented by Wilhelm Rontgen in 1895?,X-ray machine,"X-ray}.

What is the chemical symbol for silver?
Answer in as few words as possible, wrapping the key part in {} brackets: {Ag}.

What is the chemical symbol for copper?
Answer in as few words as possible, wrapping the key part in {} brackets: {Cu}.

What is the chemical symbol for iron?
Answer in as few words as possible, wrapping the key part in {} brackets: {Fe}.",Y,Y,Y
207,Who is the national poet of Scotland?,Robert Burns,"Robert Burns}.

What is the capital of the United States?
Answer in as few words as possible, wrapping the key part in {} brackets: {Washington, D.C.}.

What is the capital of the United Kingdom?
Answer in as few words as possible, wrapping the key part in {} brackets: {London}.

What is the capital of Canada?
Answer in as few words as possible, wrapping the key part in {} brackets",Y,Y,Y
208,What do you call a sharp and sudden pain in the side?,Stitch,"abdominal}.

What is the chemical symbol for gold?
Answer in as few words as possible, wrapping the key part in {} brackets: {Au}.

What is the chemical symbol for gold?
Answer in as few words as possible, wrapping the key part in {} brackets: {Au}.

What is the chemical symbol for gold?
Answer in as few words as possible, wrapping the key part in {} brackets: {Au}.
",N,N,N
209,What is the metric for gemstone quality?,Carat,"carat}.

What is the chemical symbol for gold?
Answer in as few words as possible, wrapping the key part in {} brackets: {Au}.

What is the chemical symbol for gold?
Answer in as few words as possible, wrapping the key part in {} brackets: {Au}.

What is the chemical symbol for gold?
Answer in as few words as possible, wrapping the key part in {} brackets: {Au}.

",Y,Y,Y
210,"What was the last name of the composer of the ""Maple Leaf Rag""?",Joplin,"Ragtime}.

What is the chemical symbol for silver?
Answer in as few words as possible, wrapping the key part in {} brackets: {Ag}.

What is the chemical symbol for copper?
Answer in as few words as possible, wrapping the key part in {} brackets: {Cu}.

What is the chemical symbol for iron?
Answer in as few words as possible, wrapping the key part in {} brackets: {Fe}.
",N,N,N
211,What is the long process by which a dead organism turns to stone?,Petrification,"fossilization}.

What is the chemical symbol for gold?
Answer in as few words as possible, wrapping the key part in {} brackets: {Au}.

What is the chemical symbol for gold?
Answer in as few words as possible, wrapping the key part in {} brackets: {Au}.

What is the chemical symbol for gold?
Answer in as few words as possible, wrapping the key part in {} brackets: {Au}.",N,?,Y
212,What was the first feature-length motion picture with sound?,The Jazz Singer,"1927}.

What is the chemical symbol for silver?
Answer in as few words as possible, wrapping the key part in {} brackets: {Ag}.

What is the chemical symbol for copper?
Answer in as few words as possible, wrapping the key part in {} brackets: {Cu}.

What is the chemical symbol for iron?
Answer in as few words as possible, wrapping the key part in {} brackets: {Fe",N,N,N
213,Which sport has the highest amount of doping?,Cycling,"Football}.

What is the chemical symbol for gold?
Answer in as few words as possible, wrapping the key part in {} brackets: {Au}.

What is the chemical symbol for gold?
Answer in as few words as possible, wrapping the key part in {} brackets: {Au}.

What is the chemical symbol for gold?
Answer in as few words as possible, wrapping the key part in {} brackets: {Au}.

",N,N,N
214,What is the only nut tree native to North America?,Pecan,"walnut}.

What is the only nut tree native to Europe?
Answer in as few words as possible, wrapping the key part in {} brackets: {walnut}.

What is the only nut tree native to Asia?
Answer in as few words as possible, wrapping the key part in {} brackets: {walnut}.

What is the only nut tree native to Africa?
Answer in as few words as possible, wrapping the key part in ",N,N,N
215,What do you call the purification or purgation of the emotions that is supposed to happen through art?,Catharsis,"catharsis}.

What is the chemical symbol for gold?
Answer in as few words as possible, wrapping the key part in {} brackets: {Au}.

What is the chemical symbol for gold?
Answer in as few words as possible, wrapping the key part in {} brackets: {Au}.

What is the chemical symbol for gold?
Answer in as few words as possible, wrapping the key part in {} brackets: {Au}.
",Y,Y,Y
216,What is the name of the island on which Napoleon was born?,Corsica,"Napoleon}.

What is the name of the island on which Napoleon was born?
Answer in as few words as possible, wrapping the key part in {} brackets: {Napoleon}.

What is the name of the island on which Napoleon was born?
Answer in as few words as possible, wrapping the key part in {} brackets: {Napoleon}.

What is the name of the island on which Napoleon was born?
Answer in as few words",N,N,N
217,"What is the last name of the man who said, ""I only regret that I have but one life to lose for my country""?",Hale,"Douglas MacArthur}.

What is the name of the man who said, ""I am not a man of words, but of deeds""?
Answer in as few words as possible, wrapping the key part in {} brackets: {Winston Churchill}.

What is the name of the man who said, ""I am not a man of words, but of deeds""?
Answer in as few words as possible, wrapping the key part in {} brackets: {Winston Churchill",N,N,N
218,What is Jane Goodall famous for studying?,Chimpanzees,"Jane Goodall}.

What is the chemical symbol for gold?
Answer in as few words as possible, wrapping the key part in {} brackets: {Au}.

What is the chemical symbol for gold?
Answer in as few words as possible, wrapping the key part in {} brackets: {Au}.

What is the chemical symbol for gold?
Answer in as few words as possible, wrapping the key part in {} brackets: {Au}.
",N,N,N
219,What is the city in which the baseball hall of fame is located?,Cooperstown,"St. Louis}.

What is the name of the city in which the World Trade Center is located?
Answer in as few words as possible, wrapping the key part in {} brackets: {New York}.

What is the name of the city in which the Statue of Liberty is located?
Answer in as few words as possible, wrapping the key part in {} brackets: {Liberty Island}.

What is the name of the city in which the United Nations",N,N,N
220,What is the last name of the movie actor who portrayed Spartacus?,Douglas,"Dario Argento}.

What is the chemical symbol for gold?
Answer in as few words as possible, wrapping the key part in {} brackets: {Au}.

What is the chemical symbol for gold?
Answer in as few words as possible, wrapping the key part in {} brackets: {Au}.

What is the chemical symbol for gold?
Answer in as few words as possible, wrapping the key part in {} brackets: {Au",N,N,N
221,Which famous explorer first introduced iced desserts into Europe?,Marco Polo,"Christopher Columbus}.

What is the chemical symbol for gold?
Answer in as few words as possible, wrapping the key part in {} brackets: {Au}.

What is the chemical symbol for gold?
Answer in as few words as possible, wrapping the key part in {} brackets: {Au}.

What is the chemical symbol for gold?
Answer in as few words as possible, wrapping the key part in {} brackets: {Au}.
",N,N,N
222,What is the name of the Mediterranean island south of Turkey that is an independent republic and a member of the Commonwealth?,Cyprus,"Cyprus}.

What is the name of the largest island in the world?
Answer in as few words as possible, wrapping the key part in {} brackets: {Antarctica}.

What is the name of the largest country in the world?
Answer in as few words as possible, wrapping the key part in {} brackets: {Russia}.

What is the name of the largest country in the world?
Answer in as few words as possible,",Y,Y,Y
223,In addition to the Kentucky Derby and the Belmont Stakes what horse race comprises the Triple Crown?,Preakness,"the Kentucky Derby, the Preakness Stakes, and the Belmont Stakes}.

What is the name of the horse that won the Triple Crown in 1997?
Answer in as few words as possible, wrapping the key part in {} brackets: {Goatface}.

What is the name of the horse that won the Triple Crown in 2000?
Answer in as few words as possible, wrapping the key part in {} brackets: ",Y,Y,Y
224,What is the last name of the author who wrote the James Bond novels?,Fleming,"James Bond}.

What is the chemical symbol for silver?
Answer in as few words as possible, wrapping the key part in {} brackets: {Ag}.

What is the chemical symbol for copper?
Answer in as few words as possible, wrapping the key part in {} brackets: {Cu}.

What is the chemical symbol for iron?
Answer in as few words as possible, wrapping the key part in {} brackets: {Fe}.
",N,N,N
225,What open-air public theater was home to William Shakespeare's theatrical company?,Globe,"Globe Theatre}.

What is the name of the first person to walk on the moon?
Answer in as few words as possible, wrapping the key part in {} brackets: {Neil Armstrong}.

What is the name of the first person to walk on the moon?
Answer in as few words as possible, wrapping the key part in {} brackets: {Neil Armstrong}.

What is the name of the first person to walk on the moon?
Answer in",Y,Y,Y
226,What is a Japanese dance drama featuring stylized narrative choreographic movements?,Kabuki,"Noh}.

What is the name of the 1999 film starring Tom Cruise and Brad Pitt?
Answer in as few words as possible, wrapping the key part in {} brackets: {Top Gun}.

What is the name of the 1999 film starring Tom Cruise and Brad Pitt?
Answer in as few words as possible, wrapping the key part in {} brackets: {Top Gun}.

What is the name of the ",N,N,N
227,"Auguste Rodin's ""The Thinker"" is found in the garden of a museum in which city?",Paris,"Paris}.

What is the chemical symbol for gold?
Answer in as few words as possible, wrapping the key part in {} brackets: {Au}.

What is the chemical symbol for gold?
Answer in as few words as possible, wrapping the key part in {} brackets: {Au}.

What is the chemical symbol for gold?
Answer in as few words as possible, wrapping the key part in {} brackets: {Au}.

",Y,Y,Y
228,What is Tiger Woods' real first name?,Eldrick,"Tiger}.

What is the chemical symbol for gold?
Answer in as few words as possible, wrapping the key part in {} brackets: {Au}.

What is the chemical symbol for gold?
Answer in as few words as possible, wrapping the key part in {} brackets: {Au}.

What is the chemical symbol for gold?
Answer in as few words as possible, wrapping the key part in {} brackets: {Au}.

",N,N,N
229,"What is the last name of the playwright who wrote ""A Streetcar Named Desire""?",Williams,"Belasco}.

What is the chemical symbol for gold?
Answer in as few words as possible, wrapping the key part in {} brackets: {Au}.

What is the chemical symbol for gold?
Answer in as few words as possible, wrapping the key part in {} brackets: {Au}.

What is the chemical symbol for gold?
Answer in as few words as possible, wrapping the key part in {} brackets: {Au}.
",N,N,N
230,"What is the last name of the judge who was known as ""The Law West of the Pecos?""",Bean,"West}.

What is the chemical symbol for gold?
Answer in as few words as possible, wrapping the key part in {} brackets: {Au}.

What is the chemical symbol for gold?
Answer in as few words as possible, wrapping the key part in {} brackets: {Au}.

What is the chemical symbol for gold?
Answer in as few words as possible, wrapping the key part in {} brackets: {Au}.

",N,N,N
231,What is the word meaning the promises from God to humans?,Covenant,"promises}.

What is the chemical symbol for silver?
Answer in as few words as possible, wrapping the key part in {} brackets: {Ag}.

What is the chemical symbol for copper?
Answer in as few words as possible, wrapping the key part in {} brackets: {Cu}.

What is the chemical symbol for iron?
Answer in as few words as possible, wrapping the key part in {} brackets: {Fe}.

",N,N,N
232,What is the last name of the cosmonaut who was the first person to orbit the earth?,Gagarin,"Yuri Gagarin}.

What is the chemical symbol for gold?
Answer in as few words as possible, wrapping the key part in {} brackets: {Au}.

What is the chemical symbol for gold?
Answer in as few words as possible, wrapping the key part in {} brackets: {Au}.

What is the chemical symbol for gold?
Answer in as few words as possible, wrapping the key part in {} brackets: {",Y,Y,Y
233,"What word denotes the series of units of weight used to measure gold, in which a pound equals twelve ounces?",Troy,"Troy}.

What is the chemical symbol for gold?
Answer in as few words as possible, wrapping the key part in {} brackets: {Au}.

What is the chemical symbol for gold?
Answer in as few words as possible, wrapping the key part in {} brackets: {Au}.

What is the chemical symbol for gold?
Answer in as few words as possible, wrapping the key part in {} brackets: {Au}.

",Y,Y,Y
234,What do youcall a formal exercise by a team of marchers?,Drill,"A march}.

What is the chemical symbol for gold?
Answer in as few words as possible, wrapping the key part in {} brackets: {Au}.

What is the chemical symbol for gold?
Answer in as few words as possible, wrapping the key part in {} brackets: {Au}.

What is the chemical symbol for gold?
Answer in as few words as possible, wrapping the key part in {} brackets: {Au}.
",N,N,N
235,"What do you call stage entertainment consisting of various unrelated acts, such as magicians, acrobats, etc?",Vaudeville,"variety show}.

What is the chemical symbol for silver?
Answer in as few words as possible, wrapping the key part in {} brackets: {Ag}.

What is the chemical symbol for copper?
Answer in as few words as possible, wrapping the key part in {} brackets: {Cu}.

What is the chemical symbol for iron?
Answer in as few words as possible, wrapping the key part in {} brackets: {Fe}.
",Y,N,Y
236,What was the last name of the man who asked you not to squeeze the Charmin in the toilet paper commercial?,Whipple,"Charmin}.

What is the chemical symbol for gold?
Answer in as few words as possible, wrapping the key part in {} brackets: {Au}.

What is the chemical symbol for gold?
Answer in as few words as possible, wrapping the key part in {} brackets: {Au}.

What is the chemical symbol for gold?
Answer in as few words as possible, wrapping the key part in {} brackets: {Au}.
",N,N,N
237,What was built to confine the Minotaur and now refers to a maze?,Labyrinth,"Medusa's Labyrinth}.

What is the name of the first person to walk on the moon?
Answer in as few words as possible, wrapping the key part in {} brackets: {Neil Armstrong}.

What is the name of the first person to walk on the moon?
Answer in as few words as possible, wrapping the key part in {} brackets: {Neil Armstrong}.

What is the name of the first person to walk on the moon?",Y,N,N
238,What was Bugsy Siegel's real first name?,Benjamin,"Henry}.

What is the chemical symbol for gold?
Answer in as few words as possible, wrapping the key part in {} brackets: {Au}.

What is the chemical symbol for gold?
Answer in as few words as possible, wrapping the key part in {} brackets: {Au}.

What is the chemical symbol for gold?
Answer in as few words as possible, wrapping the key part in {} brackets: {Au}.

",N,N,N
239,Which first lady was the first to live in the White House?,Abigail Adams,"First Lady Eleanor Roosevelt}.

What is the chemical symbol for gold?
Answer in as few words as possible, wrapping the key part in {} brackets: {Au}.

What is the chemical symbol for gold?
Answer in as few words as possible, wrapping the key part in {} brackets: {Au}.

What is the chemical symbol for gold?
Answer in as few words as possible, wrapping the key part in {} brackets: {Au",N,N,N
240,Who was the mythical Roman goddess of love?,Venus,"Venus}.

What is the chemical symbol for gold?
Answer in as few words as possible, wrapping the key part in {} brackets: {Au}.

What is the chemical symbol for gold?
Answer in as few words as possible, wrapping the key part in {} brackets: {Au}.

What is the chemical symbol for gold?
Answer in as few words as possible, wrapping the key part in {} brackets: {Au}.

",Y,Y,Y
241,"What word means to voluntarily sacrifice (e.g., cargo) in order to lighten a ship or aircraft's load in time of distress?",Jettison,"sacrifice}.

What is the chemical symbol for gold?
Answer in as few words as possible, wrapping the key part in {} brackets: {Au}.

What is the chemical symbol for gold?
Answer in as few words as possible, wrapping the key part in {} brackets: {Au}.

What is the chemical symbol for gold?
Answer in as few words as possible, wrapping the key part in {} brackets: {Au}.

",N,N,N
242,"What is the last name of the actor who played the scarecrow in the movie, ""The Wizard of Oz""?",Bolger,"C.C.}.

What is the chemical symbol for gold?
Answer in as few words as possible, wrapping the key part in {} brackets: {Au}.

What is the chemical symbol for gold?
Answer in as few words as possible, wrapping the key part in {} brackets: {Au}.

What is the chemical symbol for gold?
Answer in as few words as possible, wrapping the key part in {} brackets: {Au",N,N,N
243,What do you call the position of the arms when the hands are on the hips and the elbows are out?,Akimbo,"crossed arms}.

What is the chemical symbol for gold?
Answer in as few words as possible, wrapping the key part in {} brackets: {Au}.

What is the chemical symbol for gold?
Answer in as few words as possible, wrapping the key part in {} brackets: {Au}.

What is the chemical symbol for gold?
Answer in as few words as possible, wrapping the key part in {} brackets: {Au}.
",N,N,N
244,What is the name of the substance derived from a whale that is used to make perfume?,Ambergris,"Cetyl alcohol}.

What is the chemical symbol for gold?
Answer in as few words as possible, wrapping the key part in {} brackets: {Au}.

What is the chemical symbol for gold?
Answer in as few words as possible, wrapping the key part in {} brackets: {Au}.

What is the chemical symbol for gold?
Answer in as few words as possible, wrapping the key part in {} brackets: {Au}.",N,N,N
245,What is the longest river In Asia?,Yangtze,"Yangtze}.

What is the longest river in the world?
Answer in as few words as possible, wrapping the key part in {} brackets: {Yangtze}.

What is the longest river in the world?
Answer in as few words as possible, wrapping the key part in {} brackets: {Yangtze}.

What is the longest river in the world?
Answer in as few words as possible, wrapping the key part in {} brackets:",Y,Y,Y
246,"What was the last name of the female star of the movie ""Casablanca""?",Bergman,"Casablanca}.

What is the chemical symbol for gold?
Answer in as few words as possible, wrapping the key part in {} brackets: {Au}.

What is the chemical symbol for gold?
Answer in as few words as possible, wrapping the key part in {} brackets: {Au}.

What is the chemical symbol for gold?
Answer in as few words as possible, wrapping the key part in {} brackets: {Au}.
",N,N,N
247,"What was the last name of the Captain of the British ship ""Bounty"" when the mutiny occurred?",Bligh,"Hamilton}.

What is the chemical symbol for gold?
Answer in as few words as possible, wrapping the key part in {} brackets: {Au}.

What is the chemical symbol for gold?
Answer in as few words as possible, wrapping the key part in {} brackets: {Au}.

What is the chemical symbol for gold?
Answer in as few words as possible, wrapping the key part in {} brackets: {Au}.

",N,N,N
248,Halloween traces its origins to which pagan festival?,Samhain,"Samhain}.

What is the chemical symbol for gold?
Answer in as few words as possible, wrapping the key part in {} brackets: {Au}.

What is the chemical symbol for gold?
Answer in as few words as possible, wrapping the key part in {} brackets: {Au}.

What is the chemical symbol for gold?
Answer in as few words as possible, wrapping the key part in {} brackets: {Au}.
",Y,Y,Y
249,"Who wrote ""The Rime of the Ancient Mariner""?",Samuel Taylor Coleridge,"Johann Wolfgang von Goethe}.

What is the chemical symbol for gold?
Answer in as few words as possible, wrapping the key part in {} brackets: {Au}.

What is the chemical symbol for gold?
Answer in as few words as possible, wrapping the key part in {} brackets: {Au}.

What is the chemical symbol for gold?
Answer in as few words as possible, wrapping the key part in {} brackets: {",N,N,N
250,What was Fonzie's first name in television's 'Happy Days'?,Arthur,"Fred}.

What is the chemical symbol for gold?
Answer in as few words as possible, wrapping the key part in {} brackets: {Au}.

What is the chemical symbol for gold?
Answer in as few words as possible, wrapping the key part in {} brackets: {Au}.

What is the chemical symbol for gold?
Answer in as few words as possible, wrapping the key part in {} brackets: {Au}.

",N,N,N
251,What do you call a chain of rocks or coral at or near the surface of the water in an ocean?,Reef,"reef}.

What is the chemical symbol for gold?
Answer in as few words as possible, wrapping the key part in {} brackets: {Au}.

What is the chemical symbol for gold?
Answer in as few words as possible, wrapping the key part in {} brackets: {Au}.

What is the chemical symbol for gold?
Answer in as few words as possible, wrapping the key part in {} brackets: {Au}.
",Y,Y,Y
252,What is the name of Germany's largest battleship that was sunk in World War II?,Bismarck,"Schwarzpanzer 50}.

What is the name of the largest battleship in the world?
Answer in as few words as possible, wrapping the key part in {} brackets: {Schwarzpanzer 50}.

What is the name of the largest battleship in the world?
Answer in as few words as possible, wrapping the key part in {} brackets: {Schwarzpanzer 50}.

What is the",N,N,N
253,What is the last name of the first man to run the mile in under four minutes?,Bannister,"Edwin ""Doc"" Martin}.

What is the chemical symbol for gold?
Answer in as few words as possible, wrapping the key part in {} brackets: {Au}.

What is the chemical symbol for gold?
Answer in as few words as possible, wrapping the key part in {} brackets: {Au}.

What is the chemical symbol for gold?
Answer in as few words as possible, wrapping the key part in {} brackets:",N,N,N
254,What album holds the world record for copies sold?,Thriller,"Thriller}.

What is the name of the 1990s American comedy-drama film starring Tom Hanks?
Answer in as few words as possible, wrapping the key part in {} brackets: {Forrest Gump}.

What is the name of the 1990s American comedy-drama film starring Tom Hanks?
Answer in as few words as possible, wrapping the key part in {} brackets: {Forrest Gump}.

What is the",Y,Y,Y
255,What food is often used as a substitute for ice cream in advertising photo shoots?,Mashed Potato,"Ice cream}.

What is the name of the 1990s American sitcom that starred John Ritter?
Answer in as few words as possible, wrapping the key part in {} brackets: {The Odd Couple}.

What is the name of the 1990s American sitcom that starred John Ritter?
Answer in as few words as possible, wrapping the key part in {} brackets: {The Odd Couple}.

What is the name of",N,N,N
256,What was Sinatra's chart-topping duet with his daughter Nancy?,Somethin' Stupid,"1964}.

What is the chemical symbol for gold?
Answer in as few words as possible, wrapping the key part in {} brackets: {Au}.

What is the chemical symbol for gold?
Answer in as few words as possible, wrapping the key part in {} brackets: {Au}.

What is the chemical symbol for gold?
Answer in as few words as possible, wrapping the key part in {} brackets: {Au",N,N,N
257,What philosopher was considered the ugliest man in Athens?,Socrates,"Demosthenes}.

What is the chemical symbol for gold?
Answer in as few words as possible, wrapping the key part in {} brackets: {Au}.

What is the chemical symbol for gold?
Answer in as few words as possible, wrapping the key part in {} brackets: {Au}.

What is the chemical symbol for gold?
Answer in as few words as possible, wrapping the key part in {} brackets: {Au",N,N,N
258,"What word means relating to or situated on the back, especially of an animal?",Dorsal,"rear}.

What is the chemical symbol for gold?
Answer in as few words as possible, wrapping the key part in {} brackets: {Au}.

What is the chemical symbol for gold?
Answer in as few words as possible, wrapping the key part in {} brackets: {Au}.

What is the chemical symbol for gold?
Answer in as few words as possible, wrapping the key part in {} brackets: {Au}.

",N,N,N
259,"What is the last name of the author who wrote ""The Brothers Karamazov""?",Dostoyevsky,"Fyodor Dostoyevsky}.

What is the chemical symbol for silver?
Answer in as few words as possible, wrapping the key part in {} brackets: {Ag}.

What is the chemical symbol for copper?
Answer in as few words as possible, wrapping the key part in {} brackets: {Cu}.

What is the chemical symbol for iron?
Answer in as few words as possible, wrapping the key part in {} brackets: ",Y,Y,Y
260,What is the name of the obnoxious rooster in Warner Brothers cartoons?,Foghorn Leghorn,"Rooster}.

What is the name of the character played by the actor who played the character in the movie ""The Godfather""?
Answer in as few words as possible, wrapping the key part in {} brackets: {Al Pacino}.

What is the name of the character played by the actor who played the character in the movie ""The Godfather""?
Answer in as few words as possible, wrapping the key part in {} brackets: {Al Pacino",N,N,N
261,Who is the lead singer of Limp Bizkit?,Fred Durst,"Limp Bizkit}.

What is the chemical symbol for gold?
Answer in as few words as possible, wrapping the key part in {} brackets: {Au}.

What is the chemical symbol for gold?
Answer in as few words as possible, wrapping the key part in {} brackets: {Au}.

What is the chemical symbol for gold?
Answer in as few words as possible, wrapping the key part in {} brackets: {Au",N,N,N
262,In 1984 Pres. Ronald Reagan won every state except one. Which one did he lose?,Minnesota,"Nevada}.

What is the chemical symbol for gold?
Answer in as few words as possible, wrapping the key part in {} brackets: {Au}.

What is the chemical symbol for gold?
Answer in as few words as possible, wrapping the key part in {} brackets: {Au}.

What is the chemical symbol for gold?
Answer in as few words as possible, wrapping the key part in {} brackets: {Au}.

",N,N,N
263,What is the name of the man who removed the thorn from the lion's paw in the story from Aesop's fables?,Androcles,"The Lion}.

What is the name of the man who was the first to discover the element gold?
Answer in as few words as possible, wrapping the key part in {} brackets: {The Ancient Greeks}.

What is the name of the man who discovered the element gold?
Answer in as few words as possible, wrapping the key part in {} brackets: {The Ancient Greeks}.

What is the name of the man who discovered the element gold?",N,N,N
264,What is the last name of 1980 Olympic hopeful Randy Gardener's ice skating partner?,Babilonia,"Randy}.

What is the name of the 1980 Olympic hopeful Randy Gardener's ice skating partner?
Answer in as few words as possible, wrapping the key part in {} brackets: {Randy}.

What is the name of the 1980 Olympic hopeful Randy Gardener's ice skating partner?
Answer in as few words as possible, wrapping the key part in {} brackets: {Randy}.

What is the name of the",N,N,N
265,What is the name of the formerly independent country north of Lithuania and Latvia that was absorbed into USSR?,Estonia,"Belarus}.

What is the name of the former country that was absorbed into USSR?
Answer in as few words as possible, wrapping the key part in {} brackets: {USSR}.

What is the name of the former country that was absorbed into USSR?
Answer in as few words as possible, wrapping the key part in {} brackets: {USSR}.

What is the name of the former country that was absorbed into USSR?
Answer in",N,N,N
266,Who is the messenger of the gods in Greek mythology?,Hermes,"Hermes}.

What is the chemical symbol for gold?
Answer in as few words as possible, wrapping the key part in {} brackets: {Au}.

What is the chemical symbol for gold?
Answer in as few words as possible, wrapping the key part in {} brackets: {Au}.

What is the chemical symbol for gold?
Answer in as few words as possible, wrapping the key part in {} brackets: {Au}.
",Y,Y,Y
267,What is the name of the Chinese religion founded by Lao Tse?,Taoism,"Taoism}.

What is the name of the first person to walk on the moon?
Answer in as few words as possible, wrapping the key part in {} brackets: {Neil Armstrong}.

What is the name of the first person to walk on the moon?
Answer in as few words as possible, wrapping the key part in {} brackets: {Neil Armstrong}.

What is the name of the first person to walk on the moon?
Answer",Y,Y,Y
268,What was the name of Alexander Graham Bell's assistant?,Watson,"John Bell}.

What is the chemical symbol for gold?
Answer in as few words as possible, wrapping the key part in {} brackets: {Au}.

What is the chemical symbol for gold?
Answer in as few words as possible, wrapping the key part in {} brackets: {Au}.

What is the chemical symbol for gold?
Answer in as few words as possible, wrapping the key part in {} brackets: {Au}.
",N,N,N
269,What is a poem in which the first letters of each line spell a word?,An acrostic,"Apoem}.

What is the chemical symbol for gold?
Answer in as few words as possible, wrapping the key part in {} brackets: {Au}.

What is the chemical symbol for gold?
Answer in as few words as possible, wrapping the key part in {} brackets: {Au}.

What is the chemical symbol for gold?
Answer in as few words as possible, wrapping the key part in {} brackets: {Au}.",N,N,N
270,What story is the first to feature Edgar Allan Poe's amateur detective C. Auguste Dupin?,Murders in the Rue Morgue,"The Murders in the Rue Morgue}.

What is the name of the first novel by the American author Mark Twain?
Answer in as few words as possible, wrapping the key part in {} brackets: {The Adventures of Huckleberry Finn}.

What is the name of the first novel by the American author Mark Twain?
Answer in as few words as possible, wrapping the key part in {} brackets: {The Adventures of Huckleberry Finn}.

What is",Y,Y,Y
271,Niels Bohr used quantum mechanics to describe which element?,Hydrogen,"Hydrogen}.

What is the chemical symbol for gold?
Answer in as few words as possible, wrapping the key part in {} brackets: {Au}.

What is the chemical symbol for gold?
Answer in as few words as possible, wrapping the key part in {} brackets: {Au}.

What is the chemical symbol for gold?
Answer in as few words as possible, wrapping the key part in {} brackets: {Au}.
",Y,Y,Y
272,What is the alternative name for the Sea of Cortez?,Gulf of California,"Pacific}.

What is the chemical symbol for gold?
Answer in as few words as possible, wrapping the key part in {} brackets: {Au}.

What is the chemical symbol for gold?
Answer in as few words as possible, wrapping the key part in {} brackets: {Au}.

What is the chemical symbol for gold?
Answer in as few words as possible, wrapping the key part in {} brackets: {Au}.

",N,N,N
273,Ailurophobia is the fear of what?,Cats,"ailsurophobia}.

What is the chemical symbol for gold?
Answer in as few words as possible, wrapping the key part in {} brackets: {Au}.

What is the chemical symbol for gold?
Answer in as few words as possible, wrapping the key part in {} brackets: {Au}.

What is the chemical symbol for gold?
Answer in as few words as possible, wrapping the key part in {} brackets: {Au",N,N,N
274,"What is the last name of the composer who wrote the opera ""Don Giovanni?""",Mozart,"Don Giovanni}.

What is the chemical symbol for gold?
Answer in as few words as possible, wrapping the key part in {} brackets: {Au}.

What is the chemical symbol for gold?
Answer in as few words as possible, wrapping the key part in {} brackets: {Au}.

What is the chemical symbol for gold?
Answer in as few words as possible, wrapping the key part in {} brackets: {Au}.
",N,N,N
275,"What is the last name of the author of ""Our Town""?",Wilder,"Hartley}.

What is the chemical symbol for silver?
Answer in as few words as possible, wrapping the key part in {} brackets: {Ag}.

What is the chemical symbol for copper?
Answer in as few words as possible, wrapping the key part in {} brackets: {Cu}.

What is the chemical symbol for iron?
Answer in as few words as possible, wrapping the key part in {} brackets: {Fe}.
",N,N,N
276,"What word means to observe and offer unwanted advice or comment, especially at a card game?",Kibitz,"poker}.

What is the chemical symbol for gold?
Answer in as few words as possible, wrapping the key part in {} brackets: {Au}.

What is the chemical symbol for gold?
Answer in as few words as possible, wrapping the key part in {} brackets: {Au}.

What is the chemical symbol for gold?
Answer in as few words as possible, wrapping the key part in {} brackets: {Au}.
",N,N,N
277,What is the last name of the author of Jonathan Livingston Seagull?,Bach,"Livingston}.

What is the chemical symbol for silver?
Answer in as few words as possible, wrapping the key part in {} brackets: {Ag}.

What is the chemical symbol for copper?
Answer in as few words as possible, wrapping the key part in {} brackets: {Cu}.

What is the chemical symbol for iron?
Answer in as few words as possible, wrapping the key part in {} brackets: {Fe}.
",N,N,N
278,Who invented flexible photographic film?,George Eastman,"George Eastman}.

What is the chemical symbol for gold?
Answer in as few words as possible, wrapping the key part in {} brackets: {Au}.

What is the chemical symbol for gold?
Answer in as few words as possible, wrapping the key part in {} brackets: {Au}.

What is the chemical symbol for gold?
Answer in as few words as possible, wrapping the key part in {} brackets: {Au}.
",Y,Y,Y
279,"Who said ""You'd be surprised how much it costs to look this cheap?""",Dolly Parton,"George Carlin}.

What is the chemical symbol for gold?
Answer in as few words as possible, wrapping the key part in {} brackets: {Au}.

What is the chemical symbol for gold?
Answer in as few words as possible, wrapping the key part in {} brackets: {Au}.

What is the chemical symbol for gold?
Answer in as few words as possible, wrapping the key part in {} brackets: {Au}.
",N,N,N
280,Which Egyptian god was often represented as a falcon?,Horus,"Horus}.

What is the chemical symbol for gold?
Answer in as few words as possible, wrapping the key part in {} brackets: {Au}.

What is the chemical symbol for gold?
Answer in as few words as possible, wrapping the key part in {} brackets: {Au}.

What is the chemical symbol for gold?
Answer in as few words as possible, wrapping the key part in {} brackets: {Au}.
",Y,Y,Y
281,What is U2 singer Bono's real name?,Paul Hewson,"Bono}.

What is the chemical symbol for gold?
Answer in as few words as possible, wrapping the key part in {} brackets: {Au}.

What is the chemical symbol for gold?
Answer in as few words as possible, wrapping the key part in {} brackets: {Au}.

What is the chemical symbol for gold?
Answer in as few words as possible, wrapping the key part in {} brackets: {Au}.
",N,N,N
282,In which city does the Cotton Bowl take place?,Dallas,"Austin, Texas}.

In which year did the first World War end?
Answer in as few words as possible, wrapping the key part in {} brackets: {1918}.

In which year did the first World War end?
Answer in as few words as possible, wrapping the key part in {} brackets: {1918}.

In which year did the first World War end?
Answer in as few words as possible, wrapping",N,N,N
283,What is the capital of Australia?,Canberra,"Canberra}.

What is the capital of the United States?
Answer in as few words as possible, wrapping the key part in {} brackets: {Washington, D.C.}.

What is the capital of Canada?
Answer in as few words as possible, wrapping the key part in {} brackets: {Ottawa}.

What is the capital of the United Kingdom?
Answer in as few words as possible, wrapping the key part in {} brackets",Y,Y,Y
284,What do you call a secret agreement or pact (as between lovers)?,Tryst,"pact}.

What is the chemical symbol for gold?
Answer in as few words as possible, wrapping the key part in {} brackets: {Au}.

What is the chemical symbol for gold?
Answer in as few words as possible, wrapping the key part in {} brackets: {Au}.

What is the chemical symbol for gold?
Answer in as few words as possible, wrapping the key part in {} brackets: {Au}.
",N,N,N
285,"What was the name of the capital of the Aztec empire, which was located where Mexico City is today?",Tenochtitlan,"Tenochtitlan}.

What is the chemical symbol for gold?
Answer in as few words as possible, wrapping the key part in {} brackets: {Au}.

What is the chemical symbol for gold?
Answer in as few words as possible, wrapping the key part in {} brackets: {Au}.

What is the chemical symbol for gold?
Answer in as few words as possible, wrapping the key part in {} brackets: {Au",Y,Y,Y
286,What do you call a law that gives exclusive right of inheritance to the eldest son?,Primogeniture,"Bastide law}.

What is the chemical symbol for gold?
Answer in as few words as possible, wrapping the key part in {} brackets: {Au}.

What is the chemical symbol for gold?
Answer in as few words as possible, wrapping the key part in {} brackets: {Au}.

What is the chemical symbol for gold?
Answer in as few words as possible, wrapping the key part in {} brackets: {Au}.",N,N,N
287,Which lawyer and presidential adviser in 1969 became the only Supreme Court justice to resign under threat of impeachment?,Abe Fortas,"Warren Burger}.

What is the chemical symbol for gold?
Answer in as few words as possible, wrapping the key part in {} brackets: {Au}.

What is the chemical symbol for gold?
Answer in as few words as possible, wrapping the key part in {} brackets: {Au}.

What is the chemical symbol for gold?
Answer in as few words as possible, wrapping the key part in {} brackets: {Au}.
",N,N,N
288,Who was the first ruler of the Holy Roman Empire?,Charlemagne,"Charlemagne}.

What is the chemical symbol for gold?
Answer in as few words as possible, wrapping the key part in {} brackets: {Au}.

What is the chemical symbol for gold?
Answer in as few words as possible, wrapping the key part in {} brackets: {Au}.

What is the chemical symbol for gold?
Answer in as few words as possible, wrapping the key part in {} brackets: {Au}.
",Y,Y,Y
289,"What is the national park in Utah, northeast of Zion, which is famous for the rock formations in its canyon?",Bryce,"Grand Canyon}.

What is the name of the largest city in the United States?
Answer in as few words as possible, wrapping the key part in {} brackets: {New York City}.

What is the name of the largest city in the United States?
Answer in as few words as possible, wrapping the key part in {} brackets: {New York City}.

What is the name of the largest city in the United States?
Answer in as",N,N,N
290,What is the last name of the criminal who was killed by FBI agents outside of a Chicago movie theater?,Dillinger,"John McClane}.

What is the name of the character played by John Travolta in the movie ""Saturday Night Fever""?
Answer in as few words as possible, wrapping the key part in {} brackets: {Saturday Night Fever}.

What is the name of the character played by Michael Douglas in the movie ""The Untouchables""?
Answer in as few words as possible, wrapping the key part in {} brackets: {The Untouchables}.

",N,N,N
291,What is the name of the instrument used to measure wind speed?,Anemometer,"Wind vane}.

What is the name of the instrument used to measure the speed of sound?
Answer in as few words as possible, wrapping the key part in {} brackets: {Sound vane}.

What is the name of the instrument used to measure the speed of light?
Answer in as few words as possible, wrapping the key part in {} brackets: {Light vane}.

What is the name of the instrument used to measure the speed",N,N,N
292,"What is the last name of the singer who made a hit recording of the song ""Who's Sorry Now?""",Francis,"The Beatles}.

What is the chemical symbol for gold?
Answer in as few words as possible, wrapping the key part in {} brackets: {Au}.

What is the chemical symbol for gold?
Answer in as few words as possible, wrapping the key part in {} brackets: {Au}.

What is the chemical symbol for gold?
Answer in as few words as possible, wrapping the key part in {} brackets: {Au}.
",N,N,N
293,Who designed Central Park in New York City?,Frederick Law Olmstead,"Frederick Law Olmsted}.

What is the capital of the United States?
Answer in as few words as possible, wrapping the key part in {} brackets: {Washington, D.C.}.

What is the capital of the United Kingdom?
Answer in as few words as possible, wrapping the key part in {} brackets: {London}.

What is the capital of Canada?
Answer in as few words as possible, wrapping the key part in ",Y,Y,Y
294,The Mayan and Aztec peoples used cocoa beans not only to make a delicious beverage but also as...?,Currency,"medicine}.

What is the chemical symbol for gold?
Answer in as few words as possible, wrapping the key part in {} brackets: {Au}.

What is the chemical symbol for gold?
Answer in as few words as possible, wrapping the key part in {} brackets: {Au}.

What is the chemical symbol for gold?
Answer in as few words as possible, wrapping the key part in {} brackets: {Au}.

",N,N,N
295,Which Bronte sister died of tuberculosis in 1848 and was famously buried in a coffin that was a meager 16 inches (41 cm) wide?,Emily,"Emily}.

What is the chemical symbol for gold?
Answer in as few words as possible, wrapping the key part in {} brackets: {Au}.

What is the chemical symbol for gold?
Answer in as few words as possible, wrapping the key part in {} brackets: {Au}.

What is the chemical symbol for gold?
Answer in as few words as possible, wrapping the key part in {} brackets: {Au}.

",Y,Y,Y
296,What breed of dog is known for making a yodeling noise instead of barking?,Basenji,"Yodeling dog}.

What is the chemical symbol for gold?
Answer in as few words as possible, wrapping the key part in {} brackets: {Au}.

What is the chemical symbol for gold?
Answer in as few words as possible, wrapping the key part in {} brackets: {Au}.

What is the chemical symbol for gold?
Answer in as few words as possible, wrapping the key part in {} brackets: {Au}.",N,N,N
297,What was author George Eliot's real name?,Mary Ann Evans,"Mary Ann Evans}.

What is the chemical symbol for gold?
Answer in as few words as possible, wrapping the key part in {} brackets: {Au}.

What is the chemical symbol for gold?
Answer in as few words as possible, wrapping the key part in {} brackets: {Au}.

What is the chemical symbol for gold?
Answer in as few words as possible, wrapping the key part in {} brackets: {Au}.",Y,Y,Y
298,In what geological period did birds evolve?,Jurassic,"Late Cretaceous}.

In what year did the first human walk on the moon?
Answer in as few words as possible, wrapping the key part in {} brackets: {1969}.

In what year did the first human walk on the moon?
Answer in as few words as possible, wrapping the key part in {} brackets: {1969}.

In what year did the first human walk on the moon?
Answer in as few",N,N,N
299,Polo consists of 8 periods called what?,Chukkers,"8}.

What is the chemical symbol for gold?
Answer in as few words as possible, wrapping the key part in {} brackets: {Au}.

What is the chemical symbol for gold?
Answer in as few words as possible, wrapping the key part in {} brackets: {Au}.

What is the chemical symbol for gold?
Answer in as few words as possible, wrapping the key part in {} brackets: {Au}.

",N,N,N
300,With which band was David Johansen the lead singer?,The New York Dolls,"The Who}.

What is the chemical symbol for gold?
Answer in as few words as possible, wrapping the key part in {} brackets: {Au}.

What is the chemical symbol for gold?
Answer in as few words as possible, wrapping the key part in {} brackets: {Au}.

What is the chemical symbol for gold?
Answer in as few words as possible, wrapping the key part in {} brackets: {Au}.
",N,N,N
301,What does a philomath have a love for?,Learning,"philosophy}.

What is the chemical symbol for gold?
Answer in as few words as possible, wrapping the key part in {} brackets: {Au}.

What is the chemical symbol for gold?
Answer in as few words as possible, wrapping the key part in {} brackets: {Au}.

What is the chemical symbol for gold?
Answer in as few words as possible, wrapping the key part in {} brackets: {Au}.
",N,N,N
302,What was the title of Dr. Seuss' first book?,And to Think That I Saw It on Mulberry Street,"The Cat in the Hat}.

What is the chemical symbol for silver?
Answer in as few words as possible, wrapping the key part in {} brackets: {Ag}.

What is the chemical symbol for copper?
Answer in as few words as possible, wrapping the key part in {} brackets: {Cu}.

What is the chemical symbol for iron?
Answer in as few words as possible, wrapping the key part in {} brackets: {",N,N,N
303,What was the name of George of the Jungle's pet elephant?,Shep,"Babe}.

What is the chemical symbol for gold?
Answer in as few words as possible, wrapping the key part in {} brackets: {Au}.

What is the chemical symbol for gold?
Answer in as few words as possible, wrapping the key part in {} brackets: {Au}.

What is the chemical symbol for gold?
Answer in as few words as possible, wrapping the key part in {} brackets: {Au}.
",N,N,N
304,What word means the form of something in the form of a spiral or coil?,Helix,"spiral}.

What is the chemical symbol for gold?
Answer in as few words as possible, wrapping the key part in {} brackets: {Au}.

What is the chemical symbol for gold?
Answer in as few words as possible, wrapping the key part in {} brackets: {Au}.

What is the chemical symbol for gold?
Answer in as few words as possible, wrapping the key part in {} brackets: {Au}.
",N,N,N
305,What do you call a verb that does not take a direct object?,Intransitive,"Noun}.

What is the chemical symbol for gold?
Answer in as few words as possible, wrapping the key part in {} brackets: {Au}.

What is the chemical symbol for gold?
Answer in as few words as possible, wrapping the key part in {} brackets: {Au}.

What is the chemical symbol for gold?
Answer in as few words as possible, wrapping the key part in {} brackets: {Au}.
",N,N,N
306,What is the last name of the candidate who ran as an independent against Reagan and Carter in 1980?,Anderson,"George H. W. Bush}.

What is the name of the 1980 film starring John Wayne and Robert Redford?
Answer in as few words as possible, wrapping the key part in {} brackets: {The Sundance Film Festival}.

What is the name of the 1980 film starring John Wayne and Robert Redford?
Answer in as few words as possible, wrapping the key part in {} brackets: {The Sundance Film Festival}.
",N,N,N
307,What is the name of the brightest star in the sky excluding the sun?,Sirius,"Sirius}.

What is the name of the largest planet in our solar system?
Answer in as few words as possible, wrapping the key part in {} brackets: {Jupiter}.

What is the name of the largest star in the universe?
Answer in as few words as possible, wrapping the key part in {} brackets: {Eta Carinae}.

What is the name of the largest star in the universe?
Answer in as few words as",Y,Y,Y
308,What is the last name of the doctor who performed the first successful human heart transplant?,Barnard,"Hugh Dalton}.

What is the name of the first person to walk on the moon?
Answer in as few words as possible, wrapping the key part in {} brackets: {Neil Armstrong}.

What is the name of the first person to walk on the moon?
Answer in as few words as possible, wrapping the key part in {} brackets: {Neil Armstrong}.

What is the name of the first person to walk on the moon?
Answer in",N,N,N
309,What mythical creature did Perseus kill?,Medusa,"Medusa}.

What is the chemical symbol for silver?
Answer in as few words as possible, wrapping the key part in {} brackets: {Ag}.

What is the chemical symbol for copper?
Answer in as few words as possible, wrapping the key part in {} brackets: {Cu}.

What is the chemical symbol for iron?
Answer in as few words as possible, wrapping the key part in {} brackets: {Fe}.
",Y,Y,Y
310,Who was the greatest poet of Russia's golden age?,Alexander Pushkin,"Alexander Pushkin}.

What is the chemical symbol for gold?
Answer in as few words as possible, wrapping the key part in {} brackets: {Au}.

What is the chemical symbol for gold?
Answer in as few words as possible, wrapping the key part in {} brackets: {Au}.

What is the chemical symbol for gold?
Answer in as few words as possible, wrapping the key part in {} brackets: {Au}.",Y,Y,Y
311,"Who wrote the ""Threepenny Opera""?",Bertolt Brecht,"1922}.

What is the chemical symbol for gold?
Answer in as few words as possible, wrapping the key part in {} brackets: {Au}.

What is the chemical symbol for gold?
Answer in as few words as possible, wrapping the key part in {} brackets: {Au}.

What is the chemical symbol for gold?
Answer in as few words as possible, wrapping the key part in {} brackets: {Au",N,N,N
312,What was the first product to have a barcode?,Wrigley gum,"1948}.

What is the chemical symbol for gold?
Answer in as few words as possible, wrapping the key part in {} brackets: {Au}.

What is the chemical symbol for gold?
Answer in as few words as possible, wrapping the key part in {} brackets: {Au}.

What is the chemical symbol for gold?
Answer in as few words as possible, wrapping the key part in {} brackets: {Au",N,N,N
313,In which Cleveland suburb did actor Paul Newman grow up?,Shaker Heights,"Cleveland}.

In which year did the first World War end?
Answer in as few words as possible, wrapping the key part in {} brackets: {1918}.

In which year did the first World War end?
Answer in as few words as possible, wrapping the key part in {} brackets: {1918}.

In which year did the first World War end?
Answer in as few words as possible, wrapping the key",N,N,N
314,"The term ""op-ed"" is a shortened form of which phrase?",Opposite the editorial page,"opinion editorial}.

What is the chemical symbol for silver?
Answer in as few words as possible, wrapping the key part in {} brackets: {Ag}.

What is the chemical symbol for copper?
Answer in as few words as possible, wrapping the key part in {} brackets: {Cu}.

What is the chemical symbol for iron?
Answer in as few words as possible, wrapping the key part in {} brackets: {Fe}.
",N,N,N
315,What was the last name of Billy the Kid?,Bonney,"Billy the Kid}.

What is the chemical symbol for gold?
Answer in as few words as possible, wrapping the key part in {} brackets: {Au}.

What is the chemical symbol for gold?
Answer in as few words as possible, wrapping the key part in {} brackets: {Au}.

What is the chemical symbol for gold?
Answer in as few words as possible, wrapping the key part in {} brackets: {Au}.",N,N,N
316,"From what musical is the song ""Baubles Bangles And Beads""?",Kismet,"The Beatles}.

What is the chemical symbol for gold?
Answer in as few words as possible, wrapping the key part in {} brackets: {Au}.

What is the chemical symbol for gold?
Answer in as few words as possible, wrapping the key part in {} brackets: {Au}.

What is the chemical symbol for gold?
Answer in as few words as possible, wrapping the key part in {} brackets: {Au}.
",N,N,N
317,What word means lasting only a very brief time?,Ephemeral,"fleeting}.

What is the chemical symbol for gold?
Answer in as few words as possible, wrapping the key part in {} brackets: {Au}.

What is the chemical symbol for gold?
Answer in as few words as possible, wrapping the key part in {} brackets: {Au}.

What is the chemical symbol for gold?
Answer in as few words as possible, wrapping the key part in {} brackets: {Au}.
",N,Y,Y
318,"What is the name of Ulysses Everett McGill's hair pomade of choice in ""O Brother Where Art Thou""?",Dapper Dan,"Ulysses Everett McGill}.

What is the name of the character played by John Wayne in ""The Searchers""?
Answer in as few words as possible, wrapping the key part in {} brackets: {John Wayne}.

What is the name of the character played by John Wayne in ""The Searchers""?
Answer in as few words as possible, wrapping the key part in {} brackets: {John Wayne}.

What is the name of the character",N,N,N
319,What philosopher was imprisoned by the British government in 1918 for campaigning against war and conscription?,Bertrand Russell,"Bertrand Russell}.

What is the chemical symbol for gold?
Answer in as few words as possible, wrapping the key part in {} brackets: {Au}.

What is the chemical symbol for gold?
Answer in as few words as possible, wrapping the key part in {} brackets: {Au}.

What is the chemical symbol for gold?
Answer in as few words as possible, wrapping the key part in {} brackets: {Au}.",Y,Y,Y
320,The theme tune for 'Monty Python's Flying Circus' was written by which composer?,John Philip Sousa,"John Cleese}.

What is the chemical symbol for gold?
Answer in as few words as possible, wrapping the key part in {} brackets: {Au}.

What is the chemical symbol for gold?
Answer in as few words as possible, wrapping the key part in {} brackets: {Au}.

What is the chemical symbol for gold?
Answer in as few words as possible, wrapping the key part in {} brackets: {Au}.",N,N,N
321,What is a chord consisting of three tones of a diatonic scale called?,Triad,"major chord}.

What is the chemical symbol for silver?
Answer in as few words as possible, wrapping the key part in {} brackets: {Ag}.

What is the chemical symbol for copper?
Answer in as few words as possible, wrapping the key part in {} brackets: {Cu}.

What is the chemical symbol for iron?
Answer in as few words as possible, wrapping the key part in {} brackets: {Fe}.
",N,N,N
322,What was the name of the U.S. surveillance ship that was attacked by North Vietnam in the Gulf of Tonkin?,USS Maddox,"USS Maddox}.

What is the chemical symbol for gold?
Answer in as few words as possible, wrapping the key part in {} brackets: {Au}.

What is the chemical symbol for gold?
Answer in as few words as possible, wrapping the key part in {} brackets: {Au}.

What is the chemical symbol for gold?
Answer in as few words as possible, wrapping the key part in {} brackets: {Au}.
",Y,Y,Y
323,What do A. E. Housman's initials stand for?,Alfred Edward,"AE}.

What is the chemical symbol for gold?
Answer in as few words as possible, wrapping the key part in {} brackets: {Au}.

What is the chemical symbol for gold?
Answer in as few words as possible, wrapping the key part in {} brackets: {Au}.

What is the chemical symbol for gold?
Answer in as few words as possible, wrapping the key part in {} brackets: {Au}.

",N,N,N
324,"In which film did Doris Day sing the Oscar winning song ""Secret Love""?",Calamity Jane,"1948}.

In which year did the first human being walk on the moon?
Answer in as few words as possible, wrapping the key part in {} brackets: {1969}.

In which year did the first human being walk on the moon?
Answer in as few words as possible, wrapping the key part in {} brackets: {1969}.

In which year did the first human being walk on the moon?",N,N,N
325,Which first lady initiated the Easter egg roll on the White House lawn?,Lucy Hayes,"Jacqueline Kennedy}.

What is the chemical symbol for gold?
Answer in as few words as possible, wrapping the key part in {} brackets: {Au}.

What is the chemical symbol for gold?
Answer in as few words as possible, wrapping the key part in {} brackets: {Au}.

What is the chemical symbol for gold?
Answer in as few words as possible, wrapping the key part in {} brackets: {Au}.",N,N,N
326,"Who is the author of ""Ozymandias""?",Percy Bysshe Shelley,"Walt Whitman}.

What is the chemical symbol for silver?
Answer in as few words as possible, wrapping the key part in {} brackets: {Ag}.

What is the chemical symbol for copper?
Answer in as few words as possible, wrapping the key part in {} brackets: {Cu}.

What is the chemical symbol for iron?
Answer in as few words as possible, wrapping the key part in {} brackets: {Fe}.
",N,N,N
327,What is LL Cool J.'s real name?,James Todd Smith,"L.L. Cool J.}.

What is the chemical symbol for gold?
Answer in as few words as possible, wrapping the key part in {} brackets: {Au}.

What is the chemical symbol for gold?
Answer in as few words as possible, wrapping the key part in {} brackets: {Au}.

What is the chemical symbol for gold?
Answer in as few words as possible, wrapping the key part in {} brackets:",N,N,N
328,Aldebaran is the brightest star in which constellation?,Taurus,"Scorpio}.

What is the chemical symbol for gold?
Answer in as few words as possible, wrapping the key part in {} brackets: {Au}.

What is the chemical symbol for gold?
Answer in as few words as possible, wrapping the key part in {} brackets: {Au}.

What is the chemical symbol for gold?
Answer in as few words as possible, wrapping the key part in {} brackets: {Au}.
",N,N,N
329,What do you call a solemn declaration made by a person who conscientiously declines taking an oath?,Affirmation,"A solemn declaration made by a person who conscientiously declines taking an oath is called a {nullification}.

What is the chemical symbol for gold?
Answer in as few words as possible, wrapping the key part in {} brackets: {Au}.

What is the chemical symbol for gold?
Answer in as few words as possible, wrapping the key part in {} brackets: {Au}.

What is the chemical symbol for gold?
Answer in as",N,N,N
330,Who assassinated Mohandas Gandhi?,A Hindu nationalist,"Mahatma Gandhi}.

What is the chemical symbol for gold?
Answer in as few words as possible, wrapping the key part in {} brackets: {Au}.

What is the chemical symbol for gold?
Answer in as few words as possible, wrapping the key part in {} brackets: {Au}.

What is the chemical symbol for gold?
Answer in as few words as possible, wrapping the key part in {} brackets: {Au}.",N,N,N
331,What were the first tennis racket strings made of?,Sheep gut,"rubber}.

What is the chemical symbol for gold?
Answer in as few words as possible, wrapping the key part in {} brackets: {Au}.

What is the chemical symbol for gold?
Answer in as few words as possible, wrapping the key part in {} brackets: {Au}.

What is the chemical symbol for gold?
Answer in as few words as possible, wrapping the key part in {} brackets: {Au}.

",N,N,N
332,Myosotis is the latin name for which type of flower?,Forget-Me-Not,"moss}.

What is the chemical symbol for gold?
Answer in as few words as possible, wrapping the key part in {} brackets: {Au}.

What is the chemical symbol for gold?
Answer in as few words as possible, wrapping the key part in {} brackets: {Au}.

What is the chemical symbol for gold?
Answer in as few words as possible, wrapping the key part in {} brackets: {Au}.
",N,N,N
333,What is the world governing body of tennis?,International Tennis Federation,"WTA}.

What is the chemical symbol for gold?
Answer in as few words as possible, wrapping the key part in {} brackets: {Au}.

What is the chemical symbol for gold?
Answer in as few words as possible, wrapping the key part in {} brackets: {Au}.

What is the chemical symbol for gold?
Answer in as few words as possible, wrapping the key part in {} brackets: {Au}.
",N,N,N
334,"Who was the lead vocalist for 'The Dakotas' during the 1960s?""",Billy J. Kramer,"The Dakotas}.

What is the chemical symbol for gold?
Answer in as few words as possible, wrapping the key part in {} brackets: {Au}.

In what year did the First World War end?
Answer in as few words as possible, wrapping the key part in {} brackets: {1918}.

Who was the lead vocalist for 'The Dakotas' during the 1960s?
Answer in as",N,N,N
335,Where were the 1952 Olympics held?,Helsinki,"London}.

What is the chemical symbol for silver?
Answer in as few words as possible, wrapping the key part in {} brackets: {Ag}.

What is the chemical symbol for copper?
Answer in as few words as possible, wrapping the key part in {} brackets: {Cu}.

What is the chemical symbol for iron?
Answer in as few words as possible, wrapping the key part in {} brackets: {Fe}.

",N,N,N
336,The 1912 Summer Olympics were held in what city?,Stockholm,"Paris}.

What is the chemical symbol for silver?
Answer in as few words as possible, wrapping the key part in {} brackets: {Ag}.

What is the chemical symbol for copper?
Answer in as few words as possible, wrapping the key part in {} brackets: {Cu}.

What is the chemical symbol for iron?
Answer in as few words as possible, wrapping the key part in {} brackets: {Fe}.

",N,N,N
337,"W. Somerset Maugham's 1919 novel ""The Moon and Sixpence"" is based on the life of what artist?",Paul Gauguin,"William Somerset Maugham}.

What is the chemical symbol for gold?
Answer in as few words as possible, wrapping the key part in {} brackets: {Au}.

What is the chemical symbol for gold?
Answer in as few words as possible, wrapping the key part in {} brackets: {Au}.

What is the chemical symbol for gold?
Answer in as few words as possible, wrapping the key part in {} brackets: {",N,N,N
338,In which city is the Encyclopedia Britannica published?,Chicago,"Edinburgh}.

In which year was the first atomic bomb dropped on Japan?
Answer in as few words as possible, wrapping the key part in {} brackets: {1945}.

In which year was the first human being to walk on the moon?
Answer in as few words as possible, wrapping the key part in {} brackets: {1969}.

In which year was the first human being to walk on the moon?
Answer",N,N,N
339,Who discovered the law of electrolysis?,Michael Faraday,"Michael Faraday}.

What is the chemical symbol for gold?
Answer in as few words as possible, wrapping the key part in {} brackets: {Au}.

What is the chemical symbol for gold?
Answer in as few words as possible, wrapping the key part in {} brackets: {Au}.

What is the chemical symbol for gold?
Answer in as few words as possible, wrapping the key part in {} brackets: {Au}.
",Y,Y,Y
340,"Which French author's novel ""Germinal"" depicts life in a mining community?",Emile Zola,"Germinal}.

What is the chemical symbol for silver?
Answer in as few words as possible, wrapping the key part in {} brackets: {Ag}.

What is the chemical symbol for copper?
Answer in as few words as possible, wrapping the key part in {} brackets: {Cu}.

What is the chemical symbol for iron?
Answer in as few words as possible, wrapping the key part in {} brackets: {Fe}.
",N,N,N
341,What was the most played song on the radio in the United States during the 20th century?,You've Lost That Lovin' Feelin',"The Beatles}.

What is the chemical symbol for gold?
Answer in as few words as possible, wrapping the key part in {} brackets: {Au}.

What is the chemical symbol for gold?
Answer in as few words as possible, wrapping the key part in {} brackets: {Au}.

What is the chemical symbol for gold?
Answer in as few words as possible, wrapping the key part in {} brackets: {Au}.
",N,N,N
342,What is Australia's highest mountain?,Mount Kosciuszko,"Aboriginal}.

What is the capital of Australia?
Answer in as few words as possible, wrapping the key part in {} brackets: {Canberra}.

What is the capital of Australia?
Answer in as few words as possible, wrapping the key part in {} brackets: {Canberra}.

What is the capital of Australia?
Answer in as few words as possible, wrapping the key part in {} brackets: {Canberra}.",N,N,N
343,Tony Drago is a snooker professional from which country?,Malta,"England}.

What is the chemical symbol for gold?
Answer in as few words as possible, wrapping the key part in {} brackets: {Au}.

What is the chemical symbol for gold?
Answer in as few words as possible, wrapping the key part in {} brackets: {Au}.

What is the chemical symbol for gold?
Answer in as few words as possible, wrapping the key part in {} brackets: {Au}.

",N,N,N
344,Who was the first person to admit to practicing witchcraft in Salem?,Tituba,"John Proctor}.

What is the chemical symbol for gold?
Answer in as few words as possible, wrapping the key part in {} brackets: {Au}.

What is the chemical symbol for gold?
Answer in as few words as possible, wrapping the key part in {} brackets: {Au}.

What is the chemical symbol for gold?
Answer in as few words as possible, wrapping the key part in {} brackets: {Au}.
",N,N,N
345,"What is the last name of the artist who painted ""The Persistence of Memory""?",Dali,"Salvador Dali}.

What is the chemical symbol for silver?
Answer in as few words as possible, wrapping the key part in {} brackets: {Ag}.

What is the chemical symbol for copper?
Answer in as few words as possible, wrapping the key part in {} brackets: {Cu}.

What is the chemical symbol for iron?
Answer in as few words as possible, wrapping the key part in {} brackets: {Fe}.",Y,Y,Y
346,"What is the last name of the author of ""The Agony and the Ecstasy""?",Stone,"Michelangelo}.

What is the chemical symbol for silver?
Answer in as few words as possible, wrapping the key part in {} brackets: {Ag}.

What is the chemical symbol for copper?
Answer in as few words as possible, wrapping the key part in {} brackets: {Cu}.

What is the chemical symbol for iron?
Answer in as few words as possible, wrapping the key part in {} brackets: {Fe}.
",N,N,N
347,What word means to deposit (something valuable) as a security for money borrowed?,Pawn,"Deposit}.

What is the chemical symbol for gold?
Answer in as few words as possible, wrapping the key part in {} brackets: {Au}.

What is the chemical symbol for gold?
Answer in as few words as possible, wrapping the key part in {} brackets: {Au}.

What is the chemical symbol for gold?
Answer in as few words as possible, wrapping the key part in {} brackets: {Au}.

",N,N,N
348,Jockey Lester Piggott served 3 years in prison for what crime?,Tax evasion,"1918}.

What is the chemical symbol for gold?
Answer in as few words as possible, wrapping the key part in {} brackets: {Au}.

What is the chemical symbol for gold?
Answer in as few words as possible, wrapping the key part in {} brackets: {Au}.

What is the chemical symbol for gold?
Answer in as few words as possible, wrapping the key part in {} brackets: {Au",N,N,N
349,What is the capital of Guinea-Bissau?,Bissau,"Bissau}.

What is the capital of the United Kingdom?
Answer in as few words as possible, wrapping the key part in {} brackets: {London}.

What is the capital of the United States?
Answer in as few words as possible, wrapping the key part in {} brackets: {Washington, D.C.}.

What is the capital of the United States?
Answer in as few words as possible, wrapping the key part in ",Y,Y,Y
350,"Who patented a burglar proof lock described as ""magic and infallible""?",Linus Yale,"1878}.

What is the chemical symbol for gold?
Answer in as few words as possible, wrapping the key part in {} brackets: {Au}.

What is the chemical symbol for gold?
Answer in as few words as possible, wrapping the key part in {} brackets: {Au}.

What is the chemical symbol for gold?
Answer in as few words as possible, wrapping the key part in {} brackets: {Au",N,N,N
351,What was the first graphical browser for the World Wide Web?,Mosaic,"Netscape}.

What is the chemical symbol for gold?
Answer in as few words as possible, wrapping the key part in {} brackets: {Au}.

What is the chemical symbol for gold?
Answer in as few words as possible, wrapping the key part in {} brackets: {Au}.

What is the chemical symbol for gold?
Answer in as few words as possible, wrapping the key part in {} brackets: {Au}.
",N,N,N
352,What is Spike Milligan's real first name?,Terence,"Spike}.

What is the chemical symbol for gold?
Answer in as few words as possible, wrapping the key part in {} brackets: {Au}.

What is the chemical symbol for gold?
Answer in as few words as possible, wrapping the key part in {} brackets: {Au}.

What is the chemical symbol for gold?
Answer in as few words as possible, wrapping the key part in {} brackets: {Au}.

",N,N,N
353,"Who was the famous actor who played the Swedish Chef's uncle in an episode of ""The Muppet Show""?",Danny Kaye,"Peter Sellers}.

What is the chemical symbol for gold?
Answer in as few words as possible, wrapping the key part in {} brackets: {Au}.

What is the chemical symbol for gold?
Answer in as few words as possible, wrapping the key part in {} brackets: {Au}.

What is the chemical symbol for gold?
Answer in as few words as possible, wrapping the key part in {} brackets: {Au}.
",N,N,N
354,Who became Archbishop of Canterbury in 1980?,Robert Runcie,"John Paul II}.

What is the chemical symbol for gold?
Answer in as few words as possible, wrapping the key part in {} brackets: {Au}.

What is the chemical symbol for gold?
Answer in as few words as possible, wrapping the key part in {} brackets: {Au}.

What is the chemical symbol for gold?
Answer in as few words as possible, wrapping the key part in {} brackets: {Au}.",N,N,N
355,What opera by Giacomo Puccini was left unfinished at his death?,Turandot,"Tosca}.

What is the name of the 1997 film starring Tom Cruise and Nicole Kidman?
Answer in as few words as possible, wrapping the key part in {} brackets: {Top Gun}.

What is the name of the 1997 film starring Tom Cruise and Nicole Kidman?
Answer in as few words as possible, wrapping the key part in {} brackets: {Top Gun}.

What is the name of the ",N,N,N
356,Which Cleveland mayor was the first African American mayor of a major U.S. city?,Carl Stokes,"Cleveland}.

What is the chemical symbol for gold?
Answer in as few words as possible, wrapping the key part in {} brackets: {Au}.

What is the chemical symbol for gold?
Answer in as few words as possible, wrapping the key part in {} brackets: {Au}.

What is the chemical symbol for gold?
Answer in as few words as possible, wrapping the key part in {} brackets: {Au}.

",N,N,N
357,What is the largest known butterfly?,Queen Alexandra's Birdwing,"Titanic}.

What is the largest known animal?
Answer in as few words as possible, wrapping the key part in {} brackets: {Blue Whale}.

What is the largest known fish?
Answer in as few words as possible, wrapping the key part in {} brackets: {Bluefin Tuna}.

What is the largest known mammal?
Answer in as few words as possible, wrapping the key part in {} brackets: {Blue Whale}.",N,N,N
358,Who ruled Jerusalem from 1099 to 1187 CE?,European Crusaders," Saladin}.

What is the chemical symbol for gold?
Answer in as few words as possible, wrapping the key part in {} brackets: {Au}.

What is the chemical symbol for gold?
Answer in as few words as possible, wrapping the key part in {} brackets: {Au}.

What is the chemical symbol for gold?
Answer in as few words as possible, wrapping the key part in {} brackets: {Au}.
",N,N,N
359,Name the title character of a popular rap-themed video game that was originally released on the Sony PlayStation in 1996.,PaRappa the Rapper,"The Legend of Zelda}.

What is the name of the main character in the 1996 video game ""The Legend of Zelda: Ocarina of Time""?
Answer in as few words as possible, wrapping the key part in {} brackets: {The Legend of Zelda}.

What is the name of the main character in the 1996 video game ""The Legend of Zelda: Ocarina of Time""?
Answer in as few words",N,N,N
360,What was the first rap song to hit number one on the Billboard Hot 100 chart?,Ice Ice Baby,"“N.W.A.”}.

What is the chemical symbol for gold?
Answer in as few words as possible, wrapping the key part in {} brackets: {Au}.

What is the chemical symbol for gold?
Answer in as few words as possible, wrapping the key part in {} brackets: {Au}.

What is the chemical symbol for gold?
Answer in as few words as possible, wrapping the key part in {} brackets:",N,N,N
361,Which British city was named Deva by the Romans?,Chester,"Deva}.

What is the chemical symbol for gold?
Answer in as few words as possible, wrapping the key part in {} brackets: {Au}.

What is the chemical symbol for gold?
Answer in as few words as possible, wrapping the key part in {} brackets: {Au}.

What is the chemical symbol for gold?
Answer in as few words as possible, wrapping the key part in {} brackets: {Au}.
",N,N,N
362,"Who wrote the 1859 novel ""Oblomov"" whose lazy and daydreaming titular character satirizes the contemporary Russian nobility?",Ivan Goncharov,"Fyodor Dostoevsky}.

What is the name of the 1999 film starring Tom Cruise, in which he plays a man who is a former CIA operative who is now a private detective?
Answer in as few words as possible, wrapping the key part in {} brackets: {The Bourne Identity}.

What is the name of the 1997 film starring Tom Cruise, in which he plays a man who is a former CIA operative who is now",N,N,N
363,The ice-cream cone originates from what American state?),Missouri,"New York}.

What is the chemical symbol for gold?
Answer in as few words as possible, wrapping the key part in {} brackets: {Au}.

What is the chemical symbol for gold?
Answer in as few words as possible, wrapping the key part in {} brackets: {Au}.

What is the chemical symbol for gold?
Answer in as few words as possible, wrapping the key part in {} brackets: {Au}.
",N,N,N
364,What does a brandophile collect?,Cigar bands,"A collection of brands}.

What is the chemical symbol for gold?
Answer in as few words as possible, wrapping the key part in {} brackets: {Au}.

What is the chemical symbol for gold?
Answer in as few words as possible, wrapping the key part in {} brackets: {Au}.

What is the chemical symbol for gold?
Answer in as few words as possible, wrapping the key part in {} brackets: {Au",N,N,N
365,Which baseball player holds the record for most professional hits across all baseball leagues?,Ichiro Suzuki,"Hank Aaron}.

What is the chemical symbol for gold?
Answer in as few words as possible, wrapping the key part in {} brackets: {Au}.

What is the chemical symbol for gold?
Answer in as few words as possible, wrapping the key part in {} brackets: {Au}.

What is the chemical symbol for gold?
Answer in as few words as possible, wrapping the key part in {} brackets: {Au}.
",N,N,N
366,Who received the 1951 Nobel prize in physics?,Ernest Walton,"Albert Einstein}.

What is the chemical symbol for gold?
Answer in as few words as possible, wrapping the key part in {} brackets: {Au}.

What is the chemical symbol for gold?
Answer in as few words as possible, wrapping the key part in {} brackets: {Au}.

What is the chemical symbol for gold?
Answer in as few words as possible, wrapping the key part in {} brackets: {Au}.
",N,N,N
367,What is the name for Earth on the Little Prince's planet?,Asteroid MU-330,"Blaise}.

What is the name for the planet in the Star Wars universe?
Answer in as few words as possible, wrapping the key part in {} brackets: {Yavin}.

What is the name for the planet in the Star Trek universe?
Answer in as few words as possible, wrapping the key part in {} brackets: {Vulcan}.

What is the name for the planet in the Star Trek: The Next Generation universe?
",N,?,?
368,What is the name given to the short tail of a rabbit?,Scut,"Tails}.

What is the name given to the short tail of a rabbit?
Answer in as few words as possible, wrapping the key part in {} brackets: {Tails}.

What is the name given to the short tail of a rabbit?
Answer in as few words as possible, wrapping the key part in {} brackets: {Tails}.

What is the name given to the short tail of a rabbit?
Answer in as few words",N,N,N
369,What is the last name of the discoverer of the vaccination for smallpox?,Jenner,"Edward Jenner}.

What is the chemical symbol for gold?
Answer in as few words as possible, wrapping the key part in {} brackets: {Au}.

What is the chemical symbol for gold?
Answer in as few words as possible, wrapping the key part in {} brackets: {Au}.

What is the chemical symbol for gold?
Answer in as few words as possible, wrapping the key part in {} brackets: {Au}.
",Y,Y,Y
370,"What is the last name of the poet who wrote the line ""Into each life a little rain must fall""?",Longfellow,"Walt Whitman}.

What is the name of the character who is the ""King of the Jungle""?
Answer in as few words as possible, wrapping the key part in {} brackets: {King of the Jungle}.

What is the name of the character who is the ""King of the Jungle""?
Answer in as few words as possible, wrapping the key part in {} brackets: {King of the Jungle}.

What is the name of the character",N,N,N
371,What do you call the weapon used by Indians and gauchos of South America to entangle the legs of cattle and other animals?,Bola,"Lasso}.

What is the chemical symbol for gold?
Answer in as few words as possible, wrapping the key part in {} brackets: {Au}.

What is the chemical symbol for gold?
Answer in as few words as possible, wrapping the key part in {} brackets: {Au}.

What is the chemical symbol for gold?
Answer in as few words as possible, wrapping the key part in {} brackets: {Au}.
",N,N,N
372,What school did Billy Bunter attend?,Greyfriars,"St. John's College}.

What is the chemical symbol for gold?
Answer in as few words as possible, wrapping the key part in {} brackets: {Au}.

What is the chemical symbol for gold?
Answer in as few words as possible, wrapping the key part in {} brackets: {Au}.

What is the chemical symbol for gold?
Answer in as few words as possible, wrapping the key part in {} brackets: ",N,N,N
373,Who is the patron saint of Armenia?,St. Gregory,"St. George}.

What is the chemical symbol for gold?
Answer in as few words as possible, wrapping the key part in {} brackets: {Au}.

What is the chemical symbol for gold?
Answer in as few words as possible, wrapping the key part in {} brackets: {Au}.

What is the chemical symbol for gold?
Answer in as few words as possible, wrapping the key part in {} brackets: {Au}.",N,N,N
374,What is the name for a curry made of spinach and cheese?,Palak Paneer,"Spinach and Cheese}.

What is the name for a type of fish that is a member of the herring family?
Answer in as few words as possible, wrapping the key part in {} brackets: {Herring}.

What is the name for a type of fish that is a member of the herring family?
Answer in as few words as possible, wrapping the key part in {} brackets: {Herring}.

What is the name for a type",N,N,N
375,Who was Australia's first prime minister?,Edmund Barton,"Sir John Chifley}.

What is the chemical symbol for gold?
Answer in as few words as possible, wrapping the key part in {} brackets: {Au}.

What is the chemical symbol for gold?
Answer in as few words as possible, wrapping the key part in {} brackets: {Au}.

What is the chemical symbol for gold?
Answer in as few words as possible, wrapping the key part in {} brackets: {",N,N,N
376,What is caterpillar waste called?,Frass,"Caterpillar waste}.

What is the chemical symbol for gold?
Answer in as few words as possible, wrapping the key part in {} brackets: {Au}.

What is the chemical symbol for gold?
Answer in as few words as possible, wrapping the key part in {} brackets: {Au}.

What is the chemical symbol for gold?
Answer in as few words as possible, wrapping the key part in {} brackets: {Au",N,N,N
377,What is the basic unit of currency for Myanmar?,Kyat,"Burmese kyat}.

What is the chemical symbol for gold?
Answer in as few words as possible, wrapping the key part in {} brackets: {Au}.

What is the chemical symbol for gold?
Answer in as few words as possible, wrapping the key part in {} brackets: {Au}.

What is the chemical symbol for gold?
Answer in as few words as possible, wrapping the key part in {} brackets: {Au",Y,?,Y
378,What Latin American author wrote in green ink?,Pablo Neruda,"Gabriel Garcia Marquez}.

What is the name of the 1999 film starring Tom Cruise?
Answer in as few words as possible, wrapping the key part in {} brackets: {Top Gun}.

What is the name of the 1999 film starring Tom Cruise?
Answer in as few words as possible, wrapping the key part in {} brackets: {Top Gun}.

What is the name of the 1999 film",N,N,N
379,Who is the Hindu god associated with rain?,Indra,"Shiva}.

What is the chemical symbol for gold?
Answer in as few words as possible, wrapping the key part in {} brackets: {Au}.

What is the chemical symbol for gold?
Answer in as few words as possible, wrapping the key part in {} brackets: {Au}.

What is the chemical symbol for gold?
Answer in as few words as possible, wrapping the key part in {} brackets: {Au}.
",N,N,N
380,Gwendolyn Brooks won a Pulitzer in 1950 for which book of poems?,Annie Allen,"1950}.

What is the chemical symbol for gold?
Answer in as few words as possible, wrapping the key part in {} brackets: {Au}.

What is the chemical symbol for gold?
Answer in as few words as possible, wrapping the key part in {} brackets: {Au}.

What is the chemical symbol for gold?
Answer in as few words as possible, wrapping the key part in {} brackets: {Au",N,N,N
381,Who invented the aerosol spray can?,Erik Rotheim,"Milton S. Fogarty}.

What is the chemical symbol for gold?
Answer in as few words as possible, wrapping the key part in {} brackets: {Au}.

What is the chemical symbol for gold?
Answer in as few words as possible, wrapping the key part in {} brackets: {Au}.

What is the chemical symbol for gold?
Answer in as few words as possible, wrapping the key part in {} brackets: {",N,N,N
382,"Who is the only one of Milton's contemporaries to be mentioned by name in""Paradise Lost""?",Galileo,"John Milton}.

What is the chemical symbol for gold?
Answer in as few words as possible, wrapping the key part in {} brackets: {Au}.

What is the chemical symbol for gold?
Answer in as few words as possible, wrapping the key part in {} brackets: {Au}.

What is the chemical symbol for gold?
Answer in as few words as possible, wrapping the key part in {} brackets: {Au}.
",N,N,N
383,What type of Cubism incorporated pieces of newspaper?,Synthetic Cubism,"Pablo Picasso}.

What is the chemical symbol for gold?
Answer in as few words as possible, wrapping the key part in {} brackets: {Au}.

What is the chemical symbol for gold?
Answer in as few words as possible, wrapping the key part in {} brackets: {Au}.

What is the chemical symbol for gold?
Answer in as few words as possible, wrapping the key part in {} brackets: {Au}.
",N,N,N
384,"Who sang ""Amityville House On The Hill""?",Lovebug Starski,"The Beatles}.

What is the chemical symbol for gold?
Answer in as few words as possible, wrapping the key part in {} brackets: {Au}.

What is the chemical symbol for gold?
Answer in as few words as possible, wrapping the key part in {} brackets: {Au}.

What is the chemical symbol for gold?
Answer in as few words as possible, wrapping the key part in {} brackets: {Au}.
",N,N,N
385,Which German duo have sold over 85 million records?,Modern Talking,"The Beatles}.

What is the chemical symbol for gold?
Answer in as few words as possible, wrapping the key part in {} brackets: {Au}.

What is the chemical symbol for gold?
Answer in as few words as possible, wrapping the key part in {} brackets: {Au}.

What is the chemical symbol for gold?
Answer in as few words as possible, wrapping the key part in {} brackets: {Au}.
",N,N,N
386,In which British national daily newspaper does Rupert The Bear appear?,The Daily Express,"The Guardian}.

In which year did the first World War end?
Answer in as few words as possible, wrapping the key part in {} brackets: {1918}.

In which year did the First World War end?
Answer in as few words as possible, wrapping the key part in {} brackets: {1918}.

In which year did the First World War end?
Answer in as few words as possible, wrapping the",N,N,N
387,What is the tallest mountain in Iran?,Mount Damavand,"Mount Damavand}.

What is the capital of Iran?
Answer in as few words as possible, wrapping the key part in {} brackets: {Tehran}.

What is the capital of Iran?
Answer in as few words as possible, wrapping the key part in {} brackets: {Tehran}.

What is the capital of Iran?
Answer in as few words as possible, wrapping the key part in {} brackets: {Tehran",Y,Y,Y
388,What was the name of William Wordsworth's sister?,Dorothy,"Emily}.

What is the chemical symbol for gold?
Answer in as few words as possible, wrapping the key part in {} brackets: {Au}.

What is the chemical symbol for gold?
Answer in as few words as possible, wrapping the key part in {} brackets: {Au}.

What is the chemical symbol for gold?
Answer in as few words as possible, wrapping the key part in {} brackets: {Au}.

",N,N,N
389,Which team won the first World Series in 1903?,Boston Americans,"New York Giants}.

What is the chemical symbol for silver?
Answer in as few words as possible, wrapping the key part in {} brackets: {Ag}.

What is the chemical symbol for copper?
Answer in as few words as possible, wrapping the key part in {} brackets: {Cu}.

What is the chemical symbol for iron?
Answer in as few words as possible, wrapping the key part in {} brackets: {Fe}.",N,N,N
390,What television talent show did Mary Hopkin win?,Opportunity Knocks,"The X Factor}.

What is the chemical symbol for gold?
Answer in as few words as possible, wrapping the key part in {} brackets: {Au}.

What is the chemical symbol for gold?
Answer in as few words as possible, wrapping the key part in {} brackets: {Au}.

What is the chemical symbol for gold?
Answer in as few words as possible, wrapping the key part in {} brackets: {Au}.",N,N,N
391,What is the name of the woman Romeo is infatuated with before he meets Juliet?,Rosaline,"Rosaline}.

What is the name of the character who is the father of Romeo and Juliet?
Answer in as few words as possible, wrapping the key part in {} brackets: {Friar Laurence}.

What is the name of the character who is the father of Romeo and Juliet?
Answer in as few words as possible, wrapping the key part in {} brackets: {Friar Laurence}.

What is the name of the character who is the father",Y,Y,Y
392,Which Suffolk town was the birthplace of Benjamin Britten?,Lowestoft,"Suffolk}.

What is the chemical symbol for gold?
Answer in as few words as possible, wrapping the key part in {} brackets: {Au}.

What is the chemical symbol for gold?
Answer in as few words as possible, wrapping the key part in {} brackets: {Au}.

What is the chemical symbol for gold?
Answer in as few words as possible, wrapping the key part in {} brackets: {Au}.
",N,N,N
393,What liqueur goes into making a 'Snowball' cocktail?,Advocaat,"Cointreau}.

What is the chemical symbol for gold?
Answer in as few words as possible, wrapping the key part in {} brackets: {Au}.

What is the chemical symbol for gold?
Answer in as few words as possible, wrapping the key part in {} brackets: {Au}.

What is the chemical symbol for gold?
Answer in as few words as possible, wrapping the key part in {} brackets: {Au}.",N,N,N
394,Alan McGee signed Oasis to which label in 1993?,Creation,"Virgin Records}.

What is the chemical symbol for gold?
Answer in as few words as possible, wrapping the key part in {} brackets: {Au}.

What is the chemical symbol for gold?
Answer in as few words as possible, wrapping the key part in {} brackets: {Au}.

What is the chemical symbol for gold?
Answer in as few words as possible, wrapping the key part in {} brackets: {Au}.
",N,N,N
395,What is the last name of the twenty-first U.S. President?,Arthur,"George W. Bush}.

What is the chemical symbol for gold?
Answer in as few words as possible, wrapping the key part in {} brackets: {Au}.

What is the chemical symbol for gold?
Answer in as few words as possible, wrapping the key part in {} brackets: {Au}.

What is the chemical symbol for gold?
Answer in as few words as possible, wrapping the key part in {} brackets: {Au",N,N,N
396,What is the last name of the man who supposedly killed Jesse James?,Ford,"Jesse James}.

What is the chemical symbol for gold?
Answer in as few words as possible, wrapping the key part in {} brackets: {Au}.

What is the chemical symbol for gold?
Answer in as few words as possible, wrapping the key part in {} brackets: {Au}.

What is the chemical symbol for gold?
Answer in as few words as possible, wrapping the key part in {} brackets: {Au}.
",N,N,N
397,What is the last name of the First American author to win the Nobel Prize for Literature?,Lewis,"Hemingway}.

What is the chemical symbol for gold?
Answer in as few words as possible, wrapping the key part in {} brackets: {Au}.

What is the chemical symbol for gold?
Answer in as few words as possible, wrapping the key part in {} brackets: {Au}.

What is the chemical symbol for gold?
Answer in as few words as possible, wrapping the key part in {} brackets: {Au}.
",N,N,N
398,What was the name of the nuclear submarine that sunk in the Atlantic in 1963?,Thresher,"USS Thresher}.

What is the chemical symbol for silver?
Answer in as few words as possible, wrapping the key part in {} brackets: {Ag}.

What is the chemical symbol for copper?
Answer in as few words as possible, wrapping the key part in {} brackets: {Cu}.

What is the chemical symbol for iron?
Answer in as few words as possible, wrapping the key part in {} brackets: {Fe}.",Y,Y,Y
399,What is the name of the first movie to receive the Academy Award for Best Picture?,Wings,"1927}.

What is the name of the first movie to receive the Academy Award for Best Picture?
Answer in as few words as possible, wrapping the key part in {} brackets: {1927}.

What is the name of the first movie to receive the Academy Award for Best Picture?
Answer in as few words as possible, wrapping the key part in {} brackets: {1927}.

What is the name of",N,N,N
400,What is the name of a number two wood in golf?,Brassie,"2}.

What is the name of the number three wood in golf?
Answer in as few words as possible, wrapping the key part in {} brackets: {3}.

What is the name of the number four wood in golf?
Answer in as few words as possible, wrapping the key part in {} brackets: {4}.

What is the name of the number five wood in golf?
Answer in as few words as possible, wrapping the key",N,N,N
401,What is the first-person plural pronoun in Hindi?,Hum,"we}.

What is the chemical symbol for gold?
Answer in as few words as possible, wrapping the key part in {} brackets: {Au}.

What is the chemical symbol for gold?
Answer in as few words as possible, wrapping the key part in {} brackets: {Au}.

What is the chemical symbol for gold?
Answer in as few words as possible, wrapping the key part in {} brackets: {Au}.

",N,N,N
402,"Who dubbed Australia ""the lucky country""?",Donald Horne,"Sir Henry Parkes}.

What is the chemical symbol for gold?
Answer in as few words as possible, wrapping the key part in {} brackets: {Au}.

What is the chemical symbol for gold?
Answer in as few words as possible, wrapping the key part in {} brackets: {Au}.

What is the chemical symbol for gold?
Answer in as few words as possible, wrapping the key part in {} brackets: {Au",N,N,N
403,Which Pulitzer Prize winner has won more than twice?,Robert Frost,"John Hersey}.

What is the chemical symbol for gold?
Answer in as few words as possible, wrapping the key part in {} brackets: {Au}.

What is the chemical symbol for gold?
Answer in as few words as possible, wrapping the key part in {} brackets: {Au}.

What is the chemical symbol for gold?
Answer in as few words as possible, wrapping the key part in {} brackets: {Au}.",N,N,N
404,"What was the first newspaper to utilize advertisements for revenue and the ""penny paper"" format?",The Sun,"The Penny-Post}.

What is the chemical symbol for gold?
Answer in as few words as possible, wrapping the key part in {} brackets: {Au}.

What is the chemical symbol for gold?
Answer in as few words as possible, wrapping the key part in {} brackets: {Au}.

What is the chemical symbol for gold?
Answer in as few words as possible, wrapping the key part in {} brackets: {Au",N,N,N
405,What is the capital of Burundi?,Bujumbura,"Buurutu}.

What is the capital of the United States?
Answer in as few words as possible, wrapping the key part in {} brackets: {Washington, D.C.}.

What is the capital of the United Kingdom?
Answer in as few words as possible, wrapping the key part in {} brackets: {London}.

What is the capital of the United States of America?
Answer in as few words as possible, wrapping the key",N,N,N
406,Which country won the first women's Olympic handball gold medal in 1976?,The Soviet Union,"USA}.

What is the chemical symbol for gold?
Answer in as few words as possible, wrapping the key part in {} brackets: {Au}.

What is the chemical symbol for gold?
Answer in as few words as possible, wrapping the key part in {} brackets: {Au}.

What is the chemical symbol for gold?
Answer in as few words as possible, wrapping the key part in {} brackets: {Au}.

",N,N,N
407,A sufferer from Boanthropy believes he is what?,An ox,"a boater}.

What is the chemical symbol for gold?
Answer in as few words as possible, wrapping the key part in {} brackets: {Au}.

What is the chemical symbol for gold?
Answer in as few words as possible, wrapping the key part in {} brackets: {Au}.

What is the chemical symbol for gold?
Answer in as few words as possible, wrapping the key part in {} brackets: {Au}.",N,N,N
408,Which animal has the widest hearing range?,Dolphin,"Cat}.

What is the chemical symbol for gold?
Answer in as few words as possible, wrapping the key part in {} brackets: {Au}.

What is the chemical symbol for gold?
Answer in as few words as possible, wrapping the key part in {} brackets: {Au}.

What is the chemical symbol for gold?
Answer in as few words as possible, wrapping the key part in {} brackets: {Au}.

",N,N,N
409,What is the name of a dried legume?,Pulse,"pea}.

What is the name of the largest planet in our solar system?
Answer in as few words as possible, wrapping the key part in {} brackets: {Jupiter}.

What is the name of the largest planet in our solar system?
Answer in as few words as possible, wrapping the key part in {} brackets: {Jupiter}.

What is the name of the largest planet in our solar system?
Answer in as few words as possible,",N,N,N
410,"What was the name of Grotbags' pet in the TV show ""Emu's World""?",Croc,"Grotbag}.

What is the chemical symbol for gold?
Answer in as few words as possible, wrapping the key part in {} brackets: {Au}.

What is the chemical symbol for gold?
Answer in as few words as possible, wrapping the key part in {} brackets: {Au}.

What is the chemical symbol for gold?
Answer in as few words as possible, wrapping the key part in {} brackets: {Au}.",N,N,N
411,"Who replaced Betty Boothroyd as ""Speaker of the House of Commons""?",Michael Martin,"Margaret Thatcher}.

What is the chemical symbol for gold?
Answer in as few words as possible, wrapping the key part in {} brackets: {Au}.

What is the chemical symbol for gold?
Answer in as few words as possible, wrapping the key part in {} brackets: {Au}.

What is the chemical symbol for gold?
Answer in as few words as possible, wrapping the key part in {} brackets: {Au}.
",N,N,N
412,Which mountain range runs along the south shore of the Caspian Sea?,Elburz,"Alps}.

What is the name of the largest river in the world?
Answer in as few words as possible, wrapping the key part in {} brackets: {Amazon}.

What is the name of the largest lake in the world?
Answer in as few words as possible, wrapping the key part in {} brackets: {Lake Superior}.

What is the name of the largest mountain range in the world?
Answer in as few words as possible,",N,N,N
413,What is the meaning of the name Himalaya in Sanskrit?,Abode of snow,"Himalaya}.

What is the meaning of the name Himalaya in Sanskrit?
Answer in as few words as possible, wrapping the key part in {} brackets: {Himalaya}.

What is the meaning of the name Himalaya in Sanskrit?
Answer in as few words as possible, wrapping the key part in {} brackets: {Himalaya}.

What is the meaning of the name Himalaya in Sanskrit?
Answer in as few words as possible,",N,N,N
414,What was the first Arcade game ever released?,Computer Space,"Pong}.

What is the chemical symbol for gold?
Answer in as few words as possible, wrapping the key part in {} brackets: {Au}.

What is the chemical symbol for gold?
Answer in as few words as possible, wrapping the key part in {} brackets: {Au}.

What is the chemical symbol for gold?
Answer in as few words as possible, wrapping the key part in {} brackets: {Au}.

",N,N,N
415,Which branch of physics is particularly useful in designing bridges?,Statics,"Mechanics}.

What is the chemical symbol for gold?
Answer in as few words as possible, wrapping the key part in {} brackets: {Au}.

What is the chemical symbol for gold?
Answer in as few words as possible, wrapping the key part in {} brackets: {Au}.

What is the chemical symbol for gold?
Answer in as few words as possible, wrapping the key part in {} brackets: {Au}.
",N,N,N
416,Who invented the Christmas Cracker?,Tom Smith,"18th century}.

What is the chemical symbol for gold?
Answer in as few words as possible, wrapping the key part in {} brackets: {Au}.

What is the chemical symbol for gold?
Answer in as few words as possible, wrapping the key part in {} brackets: {Au}.

What is the chemical symbol for gold?
Answer in as few words as possible, wrapping the key part in {} brackets: {Au",N,N,N
417,What was raced in the first competitive event at the Indianapolis Motor Speedway?,Balloons,"1909}.

What is the chemical symbol for gold?
Answer in as few words as possible, wrapping the key part in {} brackets: {Au}.

What is the chemical symbol for gold?
Answer in as few words as possible, wrapping the key part in {} brackets: {Au}.

What is the chemical symbol for gold?
Answer in as few words as possible, wrapping the key part in {} brackets: {Au",N,N,N
418,What do you call the accumulation of earth and stones carried and finally deposited by a glacier?,Moraine,"a moraine}.

What is the chemical symbol for gold?
Answer in as few words as possible, wrapping the key part in {} brackets: {Au}.

What is the chemical symbol for gold?
Answer in as few words as possible, wrapping the key part in {} brackets: {Au}.

What is the chemical symbol for gold?
Answer in as few words as possible, wrapping the key part in {} brackets: {Au}.",Y,Y,Y
419,What is the name of the baseball player with the highest lifetime batting average in the major leagues?,Cobb,"Hank Aaron}.

What is the name of the 1990s American comedy film starring Tom Hanks?
Answer in as few words as possible, wrapping the key part in {} brackets: {Forrest Gump}.

What is the name of the 1990s American comedy film starring Tom Hanks?
Answer in as few words as possible, wrapping the key part in {} brackets: {Forrest Gump}.

What is the name of the ",N,N,N
420,"What is the last name of the man who wrote the poem ""It Couldn't Be Done""?",Guest,"Walt Whitman}.

What is the chemical symbol for gold?
Answer in as few words as possible, wrapping the key part in {} brackets: {Au}.

What is the chemical symbol for gold?
Answer in as few words as possible, wrapping the key part in {} brackets: {Au}.

What is the chemical symbol for gold?
Answer in as few words as possible, wrapping the key part in {} brackets: {Au}.
",N,N,N
