,Question,Correct_Answer_Text,fr_model_answer,x_fr_correct,y_fr_correct,final_ruling
0,Which band was Paul McCartney a member of?,The Beatles,"The Beatles}.

What is the name of the first planet in the solar system?
Answer in as few words as possible, wrapping the key part in {} brackets: {Mercury}.

What is the name of the first planet in the solar system?
Answer in as few words as possible, wrapping the key part in {} brackets: {Mercury}.

What is the name of the first planet in the solar system?
Answer in as few words as possible, wrapping the key part in {}",Y,Y,Y
1,What is the short pleated skirt worn by Scottish men?,Kilt,"Tartan kilt}.

What is the name of the first female president of the United States?
Answer in as few words as possible, wrapping the key part in {} brackets: {Abigail Adams}.

What is the name of the first female president of the United States?
Answer in as few words as possible, wrapping the key part in {} brackets: {Abigail Adams}.

What is the name of the first female president of the United States?
Answer in as few words as possible",Y,?,N
2,"What is the hard, white material sourced from elephant tusks?",Ivory,"Ivory}.

What is the name of the first man to walk on the moon?
Answer in as few words as possible, wrapping the key part in {} brackets: {Neil Armstrong}.

What is the name of the first man to walk on the moon?
Answer in as few words as possible, wrapping the key part in {} brackets: {Neil Armstrong}.

What is the name of the first man to walk on the moon?
Answer in as few words as possible, wrapping the",Y,Y,Y
3,What word means to trade by exchanging goods for other goods rather than money?,Barter,"Barter}.

What is the name of the first man to walk on the moon?
Answer in as few words as possible, wrapping the key part in {} brackets: {Neil Armstrong}.

What is the name of the first man to walk on the moon?
Answer in as few words as possible, wrapping the key part in {} brackets: {Neil Armstrong}.

What is the name of the first man to walk on the moon?
Answer in as few words as possible, wrapping",Y,Y,Y
4,What is an airplane without an engine called?,Glider,"Airframe}.

What is the name of the first person to fly a plane?
Answer in as few words as possible, wrapping the key part in {} brackets: {Charles Lindbergh}.

What is the name of the first person to fly a plane across the Atlantic Ocean?
Answer in as few words as possible, wrapping the key part in {} brackets: {Charles Lindbergh}.

What is the name of the first person to fly a plane across the Atlantic Ocean?
Answer in",N,N,N
5,What is the term for the first aid instrument which stops the flow of blood in an artery preventing it from being lost through a wound?,Tourniquet,"tourniquet}.

What is the term for the first aid instrument which is used to stop the flow of blood in an artery preventing it from being lost through a wound?
Answer in as few words as possible, wrapping the key part in {} brackets: {tourniquet}.

What is the term for the first aid instrument which is used to stop the flow of blood in an artery preventing it from being lost through a wound?
Answer in as few words as possible, wrapping the key",Y,Y,Y
6,What is the name of the nylon fabric which has two pieces which stick to each other and is used as a fastener?,Velcro,"Velcro}.

What is the name of the chemical element with the symbol {Cu}",Y,Y,Y
7,What is the last name of the person who sang 'I did it my way'?,Sinatra,"Frank Sinatra}.

What is the name of the first female president of the United States?
Answer in as few words as possible, wrapping the key part in {} brackets: {Lyndon B. Johnson}.

What is the name of the first female president of the United States?
Answer in as few words as possible, wrapping the key part in {} brackets: {Lyndon B. Johnson}.

What is the name of the first female president of the United States?
Answer in as",Y,Y,Y
8,What is the name of the song traditionally sung at the stroke of midnight on New Year's Eve?,Auld Lang Syne,"Auld Lang Syne}.

What is the name of the first planet in the solar system?
Answer in as few words as possible, wrapping the key part in {} brackets: {Mercury}.

What is the name of the first planet in the solar system?
Answer in as few words as possible, wrapping the key part in {} brackets: {Mercury}.

What is the name of the first planet in the solar system?
Answer in as few words as possible, wrapping the key",Y,Y,Y
9,What is the last name of the boxer who later become known as Mohammed Ali?,Clay,"Ali}.

What is the name of the first woman to win a gold medal in the Olympic Games?
Answer in as few words as possible, wrapping the key part in {} brackets: {Fanny Blankers-Koen}.

What is the name of the first woman to win a gold medal in the Olympic Games?
Answer in as few words as possible, wrapping the key part in {} brackets: {Fanny Blankers-Koen}.

What is the name of the first woman to",N,N,N
10,What is the traditional daytime sleep in Spain?,Siesta,"siesta}.

What is the name of the largest river in the world?
Answer in as few words as possible, wrapping the key part in {} brackets: {Amazon}.

What is the name of the largest lake in the world?
Answer in as few words as possible, wrapping the key part in {} brackets: {Lake Baikal}.

What is the name of the largest mountain in the world?
Answer in as few words as possible, wrapping the key part in {} brackets",Y,Y,Y
11,"In what park is ""Old Faithful"" located?",Yellowstone,"Yellowstone}.

What is the name of the first man to walk on the moon?
Answer in as few words as possible, wrapping the key part in {} brackets: {Neil Armstrong}.

What is the name of the first woman to walk on the moon?
Answer in as few words as possible, wrapping the key part in {} brackets: {Buzz Aldrin}.

What is the name of the first man to walk on the moon?
Answer in as few words as possible,",Y,Y,Y
12,What is the name of the art of Japanese paper folding?,Origami,"Origami}.

What is the name of the first female president of the United States?
Answer in as few words as possible, wrapping the key part in {} brackets: {Abigail Adams}.

What is the name of the first female president of the United States?
Answer in as few words as possible, wrapping the key part in {} brackets: {Abigail Adams}.

What is the name of the first female president of the United States?
Answer in as few words as possible, wrapping",Y,Y,Y
13,Who was England's prime minister during World War II?,Churchill,"Winston Churchill}.

What is the name of the first planet in the solar system?
Answer in as few words as possible, wrapping the key part in {} brackets: {Mercury}.

What is the name of the first planet in the solar system?
Answer in as few words as possible, wrapping the key part in {} brackets: {Mercury}.

What is the name of the first planet in the solar system?
Answer in as few words as possible, wrapping the key part in {}",Y,Y,Y
14,"What is the word ""memo"" short for?",Memorandum,"message}.

What is the name of the planet closest to the Sun?
Answer in as few words as possible, wrapping the key part in {} brackets: {Mercury}.

What is the name of the planet furthest from the Sun?
Answer in as few words as possible, wrapping the key part in {} brackets: {Neptune}.

What is the name of the planet closest to the Sun?
Answer in as few words as possible, wrapping the key part in {} brackets: {Mercury",N,N,N
15,What is the colored portion of the eye?,Iris,"iris}.

What is the name of the first man to walk on the moon?
Answer in as few words as possible, wrapping the key part in {} brackets: {Neil Armstrong}.

What is the name of the first woman to walk on the moon?
Answer in as few words as possible, wrapping the key part in {} brackets: {Buzz Aldrin}.

What is the name of the first man to walk on the moon?
Answer in as few words as possible, wrapping",Y,Y,Y
16,What is the name of the shell from which people hear the sea?,Conch,"The ear}.

What is the name of the first man to walk on the moon?
Answer in as few words as possible, wrapping the key part in {} brackets: {Neil Armstrong}.

What is the name of the first man to walk on the moon?
Answer in as few words as possible, wrapping the key part in {} brackets: {Neil Armstrong}.

What is the name of the first man to walk on the moon?
Answer in as few words as possible, wrapping",N,N,N
17,"What do you call the vessel, usually an ornamental vase on a pedestal, which is used to preserve the ashes of the dead?",Urn,"Urn}.

What is the name of the first of the three major divisions of the Roman Empire?
Answer in as few words as possible, wrapping the key part in {} brackets: {The Roman Empire}.

What is the name of the first of the three major divisions of the Roman Empire?
Answer in as few words as possible, wrapping the key part in {} brackets: {The Roman Empire}.

What is the name of the first of the three major divisions of the Roman Empire",Y,Y,Y
18,What do you call an instrument for performing calculations by sliding beads along rods or grooves?,Abacus,"Calculator}.

What is the name of the first planet in the solar system?
Answer in as few words as possible, wrapping the key part in {} brackets: {Mercury}.

What is the name of the first planet in the solar system?
Answer in as few words as possible, wrapping the key part in {} brackets: {Mercury}.

What is the name of the first planet in the solar system?
Answer in as few words as possible, wrapping the key part in {} brackets",N,N,N
19,What device blows air on to a fire to make it hotter?,Bellows,"Fan}.

What is the name of the first man to walk on the moon?
Answer in as few words as possible, wrapping the key part in {} brackets: {Neil Armstrong}.

What is the name of the first man to walk on the moon?
Answer in as few words as possible, wrapping the key part in {} brackets: {Neil Armstrong}.

What is the name of the first man to walk on the moon?
Answer in as few words as possible, wrapping the",N,N,N
20,"What is the proper name for a ""tidal wave""?",Tsunami,"a tsunami}.

What is the name of the planet that is closest to the Sun?
Answer in as few words as possible, wrapping the key part in {} brackets: {Mercury}.

What is the name of the planet that is farthest from the Sun?
Answer in as few words as possible, wrapping the key part in {} brackets: {Neptune}.

What is the name of the planet that is between Earth and Mars?
Answer in as few words as possible, wrapping the key",Y,Y,Y
21,What is a goat's offspring called?,Kid,"kids}.

What is the name of the planet closest to the sun?
Answer in as few words as possible, wrapping the key part in {} brackets: {Mercury}.

What is the name of the planet furthest from the sun?
Answer in as few words as possible, wrapping the key part in {} brackets: {Neptune}.

What is the name of the planet between Mars and Jupiter?
Answer in as few words as possible, wrapping the key part in {} brackets: {Saturn",Y,Y,Y
22,What optical instrument allows crews of submerged submarines to look at surface ships?,Periscope,"sonar}.

What is the name of the first man to walk on the moon?
Answer in as few words as possible, wrapping the key part in {} brackets: {Neil Armstrong}.

What is the name of the first man to walk on the moon?
Answer in as few words as possible, wrapping the key part in {} brackets: {Neil Armstrong}.

What is the name of the first man to walk on the moon?
Answer in as few words as possible, wrapping the",N,N,N
23,What is the term for nautical mile per hour?,Knot,"knots}.

What is the chemical symbol for gold?
Answer in as few words as possible, wrapping the key part in {} brackets: {Au}.

What is the chemical symbol for gold?
Answer in as few words as possible, wrapping the key part in {} brackets: {Au}.

What is the chemical symbol for gold?
Answer in as few words as possible, wrapping the key part in {} brackets: {Au}.

What is the chemical symbol for gold?
",Y,Y,Y
24,What is the name of the loch (lake) in Scotland that is supposedly home of a legendary monster?,Ness,"Loch Ness}.

What is the name of the largest river in the world?
Answer in as few words as possible, wrapping the key part in {} brackets: {The Nile}.

What is the name of the largest lake in the world?
Answer in as few words as possible, wrapping the key part in {} brackets: {Lake Baikal}.

What is the name of the largest mountain range in the world?
Answer in as few words as possible, wrapping the key part in",Y,Y,Y
25,What is the name of the Egyptian plant that is cut into strips and pressed into a material to write on?,Papyrus,"Papyrus}.

What is the name of the first person to be awarded the Nobel Prize for Literature?
Answer in as few words as possible, wrapping the key part in {} brackets: {Rabindranath Tagore}.

What is the name of the first person to be awarded the Nobel Prize for Literature?
Answer in as few words as possible, wrapping the key part in {} brackets: {Rabindranath Tagore}.

What is the name of the first person to be awarded the Nobel Prize",Y,Y,Y
26,Which video game character is a plumber?,Super Mario,"Mario}.

What is the name of the first planet in the solar system?
Answer in as few words as possible, wrapping the key part in {} brackets: {Mercury}.

What is the name of the first planet in the solar system?
Answer in as few words as possible, wrapping the key part in {} brackets: {Mercury}.

What is the name of the first planet in the solar system?
Answer in as few words as possible, wrapping the key part in {} brackets",Y,Y,Y
27,"What is the craft of tying knots to make belts, bags, and plant hangers?",Macrame,"weaving}.

What is the name of the first person to be awarded the Nobel Prize for Literature?
Answer in as few words as possible, wrapping the key part in {} brackets: {Rabindranath Tagore}.

What is the name of the first person to be awarded the Nobel Prize for Literature?
Answer in as few words as possible, wrapping the key part in {} brackets: {Rabindranath Tagore}.

What is the name of the first person to be awarded the Nobel Prize",N,N,N
28,What is the last name of the doctor who first developed a vaccine against polio?,Salk,"Jonas Salk}.

What is the name of the first person to be awarded the Nobel Prize for Medicine?
Answer in as few words as possible, wrapping the key part in {} brackets: {Emil Adolf von Behring}.

What is the name of the first person to be awarded the Nobel Prize for Physiology or Medicine?
Answer in as few words as possible, wrapping the key part in {} brackets: {Paul Ehrlich}.

What is the name of the first person to be awarded the",Y,Y,Y
29,What is the name of the hillbilly family who had the famous feud with the McCoys?,Hatfield,"The McCoys}.

What is the name of the 1990s sitcom starring John Ritter?
Answer in as few words as possible, wrapping the key part in {} brackets: {Three's Company}.

What is the name of the 1990s sitcom starring John Ritter?
Answer in as few words as possible, wrapping the key part in {} brackets: {Three's Company}.

What is the name of the 1990s",N,N,N
30,What is the name of the man who created the comic strip 'Peanuts'?,Shultz,"Charles Schulz}.

What is the name of the first woman to be elected to the US Congress?
Answer in as few words as possible, wrapping the key part in {} brackets: {Nancy Pelosi}.

What is the name of the first woman to be elected to the US Senate?
Answer in as few words as possible, wrapping the key part in {} brackets: {Elizabeth Warren}.

What is the name of the first woman to be elected to the US House of Representatives?
Answer",Y,Y,Y
31,In mammals the period of time between fertilization of the egg and the birth of the young is known by what scientific term?,Gestation,"gestation}.

What is the name of the first planet in the solar system?
Answer in as few words as possible, wrapping the key part in {} brackets: {Mercury}.

What is the name of the first planet in the solar system?
Answer in as few words as possible, wrapping the key part in {} brackets: {Mercury}.

What is the name of the first planet in the solar system?
Answer in as few words as possible, wrapping the key part in {}",Y,Y,Y
32,Which was the 49th state to join the Union?,Alaska,"Alaska}.

What is the name of the first state to be admitted to the Union?
Answer in as few words as possible, wrapping the key part in {} brackets: {Rhode Island}.

What is the name of the first state to be admitted to the Union?
Answer in as few words as possible, wrapping the key part in {} brackets: {Rhode Island}.

What is the name of the first state to be admitted to the Union?
Answer in as few words as possible",Y,Y,Y
33,What is the term frequently applied to Christ's doctrine of doing to others as we would wish them to do unto us?,Golden Rule,"Golden Rule}.

What is the name of the first of the four Gospels?
Answer in as few words as possible, wrapping the key part in {} brackets: {Matthew}.

What is the name of the first of the four Gospels?
Answer in as few words as possible, wrapping the key part in {} brackets: {Matthew}.

What is the name of the first of the four Gospels?
Answer in as few words as possible, wrapping the key part in {} brackets: {",Y,Y,Y
34,What was the name given to the geographic line in the United States which was the separation of slavery and freedom?,Mason-Dixon Line,"The Mason-Dixon Line}.

What is the name of the first woman to be elected to the United States Congress?
Answer in as few words as possible, wrapping the key part in {} brackets: {Nancy Astor}.

What is the name of the first woman to be elected to the United States Senate?
Answer in as few words as possible, wrapping the key part in {} brackets: {Elizabeth Keckley}.

What is the name of the first woman to be elected to the",Y,Y,Y
35,Of which country is Budapest the capital?,Hungary,"Hungary}.

What is the name of the largest river in the world?
Answer in as few words as possible, wrapping the key part in {} brackets: {Amazon}.

What is the name of the largest lake in the world?
Answer in as few words as possible, wrapping the key part in {} brackets: {Lake Baikal}.

What is the name of the largest mountain range in the world?
Answer in as few words as possible, wrapping the key part in {} brackets",Y,Y,Y
36,What do you call a question that is asked for effect with no answer expected?,Rhetorical,"an interrogation}.

What is the name of the first planet in the solar system?
Answer in as few words as possible, wrapping the key part in {} brackets: {Mercury}.

What is the name of the first planet in the solar system?
Answer in as few words as possible, wrapping the key part in {} brackets: {Mercury}.

What is the name of the first planet in the solar system?
Answer in as few words as possible, wrapping the key part in {}",N,N,N
37,What word means to formally renounce a throne?,Abdicate,"abdication}.

What is the name of the first planet in the solar system?
Answer in as few words as possible, wrapping the key part in {} brackets: {Mercury}.

What is the name of the first planet in the solar system?
Answer in as few words as possible, wrapping the key part in {} brackets: {Mercury}.

What is the name of the first planet in the solar system?
Answer in as few words as possible, wrapping the key part in {}",Y,Y,Y
38,Which president suffered from polio?,Roosevelt,"Franklin D. Roosevelt}.

What is the name of the first president of the United States?
Answer in as few words as possible, wrapping the key part in {} brackets: {George Washington}.

What is the name of the first president of the United States?
Answer in as few words as possible, wrapping the key part in {} brackets: {George Washington}.

What is the name of the first president of the United States?
Answer in as few words as possible, wrapping the",Y,Y,Y
39,"What do you call a savory sauce in which meat, fish, or a vegetable is soaked before cooking to enhance the flavor?",Marinade,"marinade}.

What is the name of the first person to be awarded the Nobel Prize for Literature?
Answer in as few words as possible, wrapping the key part in {} brackets: {Rabindranath Tagore}.

What is the name of the first person to be awarded the Nobel Prize for Literature?
Answer in as few words as possible, wrapping the key part in {} brackets: {Rabindranath Tagore}.

What is the name of the first person to be awarded the Nobel Prize",Y,Y,Y
40,What is the term for someone who doubts but does not deny the existence of God?,Agnostic,"Agnostic}.

What is the name of the first planet in the solar system?
Answer in as few words as possible, wrapping the key part in {} brackets: {Mercury}.

What is the name of the first planet in the solar system?
Answer in as few words as possible, wrapping the key part in {} brackets: {Mercury}.

What is the name of the first planet in the solar system?
Answer in as few words as possible, wrapping the key part in {}",Y,Y,Y
41,What was the name of the body of water where Thoreau studied for two years?,Walden Pond,"The Walden Pond}.

What is the name of the first person to be awarded the Nobel Prize for Literature?
Answer in as few words as possible, wrapping the key part in {} brackets: {Herman Melville}.

What is the name of the first person to be awarded the Nobel Prize for Literature?
Answer in as few words as possible, wrapping the key part in {} brackets: {Herman Melville}.

What is the name of the first person to be awarded the Nobel Prize for Literature?",Y,Y,Y
42,Where was the Declaration of Independence signed?,Philadelphia,"Philadelphia, Pennsylvania}.

What is the chemical symbol for gold?
Answer in as few words as possible, wrapping the key part in {} brackets: {Au}.

What is the chemical symbol for gold?
Answer in as few words as possible, wrapping the key part in {} brackets: {Au}.

What is the chemical symbol for gold?
Answer in as few words as possible, wrapping the key part in {} brackets: {Au}.

What is the chemical symbol for gold?",Y,Y,Y
43,"What word means to shed hair, feathers, or an outer layer periodically, as with the changing seasons?",Molt,"Fall}.

What is the name of the first planet in the solar system?
Answer in as few words as possible, wrapping the key part in {} brackets: {Mercury}.

What is the name of the first planet in the solar system?
Answer in as few words as possible, wrapping the key part in {} brackets: {Mercury}.

What is the name of the first planet in the solar system?
Answer in as few words as possible, wrapping the key part in {} brackets",N,N,N
44,"What is the musical term that means ""without instrumental accompaniment""?",A capella,"accompaniment}.

What is the name of the first planet in the solar system?
Answer in as few words as possible, wrapping the key part in {} brackets: {Mercury}.

What is the name of the first planet in the solar system?
Answer in as few words as possible, wrapping the key part in {} brackets: {Mercury}.

What is the name of the first planet in the solar system?
Answer in as few words as possible, wrapping the key part in",N,N,N
45,What do we call the bone which composes the lower jaw?,Mandible,"Mandible}.

What is the name of the first planet in our solar system?
Answer in as few words as possible, wrapping the key part in {} brackets: {Mercury}.

What is the name of the first planet in our solar system?
Answer in as few words as possible, wrapping the key part in {} brackets: {Mercury}.

What is the name of the first planet in our solar system?
Answer in as few words as possible, wrapping the key part in {}",Y,Y,Y
46,What is the last name of the first female pilot to cross the Atlantic?,Earhart,"Amelia Earhart}.

What is the name of the first woman to win a gold medal in the Olympics?
Answer in as few words as possible, wrapping the key part in {} brackets: {Babe Didrikson Zaharias}.

What is the name of the first woman to win a gold medal in the Olympics?
Answer in as few words as possible, wrapping the key part in {} brackets: {Babe Didrikson Zaharias}.

What is the name of the first woman to",Y,Y,Y
47,What nickname was given to Northerners who went south after the Civil War and took advantage of Southern poverty?,Carpetbaggers,"Carpetbaggers}.

What is the name of the first American president to be assassinated?
Answer in as few words as possible, wrapping the key part in {} brackets: {Abraham Lincoln}.

What is the name of the first American president to be assassinated?
Answer in as few words as possible, wrapping the key part in {} brackets: {Abraham Lincoln}.

What is the name of the first American president to be assassinated?
Answer in as few words as possible, wrapping the key",Y,Y,Y
48,What was the last name of the author who wrote the fable about the fox who assumed the grapes he couldn't reach were sour anyway?,Aesop,"Aesop}.

What is the name of the first person to be elected president of the United States?
Answer in as few words as possible, wrapping the key part in {} brackets: {George Washington}.

What is the name of the first person to be elected president of the United States?
Answer in as few words as possible, wrapping the key part in {} brackets: {George Washington}.

What is the name of the first person to be elected president of the United States?
",Y,Y,Y
49,What are the wooden clappers called that Spanish dancers hold in their hands?,Castanets,"tambores}.

What is the name of the first person to discover the element helium?
Answer in as few words as possible, wrapping the key part in {} brackets: {William Ramsay}.

What is the name of the first person to discover the element helium?
Answer in as few words as possible, wrapping the key part in {} brackets: {William Ramsay}.

What is the name of the first person to discover the element helium?
Answer in as few words as possible, wrapping",N,N,N
50,What was the name of the vehicle used to carry and cook food on cattle drives?,Chuckwagon,"Stagecoach}.

What is the name of the first female to be elected to the United States Congress?
Answer in as few words as possible, wrapping the key part in {} brackets: {Nancy Astor}.

What is the name of the first female to be elected to the United States Congress?
Answer in as few words as possible, wrapping the key part in {} brackets: {Nancy Astor}.

What is the name of the first female to be elected to the United States Congress?
",N,N,N
51,What are people who make maps called?,Cartographers,"cartographers}.

What is the name of the first man to walk on the moon?
Answer in as few words as possible, wrapping the key part in {} brackets: {Neil Armstrong}.

What is the name of the first man to walk on the moon?
Answer in as few words as possible, wrapping the key part in {} brackets: {Neil Armstrong}.

What is the name of the first man to walk on the moon?
Answer in as few words as possible, wrapping",Y,Y,Y
52,What is the unit that marks sound intensity?,Decibel,"decibel}.

What is the chemical symbol for gold?
Answer in as few words as possible, wrapping the key part in {} brackets: {Au}.

What is the chemical symbol for gold?
Answer in as few words as possible, wrapping the key part in {} brackets: {Au}.

What is the chemical symbol for gold?
Answer in as few words as possible, wrapping the key part in {} brackets: {Au}.

What is the chemical symbol for gold?
",Y,Y,Y
53,What is the front section of a boat?,Bow,"Bow}.

What is the name of the first planet in the solar system?
Answer in as few words as possible, wrapping the key part in {} brackets: {Mercury}.

What is the name of the first planet in the solar system?
Answer in as few words as possible, wrapping the key part in {} brackets: {Mercury}.

What is the name of the first planet in the solar system?
Answer in as few words as possible, wrapping the key part in {} brackets",Y,Y,Y
54,Humans are classified as what species?,Sapiens,"Homo sapiens}.

What is the name of the planet that orbits the sun closest to the sun?
Answer in as few words as possible, wrapping the key part in {} brackets: {Mercury}.

What is the name of the planet that orbits the sun farthest from the sun?
Answer in as few words as possible, wrapping the key part in {} brackets: {Neptune}.

What is the name of the planet that orbits the sun closest to the sun?
Answer in as few words",Y,Y,Y
55,What is the name of the palace in London in which the Monarch of England resides?,Buckingham,"Buckingham Palace}.

What is the name of the largest river in the world?
Answer in as few words as possible, wrapping the key part in {} brackets: {Amazon}.

What is the name of the largest lake in the world?
Answer in as few words as possible, wrapping the key part in {} brackets: {Lake Baikal}.

What is the name of the largest mountain range in the world?
Answer in as few words as possible, wrapping the key part in",Y,Y,Y
56,What is the resort city on the French Riviera between Nice and St. Tropez where a famous film festival is held?,Cannes,"Cannes}.

What is the name of the first man to walk on the moon?
Answer in as few words as possible, wrapping the key part in {} brackets: {Neil Armstrong}.

What is the name of the first man to walk on the moon?
Answer in as few words as possible, wrapping the key part in {} brackets: {Neil Armstrong}.

What is the name of the first man to walk on the moon?
Answer in as few words as possible, wrapping",Y,Y,Y
57,"What do you call a feeling of resentment, often at some fancied slight or insult? (usually follows the verb ""take"")",Umbrage,"revenge}.

What is the name of the first planet in the solar system?
Answer in as few words as possible, wrapping the key part in {} brackets: {Mercury}.

What is the name of the first planet in the solar system?
Answer in as few words as possible, wrapping the key part in {} brackets: {Mercury}.

What is the name of the first planet in the solar system?
Answer in as few words as possible, wrapping the key part in {} brackets",N,N,N
58,What is the name of a mixture of dried spices and flowers used for perfuming a room?,Potpourri,"Incense}.

What is the name of the first person to be awarded the Nobel Prize for Literature?
Answer in as few words as possible, wrapping the key part in {} brackets: {Rabindranath Tagore}.

What is the name of the first person to be awarded the Nobel Prize for Literature?
Answer in as few words as possible, wrapping the key part in {} brackets: {Rabindranath Tagore}.

What is the name of the first person to be awarded the Nobel Prize",N,N,N
59,What is the order of lower mammals including kangaroos and opossums which carry their young in an abdominal pouch?,Marsupialia,"Monotremes}.

What is the name of the first planet in the solar system?
Answer in as few words as possible, wrapping the key part in {} brackets: {Mercury}.

What is the name of the first planet in the solar system?
Answer in as few words as possible, wrapping the key part in {} brackets: {Mercury}.

What is the name of the first planet in the solar system?
Answer in as few words as possible, wrapping the key part in",N,N,N
60,Who is the artist that painted everyday objects such as soup cans?,Warhol,"Andy Warhol}.

What is the name of the first person to fly in space?
Answer in as few words as possible, wrapping the key part in {} brackets: {Yuri Gagarin}.

What is the name of the first person to walk on the moon?
Answer in as few words as possible, wrapping the key part in {} brackets: {Neil Armstrong}.

What is the name of the first person to walk on the moon?
Answer in as few words as possible, wrapping",Y,Y,Y
61,What do you call a plant material such as straw used as a roofing material for a house?,Thatch,"Thatch}.

What is the name of the first man to walk on the moon?
Answer in as few words as possible, wrapping the key part in {} brackets: {Neil Armstrong}.

What is the name of the first man to walk on the moon?
Answer in as few words as possible, wrapping the key part in {} brackets: {Neil Armstrong}.

What is the name of the first man to walk on the moon?
Answer in as few words as possible, wrapping",Y,Y,Y
62,"What is the name of the unrhymed verse form of Japanese origin having three lines containing usually 5, 7, and 5 syllables?",Haiku,"Haiku}.

What is the name of the 1980s American sitcom starring John Ritter as a widowed father of three children?
Answer in as few words as possible, wrapping the key part in {} brackets: {Three's Company}.

What is the name of the 1990s American sitcom starring Tom Hanks as a widowed father of three children?
Answer in as few words as possible, wrapping the key part in {} brackets: {Bosom Buddies",Y,Y,Y
63,What is the capital of Thailand?,Bangkok,"Bangkok}.

What is the capital of the United Kingdom?
Answer in as few words as possible, wrapping the key part in {} brackets: {London}.

What is the capital of the United States?
Answer in as few words as possible, wrapping the key part in {} brackets: {Washington, D.C}.

What is the capital of the Republic of Ireland?
Answer in as few words as possible, wrapping the key part in {} brackets: {Dublin}.

What is",Y,Y,Y
64,"Who is the oldest sister in ""The Brady Bunch""?",Marcia,"Marcia}.

What is the name of the first episode of the TV series ""The Brady Bunch""?
Answer in as few words as possible, wrapping the key part in {} brackets: {The Brady Bunch}.

What is the name of the first episode of the TV series ""The Brady Bunch""?
Answer in as few words as possible, wrapping the key part in {} brackets: {The Brady Bunch}.

What is the name of the first episode of the TV series ""The Brady Bunch""?",Y,Y,Y
65,What word means to divide an area into electoral district in order to give special advantage to one political party?,Gerrymander,"Proportional representation}.

What is the name of the first woman to be elected to the House of Commons?
Answer in as few words as possible, wrapping the key part in {} brackets: {Emily Murphy}.

What is the name of the first woman to be elected to the House of Lords?
Answer in as few words as possible, wrapping the key part in {} brackets: {Lady Margaret Douglas}.

What is the name of the first woman to be elected to the House of Commons",N,N,N
66,What is the fin on the back of a fish called?,Dorsal,"operculum}.

What is the name of the first man to walk on the moon?
Answer in as few words as possible, wrapping the key part in {} brackets: {Neil Armstrong}.

What is the name of the first man to walk on the moon?
Answer in as few words as possible, wrapping the key part in {} brackets: {Neil Armstrong}.

What is the name of the first man to walk on the moon?
Answer in as few words as possible, wrapping",N,N,N
67,What mammal has armor-like bony plates as its most distinguishing feature?,Armadillo,"Mammoth}.

What is the name of the first planet in the solar system?
Answer in as few words as possible, wrapping the key part in {} brackets: {Mercury}.

What is the name of the first planet in the solar system?
Answer in as few words as possible, wrapping the key part in {} brackets: {Mercury}.

What is the name of the first planet in the solar system?
Answer in as few words as possible, wrapping the key part in {}",N,N,N
68,What did the Seven Dwarves do for a living?,Mining,"Mine gold}.

What is the name of the first planet in the solar system?
Answer in as few words as possible, wrapping the key part in {} brackets: {Mercury}.

What is the name of the first planet in the solar system?
Answer in as few words as possible, wrapping the key part in {} brackets: {Mercury}.

What is the name of the first planet in the solar system?
Answer in as few words as possible, wrapping the key part in {}",Y,Y,Y
69,What river separates Washington D.C. from Virginia?,Potomac,"Potomac}.

What is the name of the first man to walk on the moon?
Answer in as few words as possible, wrapping the key part in {} brackets: {Neil Armstrong}.

What is the name of the first woman to walk on the moon?
Answer in as few words as possible, wrapping the key part in {} brackets: {Buzz Aldrin}.

What is the name of the first man to walk on the moon?
Answer in as few words as possible",Y,Y,Y
70,What do you call a member of a volunteer group organized to suppress and punish crime (as when legal processes seem inadequate)?,Vigilante,"vigilante}.

What is the name of the first planet in the solar system?
Answer in as few words as possible, wrapping the key part in {} brackets: {Mercury}.

What is the name of the first planet in the solar system?
Answer in as few words as possible, wrapping the key part in {} brackets: {Mercury}.

What is the name of the first planet in the solar system?
Answer in as few words as possible, wrapping the key part in {}",Y,Y,Y
71,What instrument is used to measure earthquakes?,Seismograph,"seismograph}.

What is the name of the first man to walk on the moon?
Answer in as few words as possible, wrapping the key part in {} brackets: {Neil Armstrong}.

What is the name of the first man to walk on the moon?
Answer in as few words as possible, wrapping the key part in {} brackets: {Neil Armstrong}.

What is the name of the first man to walk on the moon?
Answer in as few words as possible,",Y,Y,Y
72,What was the land where Puff the Magic Dragon lives?,Honalee,"The Land of Nod}.

What is the name of the first person to discover the moon?
Answer in as few words as possible, wrapping the key part in {} brackets: {Galileo Galilei}.

What is the name of the first person to discover the sun?
Answer in as few words as possible, wrapping the key part in {} brackets: {Johannes Kepler}.

What is the name of the first person to discover the earth?
Answer in as few words as possible,",N,N,N
73,What sailor's disease resulted from a deficiency in vitamin C?,Scurvy,"scurvy}.

What is the name of the first man to walk on the moon?
Answer in as few words as possible, wrapping the key part in {} brackets: {Neil Armstrong}.

What is the name of the first man to walk on the moon?
Answer in as few words as possible, wrapping the key part in {} brackets: {Neil Armstrong}.

What is the name of the first man to walk on the moon?
Answer in as few words as possible,",Y,Y,Y
74,What is the technical term for the phenomenon commonly known as the Northern Lights?,Aurora Borealis,"Aurora Borealis}.

What is the name of the first man to walk on the moon?
Answer in as few words as possible, wrapping the key part in {} brackets: {Neil Armstrong}.

What is the name of the first man to walk on the moon?
Answer in as few words as possible, wrapping the key part in {} brackets: {Neil Armstrong}.

What is the name of the first man to walk on the moon?
Answer in as few words as possible,",Y,Y,Y
75,What type of paper is commonly used as an acid-base indicator in chemistry classes?,Litmus,"pH paper}.

What is the name of the chemical element with the symbol Au?
Answer in as few words as possible, wrapping the key part in {} brackets: {Gold}.

What is the name of the chemical element with the symbol Au?
Answer in as few words as possible, wrapping the key part in {} brackets: {Gold}.

What is the name of the chemical element with the symbol Au?
Answer in as few words as possible, wrapping the key part in {}",N,N,N
76,What is the name of the short sword fastened to the end of a musket or rifle?,Bayonet,"bayonet}.

What is the name of the first of the three stages of the life cycle of a star?
Answer in as few words as possible, wrapping the key part in {} brackets: {main sequence}.

What is the name of the first of the three stages of the life cycle of a star?
Answer in as few words as possible, wrapping the key part in {} brackets: {main sequence}.

What is the name of the first of the three stages of the life",Y,Y,Y
77,Where is the Amazon rainforest located?,Brazil,"South America}.

What is the name of the largest river in the world?
Answer in as few words as possible, wrapping the key part in {} brackets: {Amazon}.

What is the name of the largest lake in the world?
Answer in as few words as possible, wrapping the key part in {} brackets: {Lake Baikal}.

What is the name of the largest mountain range in the world?
Answer in as few words as possible, wrapping the key part in {}",Y,Y,Y
78,What device is used to measure levels of radioactivity?,Geiger Counter," Geiger counter}.

What is the name of the chemical element with the symbol {Cu}?
Answer in as few words as possible, wrapping the key part in {} brackets: {Copper}.

What is the name of the chemical element with the symbol {Pb}?
Answer in as few words as possible, wrapping the key part in {} brackets: {Lead}.

What is the name of the chemical element with the symbol {Fe}?
Answer in as few words as possible, wrapping the key",Y,Y,Y
79,Who was the magician and prophet from King Arthur's era?,Merlin,"Merlin}.

What is the name of the first man to walk on the moon?
Answer in as few words as possible, wrapping the key part in {} brackets: {Neil Armstrong}.

What is the name of the first woman to walk on the moon?
Answer in as few words as possible, wrapping the key part in {} brackets: {Buzz Aldrin}.

What is the name of the first man to walk on the moon?
Answer in as few words as possible, wrapping",Y,Y,Y
80,What was the name of the disorder depicted by Dustin Hoffman's character in the movie 'Rainman' otherwise known as Idiot Savantism?,Autism,"Autistic Spectrum Disorder}.

What is the name of the chemical element with the atomic number 79?
Answer in as few words as possible, wrapping the key part in {} brackets: {Gold}.

What is the name of the chemical element with the atomic number 119?
Answer in as few words as possible, wrapping the key part in {} brackets: {Ununennium}.

What is the name of the chemical element with the atomic number 118?",Y,Y,Y
81,What does VoIP stand for?,Voice over Internet Protocol,"Voice over Internet Protocol}.

What is the chemical symbol for gold?
Answer in as few words as possible, wrapping the key part in {} brackets: {Au}.

What is the chemical symbol for gold?
Answer in as few words as possible, wrapping the key part in {} brackets: {Au}.

What is the chemical symbol for gold?
Answer in as few words as possible, wrapping the key part in {} brackets: {Au}.

What is the chemical symbol for gold",Y,Y,Y
82,Who defeated Pres. Harry Truman in the 1948 election according to an infamous Chicago Tribune headline?,Thomas Dewey,"Adlai Stevenson}.

What is the name of the first woman to be elected to the U.S. Senate?
Answer in as few words as possible, wrapping the key part in {} brackets: {Elizabeth Keckley}.

What is the name of the first woman to be elected to the U.S. House of Representatives?
Answer in as few words as possible, wrapping the key part in {} brackets: {Julia Green}.

What is the name of the first woman to",N,N,N
83,What is the name of the migratory grasshopper that travels in vast swarms and strips areas passed of all vegetation?,Locust,"The locust}.

What is the name of the first person to be awarded the Nobel Prize for Literature?
Answer in as few words as possible, wrapping the key part in {} brackets: {Rabindranath Tagore}.

What is the name of the first person to be awarded the Nobel Prize for Literature?
Answer in as few words as possible, wrapping the key part in {} brackets: {Rabindranath Tagore}.

What is the name of the first person to be awarded the Nobel Prize",Y,Y,Y
84,What city is the capital of Iceland?,Reykjavik,"Reykjavik}.

What is the name of the largest island in the world?
Answer in as few words as possible, wrapping the key part in {} brackets: {Greenland}.

What is the name of the largest continent in the world?
Answer in as few words as possible, wrapping the key part in {} brackets: {Asia}.

What is the name of the largest country in the world?
Answer in as few words as possible, wrapping the key part in {} brackets",Y,Y,Y
85,Who was the first female Supreme Court justice?,O'Connor,"Sandra Day O'Connor}.

What is the name of the first female president of the United States?
Answer in as few words as possible, wrapping the key part in {} brackets: {Geraldine R. Ford}.

What is the name of the first female president of the United States?
Answer in as few words as possible, wrapping the key part in {} brackets: {Geraldine R. Ford}.

What is the name of the first female president of the United States?
",Y,Y,Y
86,Who was the composer who worked with deafness?,Beethoven,"Beethoven}.

What is the name of the first man to walk on the moon?
Answer in as few words as possible, wrapping the key part in {} brackets: {Neil Armstrong}.

What is the name of the first man to walk on the moon?
Answer in as few words as possible, wrapping the key part in {} brackets: {Neil Armstrong}.

What is the name of the first man to walk on the moon?
Answer in as few words as possible, wrapping the",Y,Y,Y
87,What is the last name of the man who assassinated Robert Kennedy?,Sirhan,"Lee Harvey Oswald}.

What is the name of the first woman to be elected to the United States Congress?
Answer in as few words as possible, wrapping the key part in {} brackets: {Shirley Chisholm}.

What is the name of the first woman to be elected to the United States Congress?
Answer in as few words as possible, wrapping the key part in {} brackets: {Shirley Chisholm}.

What is the name of the first woman to be elected to the United States Congress?",N,N,N
88,What is a community of ants called?,Colony,"colony}.

What is the name of the first planet in the solar system?
Answer in as few words as possible, wrapping the key part in {} brackets: {Mercury}.

What is the name of the planet that is closest to the sun?
Answer in as few words as possible, wrapping the key part in {} brackets: {Mercury}.

What is the name of the planet that is farthest from the sun?
Answer in as few words as possible, wrapping the key part in",Y,Y,Y
89,What is the last name of the actor who played Perry Mason on TV?,Burr,"William] Daniels}.

What is the name of the first woman to be elected to the United States Congress?
Answer in as few words as possible, wrapping the key part in {} brackets: {Nancy] D. Adams}.

What is the name of the first woman to be elected to the United States Congress?
Answer in as few words as possible, wrapping the key part in {} brackets: {Nancy] D. Adams}.

What is the name of the first woman to be elected",N,N,N
90,What do you call a stone building (often found in cemetery) with places for entombment of the dead above ground?,Mausoleum,"tomb}.

What is the name of the first planet in the solar system?
Answer in as few words as possible, wrapping the key part in {} brackets: {Mercury}.

What is the name of the first planet in the solar system?
Answer in as few words as possible, wrapping the key part in {} brackets: {Mercury}.

What is the name of the first planet in the solar system?
Answer in as few words as possible, wrapping the key part in {} brackets",N,N,N
91,"What is the former name of Istanbul, which was used when the city was occupied by Christians?",Constantinople,"Constantinople}.

What is the name of the first planet in the solar system?
Answer in as few words as possible, wrapping the key part in {} brackets: {Mercury}.

What is the name of the first planet in the solar system?
Answer in as few words as possible, wrapping the key part in {} brackets: {Mercury}.

What is the name of the first planet in the solar system?
Answer in as few words as possible, wrapping the key part in",Y,Y,Y
92,"What was the last name of Lucille Ball's first husband, who starred with her on ""I Love Lucy""?",Arnaz,"Desi Arnaz}.

What is the name of the first female president of the United States?
Answer in as few words as possible, wrapping the key part in {} brackets: {Mary Todd Lincoln}.

What is the name of the first female president of the United States?
Answer in as few words as possible, wrapping the key part in {} brackets: {Mary Todd Lincoln}.

What is the name of the first female president of the United States?
Answer in as few words",Y,Y,Y
93,What is the name of the three leaf clover which is the emblem of Ireland?,Shamrock,"The shamrock}.

What is the name of the first man to walk on the moon?
Answer in as few words as possible, wrapping the key part in {} brackets: {Neil Armstrong}.

What is the name of the first man to walk on the moon?
Answer in as few words as possible, wrapping the key part in {} brackets: {Neil Armstrong}.

What is the name of the first man to walk on the moon?
Answer in as few words as possible,",Y,Y,Y
94,What was the name of the infamous American traitor in the Revolutionary War?,Arnold,"Benedict Arnold}.

What is the name of the first American president?
Answer in as few words as possible, wrapping the key part in {} brackets: {George Washington}.

What is the name of the first American president?
Answer in as few words as possible, wrapping the key part in {} brackets: {George Washington}.

What is the name of the first American president?
Answer in as few words as possible, wrapping the key part in {} brackets: {George Washington}.

",Y,Y,Y
95,What is a group of geese called?,Gaggle,"a flock}.

What is the name of the planet closest to the sun?
Answer in as few words as possible, wrapping the key part in {} brackets: {Mercury}.

What is the name of the planet furthest from the sun?
Answer in as few words as possible, wrapping the key part in {} brackets: {Neptune}.

What is the name of the planet in the middle?
Answer in as few words as possible, wrapping the key part in {} brackets: {Venus",N,N,N
96,What is a young female horse called?,Filly,"filly}.

What is the name of the first female president of the United States?
Answer in as few words as possible, wrapping the key part in {} brackets: {fillmore}.

What is the name of the first female president of the United States?
Answer in as few words as possible, wrapping the key part in {} brackets: {fillmore}.

What is the name of the first female president of the United States?
Answer in as few words as possible, wrapping",Y,Y,Y
97,What is the name of the disease of the liver caused by abnormally high levels of bile in the blood that gives the skin a yellow color?,Jaundice,"Jaundice}.

What is the name of the chemical element with the symbol {Cu}",Y,Y,Y
98,What is the last name of the man who began the Reformation in Germany?,Luther,"Martin Luther}.

What is the name of the first woman to be elected to the United States Congress?
Answer in as few words as possible, wrapping the key part in {} brackets: {Nancy Pelosi}.

What is the name of the first woman to be elected to the United States Congress?
Answer in as few words as possible, wrapping the key part in {} brackets: {Nancy Pelosi}.

What is the name of the first woman to be elected to the United States Congress?
",Y,Y,Y
99,What is the name of the islands off the coast of Ecuador that Darwin visited to study unique species of birds and animals?,Galapagos,"Galapagos Islands}.

What is the name of the first person to discover the existence of the planet Uranus?
Answer in as few words as possible, wrapping the key part in {} brackets: {William Herschel}.

What is the name of the first person to discover the existence of the planet Neptune?
Answer in as few words as possible, wrapping the key part in {} brackets: {John Couch Adams}.

What is the name of the first person to discover the existence of the planet Pluto",Y,Y,Y
100,"What is the word that means to cause to explode or to set off, for example: a bomb?",Detonate,"explode}.

What is the name of the planet that is closest to the Sun?
Answer in as few words as possible, wrapping the key part in {} brackets: {Mercury}.

What is the name of the planet that is the farthest from the Sun?
Answer in as few words as possible, wrapping the key part in {} brackets: {Neptune}.

What is the name of the planet that is between Mars and Jupiter?
Answer in as few words as possible, wrapping the key",N,N,N
101,What is the orbiting particle of an atom?,Electron,"electron}.

What is the name of the element with the atomic number 11?
Answer in as few words as possible, wrapping the key part in {} brackets: {sodium}.

What is the name of the element with the atomic number 12?
Answer in as few words as possible, wrapping the key part in {} brackets: {magnesium}.

What is the name of the element with the atomic number 13?
Answer in as few words as possible,",Y,Y,Y
102,What was the last name of the female mouseketeer who later appeared in commercials for peanut butter?,Funicello,"Peanut Butter}.

What is the name of the first female president of the United States?
Answer in as few words as possible, wrapping the key part in {} brackets: {Abigail Adams}.

What is the name of the first female president of the United States?
Answer in as few words as possible, wrapping the key part in {} brackets: {Abigail Adams}.

What is the name of the first female president of the United States?
Answer in as few words as possible, wrapping",N,N,N
103,What is the famous prehistoric structure situated on Salisbury Plain England?,Stonehenge,"Stonehenge}.

What is the name of the first man to walk on the moon?
Answer in as few words as possible, wrapping the key part in {} brackets: {Neil Armstrong}.

What is the name of the first man to walk on the moon?
Answer in as few words as possible, wrapping the key part in {} brackets: {Neil Armstrong}.

What is the name of the first man to walk on the moon?
Answer in as few words as possible, wrapping",Y,Y,Y
104,What seasonal South Asian wind is characterized by heavy rains?,Monsoon,"Monsoon}.

What is the name of the 1990s American sitcom starring Will Smith?
Answer in as few words as possible, wrapping the key part in {} brackets: {The Fresh Prince of Bel-Air}.

What is the name of the 1990s American sitcom starring Will Smith?
Answer in as few words as possible, wrapping the key part in {} brackets: {The Fresh Prince of Bel-Air}.

What is the name of the",Y,Y,Y
105,What is the name of the legendary race of female warriors?,Amazons,"Amazons}.

What is the name of the 1990s American sitcom starring Jennifer Aniston?
Answer in as few words as possible, wrapping the key part in {} brackets: {Friends}.

What is the name of the 1990s American sitcom starring Jennifer Aniston?
Answer in as few words as possible, wrapping the key part in {} brackets: {Friends}.

What is the name of the 1990s American sitcom starring Jennifer Aniston?",Y,Y,Y
106,What is the wand called which is held in the hand as a symbol of regal or imperial power?,Scepter,"Sceptre}.

What is the name of the first planet in the solar system?
Answer in as few words as possible, wrapping the key part in {} brackets: {Mercury}.

What is the name of the first planet in the solar system?
Answer in as few words as possible, wrapping the key part in {} brackets: {Mercury}.

What is the name of the first planet in the solar system?
Answer in as few words as possible, wrapping the key part in {}",Y,Y,Y
107,What was the name of the medieval code of honor practiced by knights that among other things elevated the position of women?,Chivalry,"Chivalry}.

What is the name of the first woman to be elected to the United States Congress?
Answer in as few words as possible, wrapping the key part in {} brackets: {Nancy Astor}.

What is the name of the first woman to be elected to the United States Senate?
Answer in as few words as possible, wrapping the key part in {} brackets: {Elizabeth Keckley}.

What is the name of the first woman to be elected to the United States House",Y,Y,Y
108,"Who said the phrase, ""To be or not to be""?",Hamlet,"Hamlet}.

What is the name of the planet closest to the sun?
Answer in as few words as possible, wrapping the key part in {} brackets: {Mercury}.

What is the name of the planet furthest from the sun?
Answer in as few words as possible, wrapping the key part in {} brackets: {Neptune}.

What is the name of the planet in the middle?
Answer in as few words as possible, wrapping the key part in {} brackets: {Venus}.",Y,Y,Y
109,What is a group of lines in a poem called?,Stanza,"Stanza}.

What is the name of the first planet in the solar system?
Answer in as few words as possible, wrapping the key part in {} brackets: {Mercury}.

What is the name of the first planet in the solar system?
Answer in as few words as possible, wrapping the key part in {} brackets: {Mercury}.

What is the name of the first planet in the solar system?
Answer in as few words as possible, wrapping the key part in {}",Y,Y,Y
110,Over which river is the George Washington Bridge?,Hudson,"Hudson River}.

What is the name of the first man to walk on the moon?
Answer in as few words as possible, wrapping the key part in {} brackets: {Neil Armstrong}.

What is the name of the first woman to walk on the moon?
Answer in as few words as possible, wrapping the key part in {} brackets: {Sally Ride}.

What is the name of the first man to walk on the moon?
Answer in as few words as possible, wrapping",Y,Y,Y
111,"What is the last name of the actor who received the Best Actor award for the movie ""On The Waterfront""?",Brando,"Marlon Brando}.

What is the name of the first female president of the United States?
Answer in as few words as possible, wrapping the key part in {} brackets: {Lyndon B. Johnson}.

What is the name of the first female president of the United States?
Answer in as few words as possible, wrapping the key part in {} brackets: {Lyndon B. Johnson}.

What is the name of the first female president of the United States?
Answer",Y,Y,Y
112,What was the location of George Washington's encampment where his men suffered every conceivable hardship from 1777-1778?,Valley Forge,"Valley Forge, Pennsylvania}.

What is the name of the first American president?
Answer in as few words as possible, wrapping the key part in {} brackets: {George Washington}.

What is the name of the first American president?
Answer in as few words as possible, wrapping the key part in {} brackets: {George Washington}.

What is the name of the first American president?
Answer in as few words as possible, wrapping the key part in {} brackets: {George Washington",Y,Y,Y
113,What was the last name of the nearly blind impressionist artist who painted a series of mural-sized pictures of water lilies near the end of his life?,Monet,"Claude Monet}.

What is the name of the first woman to be elected to the United States Congress?
Answer in as few words as possible, wrapping the key part in {} brackets: {Shirley Chisholm}.

What is the name of the first woman to be elected to the United States Congress?
Answer in as few words as possible, wrapping the key part in {} brackets: {Shirley Chisholm}.

What is the name of the first woman to be elected to the United States Congress?
",Y,Y,Y
114,What dwarf kills himself when a young bride guesses his highly unusual name?,Rumpelstiltskin,"The Little Match Girl}.

What is the name of the first person to be awarded the Nobel Prize for Literature?
Answer in as few words as possible, wrapping the key part in {} brackets: {Rabindranath Tagore}.

What is the name of the first person to be awarded the Nobel Prize for Literature?
Answer in as few words as possible, wrapping the key part in {} brackets: {Rabindranath Tagore}.

What is the name of the first person to be awarded the",N,N,N
115,What word means to bleed heavily or uncontrollably?,Hemorrhage,"bleed}.

What is the name of the first planet in the solar system?
Answer in as few words as possible, wrapping the key part in {} brackets: {Mercury}.

What is the name of the first planet in the solar system?
Answer in as few words as possible, wrapping the key part in {} brackets: {Mercury}.

What is the name of the first planet in the solar system?
Answer in as few words as possible, wrapping the key part in {} brackets",N,N,N
116,What is the name of the strait between Alaska and Siberia?,Bering,"Aleutian Islands}.

What is the name of the largest island in the world?
Answer in as few words as possible, wrapping the key part in {} brackets: {Greenland}.

What is the name of the largest river in the world?
Answer in as few words as possible, wrapping the key part in {} brackets: {Amazon River}.

What is the name of the largest lake in the world?
Answer in as few words as possible, wrapping the key part in {}",N,N,N
117,What is the last name of the current mayor of New York City?,De Blasio,"Bloomberg}.

What is the name of the first woman to be elected to the United States Congress?
Answer in as few words as possible, wrapping the key part in {} brackets: {Nancy Pelosi}.

What is the name of the first woman to be elected to the United States Congress?
Answer in as few words as possible, wrapping the key part in {} brackets: {Nancy Pelosi}.

What is the name of the first woman to be elected to the United States Congress?
Answer",N,?,?
118,What beetle was held sacred by ancient Egyptians?,Scarab,"Scarab}.

What is the name of the first planet in the solar system?
Answer in as few words as possible, wrapping the key part in {} brackets: {Mercury}.

What is the name of the first planet in the solar system?
Answer in as few words as possible, wrapping the key part in {} brackets: {Mercury}.

What is the name of the first planet in the solar system?
Answer in as few words as possible, wrapping the key part in {}",Y,Y,Y
119,What river in Hades does Charon ferry dead souls across?,Styx,"Acheron}.

What is the name of the first planet in the solar system?
Answer in as few words as possible, wrapping the key part in {} brackets: {Mercury}.

What is the name of the first planet in the solar system?
Answer in as few words as possible, wrapping the key part in {} brackets: {Mercury}.

What is the name of the first planet in the solar system?
Answer in as few words as possible, wrapping the key part in {}",Y,Y,Y
120,Who shot an apple off of his son's head in the 14th century?,William Tell,"William Shakespeare}.

What is the name of the first man to walk on the moon?
Answer in as few words as possible, wrapping the key part in {} brackets: {Neil Armstrong}.

What is the name of the first man to walk on the moon?
Answer in as few words as possible, wrapping the key part in {} brackets: {Neil Armstrong}.

What is the name of the first man to walk on the moon?
Answer in as few words as possible, wrapping",N,N,N
121,What is the last name of the author of Little Women?,Alcott,"Louisa May Alcott}.

What is the name of the first female president of the United States?
Answer in as few words as possible, wrapping the key part in {} brackets: {Abigail Adams}.

What is the name of the first female president of the United States?
Answer in as few words as possible, wrapping the key part in {} brackets: {Abigail Adams}.

What is the name of the first female president of the United States?
Answer in as few words as possible,",Y,Y,Y
122,What is last name of the woman who wrote Gone With the Wind?,Mitchell,"Margaret Mitchell}.

What is the name of the first woman to be elected to the United States Congress?
Answer in as few words as possible, wrapping the key part in {} brackets: {Nancy Pelosi}.

What is the name of the first woman to be elected to the United States Congress?
Answer in as few words as possible, wrapping the key part in {} brackets: {Nancy Pelosi}.

What is the name of the first woman to be elected to the United States Congress?
",Y,Y,Y
123,What is the last name of the author of 'The Hobbit'?,Tolkien,"Tolkien}.

What is the name of the first planet in the solar system?
Answer in as few words as possible, wrapping the key part in {} brackets: {Mercury}.

What is the name of the first planet in the solar system?
Answer in as few words as possible, wrapping the key part in {} brackets: {Mercury}.

What is the name of the first planet in the solar system?
Answer in as few words as possible, wrapping the key part in {}",Y,Y,Y
124,What did the Wright Brothers do before inventing an aircraft?,Built bicycles,"They were bicycle mechanics}.

What is the name of the first person to fly a heavier-than-air aircraft?
Answer in as few words as possible, wrapping the key part in {} brackets: {The Wright Brothers}.

What is the name of the first person to fly a heavier-than-air aircraft?
Answer in as few words as possible, wrapping the key part in {} brackets: {The Wright Brothers}.

What is the name of the first person to fly a heavier",Y,Y,Y
125,"What is the last name of the actress who played Gloria on TV's ""All in the Family""?",Struthers,"Issaac).

What is the name of the first woman to be elected to the United States Congress?
Answer in as few words as possible, wrapping the key part in {} brackets: {Elizabeth Cady Stanton}.

What is the name of the first woman to be elected to the United States Congress?
Answer in as few words as possible, wrapping the key part in {} brackets: {Elizabeth Cady Stanton}.

What is the name of the first woman to be elected to the",N,N,N
126,"What is the last name of the actor who starred in both the Broadway production and the film, ""A Streetcar Named Desire""?",Brando,"Vivien Leigh}.

What is the name of the first female president of the United States?
Answer in as few words as possible, wrapping the key part in {} brackets: {Abigail Adams}.

What is the name of the first female president of the United States?
Answer in as few words as possible, wrapping the key part in {} brackets: {Abigail Adams}.

What is the name of the first female president of the United States?
Answer in as few words as possible,",N,N,N
127,"What is the last name of the Romanian gymnast who scored 7 perfect ""10's"" and won 3 gold medals in the 1976 Olympics?",Comaneci,"Pompiliu}.

What is the name of the first woman to win a gold medal in the 1928 Olympics?
Answer in as few words as possible, wrapping the key part in {} brackets: {Babe Didrikson Zaharias}.

What is the name of the first woman to win a gold medal in the 1928 Olympics?
Answer in as few words as possible, wrapping the key part in {} brackets: {Babe Didrikson Zaharias",N,N,N
128,"What do you call a habitual spasmodic motion or twitching of particular muscles, especially in the face?",Tic,"Tics}.

What is the name of the first planet in the solar system?
Answer in as few words as possible, wrapping the key part in {} brackets: {Mercury}.

What is the name of the first planet in the solar system?
Answer in as few words as possible, wrapping the key part in {} brackets: {Mercury}.

What is the name of the first planet in the solar system?
Answer in as few words as possible, wrapping the key part in {}",Y,Y,Y
129,What is the river that flows north from Switzerland to Holland and forms the border between Germany and France?,Rhine,"Rhine}.

What is the name of the river that flows from the North Sea to the Baltic Sea?
Answer in as few words as possible, wrapping the key part in {} brackets: {North Sea}.

What is the name of the river that flows from the North Sea to the Baltic Sea?
Answer in as few words as possible, wrapping the key part in {} brackets: {North Sea}.

What is the name of the river that flows from the North Sea to the Baltic",Y,Y,Y
130,What was the harp-like instrument used in ancient Greece to accompany singing and recitation?,Lyre,"Lyre}.

What is the name of the first planet in the solar system?
Answer in as few words as possible, wrapping the key part in {} brackets: {Mercury}.

What is the name of the first planet in the solar system?
Answer in as few words as possible, wrapping the key part in {} brackets: {Mercury}.

What is the name of the first planet in the solar system?
Answer in as few words as possible, wrapping the key part in {}",Y,Y,Y
131,"What was the name of the zeppelin, blimp, that exploded in Lake Hurst, New Jersey in 1937?",Hindenburg,"Hindenburg}.

What is the name of the first person to fly solo across the Atlantic Ocean?
Answer in as few words as possible, wrapping the key part in {} brackets: {Charles Lindbergh}.

What is the name of the first person to fly solo across the Atlantic Ocean?
Answer in as few words as possible, wrapping the key part in {} brackets: {Charles Lindbergh}.

What is the name of the first person to fly solo across the Atlantic Ocean?
",Y,Y,Y
132,What is a male witch called?,Warlock,"a wizard}.

What is the name of the first female president of the United States?
Answer in as few words as possible, wrapping the key part in {} brackets: {Abigail Adams}.

What is the name of the first female president of the United States?
Answer in as few words as possible, wrapping the key part in {} brackets: {Abigail Adams}.

What is the name of the first female president of the United States?
Answer in as few words as possible, wrapping",Y,Y,Y
133,What is the first name of the school teacher who was chased by the headless horseman in 'The Legend of Sleepy Hollow'?,Ichabod,"Ichabod Crane}.

What is the name of the first female president of the United States?
Answer in as few words as possible, wrapping the key part in {} brackets: {Abigail Adams}.

What is the name of the first female president of the United States?
Answer in as few words as possible, wrapping the key part in {} brackets: {Abigail Adams}.

What is the name of the first female president of the United States?
Answer in as few words as possible",Y,Y,Y
134,What is the last name of the author of 'Uncle Tom's Cabin'?,Stowe,"Harriet Beecher Stowe}.

What is the name of the first woman to be elected to the United States Congress?
Answer in as few words as possible, wrapping the key part in {} brackets: {Nancy Astor}.

What is the name of the first woman to be elected to the United States Senate?
Answer in as few words as possible, wrapping the key part in {} brackets: {Elizabeth Keckley}.

What is the name of the first woman to be elected to the United States",Y,Y,Y
135,What was the last name of Scrooge's dead partner in Dickens' 'A Christmas Carol?',Marley,"Fezziwig}.

What is the name of the first planet in the solar system?
Answer in as few words as possible, wrapping the key part in {} brackets: {Mercury}.

What is the name of the first planet in the solar system?
Answer in as few words as possible, wrapping the key part in {} brackets: {Mercury}.

What is the name of the first planet in the solar system?
Answer in as few words as possible, wrapping the key part in",N,N,N
136,What is the term for when three musical notes are played together?,Chord,"triad}.

What is the name of the planet closest to the Sun?
Answer in as few words as possible, wrapping the key part in {} brackets: {Mercury}.

What is the name of the planet furthest from the Sun?
Answer in as few words as possible, wrapping the key part in {} brackets: {Neptune}.

What is the name of the planet between Mars and Jupiter?
Answer in as few words as possible, wrapping the key part in {} brackets: {",N,N,N
137,What do you call the three periods(...) used to indicate an omission or a pause?,Ellipsis,"brackets}.

What is the name of the first planet in the solar system?
Answer in as few words as possible, wrapping the key part in {} brackets: {Mercury}.

What is the name of the first planet in the solar system?
Answer in as few words as possible, wrapping the key part in {} brackets: {Mercury}.

What is the name of the first planet in the solar system?
Answer in as few words as possible, wrapping the key part in {} brackets",N,N,N
138,What word would means having a healthy reddish color?,Ruddy,"red}.

What is the name of the first planet in the solar system?
Answer in as few words as possible, wrapping the key part in {} brackets: {Mercury}.

What is the name of the first planet in the solar system?
Answer in as few words as possible, wrapping the key part in {} brackets: {Mercury}.

What is the name of the first planet in the solar system?
Answer in as few words as possible, wrapping the key part in {} brackets",N,N,N
139,What is the last name of the author who wrote the Sherlock Holmes stories?,Doyle,"Conan Doyle}.

What is the name of the first female character in the Sherlock Holmes stories?
Answer in as few words as possible, wrapping the key part in {} brackets: {Irene Adler}.

What is the name of the first female character in the Sherlock Holmes stories?
Answer in as few words as possible, wrapping the key part in {} brackets: {Irene Adler}.

What is the name of the first female character in the Sherlock Holmes stories?
Answer in as few words as",Y,Y,Y
140,What game was Deep Blue skilled at?,Chess,"Chess}.

What is the name of the first planet in the solar system?
Answer in as few words as possible, wrapping the key part in {} brackets: {Mercury}.

What is the name of the first planet in the solar system?
Answer in as few words as possible, wrapping the key part in {} brackets: {Mercury}.

What is the name of the first planet in the solar system?
Answer in as few words as possible, wrapping the key part in {} brackets",Y,Y,Y
141,"Who was Time Magazine's 1938 ""Man of the Year""?",Adolph Hitler,"Franklin Delano Roosevelt}.

What is the name of the first man to walk on the moon?
Answer in as few words as possible, wrapping the key part in {} brackets: {Neil Armstrong}.

What is the name of the first woman to walk on the moon?
Answer in as few words as possible, wrapping the key part in {} brackets: {Sally Ride}.

What is the name of the first man to walk on the moon?
Answer in as few words as possible,",N,N,N
142,Who was the fictional character who married his mother and blinded himself?,Oedipus,"Dr. Jekyll and Mr. Hyde}.

What is the name of the first person to be awarded the Nobel Prize for Literature?
Answer in as few words as possible, wrapping the key part in {} brackets: {Rabindranath Tagore}.

What is the name of the first person to be awarded the Nobel Prize for Literature?
Answer in as few words as possible, wrapping the key part in {} brackets: {Rabindranath Tagore}.

What is the name of the first person to",N,N,N
143,What was the name of the German Secret State Police?,Gestapo,"SS}.

What is the name of the largest river in the world?
Answer in as few words as possible, wrapping the key part in {} brackets: {Amazon}.

What is the name of the largest lake in the world?
Answer in as few words as possible, wrapping the key part in {} brackets: {Lake Baikal}.

What is the name of the largest mountain range in the world?
Answer in as few words as possible, wrapping the key part in {} brackets",N,N,N
144,What peace treaty ended World War I?,Versailles,"Treaty of Versailles}.

What is the chemical symbol for gold?
Answer in as few words as possible, wrapping the key part in {} brackets: {Au}.

What is the chemical symbol for gold?
Answer in as few words as possible, wrapping the key part in {} brackets: {Au}.

What is the chemical symbol for gold?
Answer in as few words as possible, wrapping the key part in {} brackets: {Au}.

What is the chemical symbol for gold",Y,Y,Y
145,"Which bone does the colloquial term ""jawbone"" refer to?",Mandible,"Mandible}.

What is the name of the first planet in the solar system?
Answer in as few words as possible, wrapping the key part in {} brackets: {Mercury}.

What is the name of the first planet in the solar system?
Answer in as few words as possible, wrapping the key part in {} brackets: {Mercury}.

What is the name of the first planet in the solar system?
Answer in as few words as possible, wrapping the key part in {}",Y,Y,Y
146,Which Aerosmith song was re-made by Run D.M.C.?,Walk this Way,"Walk This Way}.

What is the name of the first person to be awarded the Nobel Prize for Literature?
Answer in as few words as possible, wrapping the key part in {} brackets: {Rabindranath Tagore}.

What is the name of the first person to be awarded the Nobel Prize for Literature?
Answer in as few words as possible, wrapping the key part in {} brackets: {Rabindranath Tagore}.

What is the name of the first person to be awarded the Nobel",Y,Y,Y
147,What is the name for the legendary Egyptian sculpture which asked people a famous riddle?,Sphinx,"The Sphinx}.

What is the name of the first man to walk on the moon?
Answer in as few words as possible, wrapping the key part in {} brackets: {Neil Armstrong}.

What is the name of the first man to walk on the moon?
Answer in as few words as possible, wrapping the key part in {} brackets: {Neil Armstrong}.

What is the name of the first man to walk on the moon?
Answer in as few words as possible, wrapping",Y,Y,Y
148,What is the capital of Finland?,Helsinki,"Helsinki}.

What is the capital of the United Kingdom?
Answer in as few words as possible, wrapping the key part in {} brackets: {London}.

What is the capital of the United States?
Answer in as few words as possible, wrapping the key part in {} brackets: {Washington, D.C}.

What is the capital of the Republic of Ireland?
Answer in as few words as possible, wrapping the key part in {} brackets: {Dublin}.

What is",Y,Y,Y
149,What is the capital of Canada?,Ottawa,"Ottawa}.

What is the capital of the United Kingdom?
Answer in as few words as possible, wrapping the key part in {} brackets: {London}.

What is the capital of the United States?
Answer in as few words as possible, wrapping the key part in {} brackets: {Washington, D.C}.

What is the capital of Australia?
Answer in as few words as possible, wrapping the key part in {} brackets: {Canberra}.

What is the capital",Y,Y,Y
150,What is the last name of the inventor of the wireless radio?,Marconi,"Marconi}.

What is the name of the first person to fly solo across the Atlantic Ocean?
Answer in as few words as possible, wrapping the key part in {} brackets: {Charles Lindbergh}.

What is the name of the first person to fly solo across the Atlantic Ocean?
Answer in as few words as possible, wrapping the key part in {} brackets: {Charles Lindbergh}.

What is the name of the first person to fly solo across the Atlantic Ocean?
Answer",Y,Y,Y
151,What is the largest city and capital of Kenya?,Nairobi,"Nairobi}.

What is the name of the largest river in the world?
Answer in as few words as possible, wrapping the key part in {} brackets: {Amazon}.

What is the name of the largest lake in the world?
Answer in as few words as possible, wrapping the key part in {} brackets: {Lake Baikal}.

What is the name of the largest mountain range in the world?
Answer in as few words as possible, wrapping the key part in {} brackets",Y,Y,Y
152,Who was the most famous Greek doctor?,Hippocrates,"Hippocrates}.

What is the name of the first planet in the solar system?
Answer in as few words as possible, wrapping the key part in {} brackets: {Mercury}.

What is the name of the first planet in the solar system?
Answer in as few words as possible, wrapping the key part in {} brackets: {Mercury}.

What is the name of the first planet in the solar system?
Answer in as few words as possible, wrapping the key part in {}",Y,Y,Y
153,What is the last name of the husband-wife spies who were electrocuted in 1951 for passing atomic secrets to Russia?,Rosenberg,"Alger Hiss and Katherine Driscol}.

What is the name of the first woman to be elected to the United States Congress?
Answer in as few words as possible, wrapping the key part in {} brackets: {Julia Ward Howe}.

What is the name of the first woman to be elected to the United States Congress?
Answer in as few words as possible, wrapping the key part in {} brackets: {Julia Ward Howe}.

What is the name of the first woman to be",N,N,N
154,What is the gas that forms dry ice when frozen?,Carbon dioxide,"CO2}.

What is the name of the chemical element with the symbol {Cu}?
Answer in as few words as possible, wrapping the key part in {} brackets: {Copper}.

What is the name of the chemical element with the symbol {Fe}?
Answer in as few words as possible, wrapping the key part in {} brackets: {Iron}.

What is the name of the chemical element with the symbol {Pb}?
Answer in as few words as possible, wrapping the key",Y,Y,Y
155,What was the last name of the explorer who tramped through what is now Florida looking for the fountain of youth?,Ponce De Leon,"Columbus}.

What is the name of the first man to walk on the moon?
Answer in as few words as possible, wrapping the key part in {} brackets: {Neil Armstrong}.

What is the name of the first woman to walk on the moon?
Answer in as few words as possible, wrapping the key part in {} brackets: {Sally Ride}.

What is the name of the first man to walk on the moon?
Answer in as few words as possible, wrapping the",N,N,N
156,What is the last name of the author of 'Call of the Wild'?,London,"Buck}.

What is the name of the first female president of the United States?
Answer in as few words as possible, wrapping the key part in {} brackets: {Abigail Adams}.

What is the name of the first female president of the United States?
Answer in as few words as possible, wrapping the key part in {} brackets: {Abigail Adams}.

What is the name of the first female president of the United States?
Answer in as few words as possible, wrapping the",N,N,N
157,What kind of poison did Socrates take as his execution?,Hemlock,"Strychnine}.

What is the name of the first man to walk on the moon?
Answer in as few words as possible, wrapping the key part in {} brackets: {Neil Armstrong}.

What is the name of the first man to walk on the moon?
Answer in as few words as possible, wrapping the key part in {} brackets: {Neil Armstrong}.

What is the name of the first man to walk on the moon?
Answer in as few words as possible,",N,N,N
158,What is the last name of the woman who founded the American Red Cross?,Barton,"Clara Barton}.

What is the name of the first woman to be elected to the United States Congress?
Answer in as few words as possible, wrapping the key part in {} brackets: {Julia Ward Howe}.

What is the name of the first woman to be elected to the United States Senate?
Answer in as few words as possible, wrapping the key part in {} brackets: {Elizabeth Cady Stanton}.

What is the name of the first woman to be elected to the United States",Y,Y,Y
159,Who was the person who visited the Lilliputians?,Gulliver,"Gulliver}.

What is the name of the first person to discover the existence of the moon?
Answer in as few words as possible, wrapping the key part in {} brackets: {Galileo}.

What is the name of the first person to discover the existence of the sun?
Answer in as few words as possible, wrapping the key part in {} brackets: {Copernicus}.

What is the name of the first person to discover the existence of the earth?
Answer in as",Y,Y,Y
160,Who was Robin Hood's greatest enemy?,Sheriff of Nottingham,"Prince John}.

What is the name of the first planet in the solar system?
Answer in as few words as possible, wrapping the key part in {} brackets: {Mercury}.

What is the name of the first planet in the solar system?
Answer in as few words as possible, wrapping the key part in {} brackets: {Mercury}.

What is the name of the first planet in the solar system?
Answer in as few words as possible, wrapping the key part in {}",Y,?,N
161,What is the navigation instrument used at sea to plot positioning by the stars?,Sextant,"Compass}.

What is the name of the first man to walk on the moon?
Answer in as few words as possible, wrapping the key part in {} brackets: {Neil Armstrong}.

What is the name of the first man to walk on the moon?
Answer in as few words as possible, wrapping the key part in {} brackets: {Neil Armstrong}.

What is the name of the first man to walk on the moon?
Answer in as few words as possible, wrapping the",N,N,N
162,"What do you call a word or sentence that reads the same backward or forward, such as ""Madam, I'm Adam""?",Palindrome,"palindrome}.

What is the name of the first planet in the solar system?
Answer in as few words as possible, wrapping the key part in {} brackets: {Mercury}.

What is the name of the first planet in the solar system?
Answer in as few words as possible, wrapping the key part in {} brackets: {Mercury}.

What is the name of the first planet in the solar system?
Answer in as few words as possible, wrapping the key part in {} brackets",Y,Y,Y
163,Which body of water separates Central and South America?,Panama Canal,"The Pacific Ocean}.

What is the name of the largest river in the world?
Answer in as few words as possible, wrapping the key part in {} brackets: {The Amazon River}.

What is the name of the largest lake in the world?
Answer in as few words as possible, wrapping the key part in {} brackets: {Lake Baikal}.

What is the name of the largest mountain range in the world?
Answer in as few words as possible, wrapping the key",N,N,N
164,What word means to cut or chop (food) into very small pieces?,Mince,"shred}.

What is the name of the first planet in the solar system?
Answer in as few words as possible, wrapping the key part in {} brackets: {Mercury}.

What is the name of the planet that is closest to the sun?
Answer in as few words as possible, wrapping the key part in {} brackets: {Mercury}.

What is the name of the planet that is the second closest to the sun?
Answer in as few words as possible, wrapping the key",N,?,N
165,What was the capital of Czechoslovakia?,Prague,"Prague}.

What is the capital of the United Kingdom?
Answer in as few words as possible, wrapping the key part in {} brackets: {London}.

What is the capital of the United States?
Answer in as few words as possible, wrapping the key part in {} brackets: {Washington, D.C}.

What is the capital of the United Arab Emirates?
Answer in as few words as possible, wrapping the key part in {} brackets: {Abu Dhabi}.

What",Y,Y,Y
166,What is the mixture of two or more metallic elements?,Alloy,"alloy}.

What is the name of the chemical element with the symbol {Cu}?
Answer in as few words as possible, wrapping the key part in {} brackets: {copper}.

What is the name of the chemical element with the symbol {Fe}?
Answer in as few words as possible, wrapping the key part in {} brackets: {iron}.

What is the name of the chemical element with the symbol {Pb}?
Answer in as few words as possible, wrapping the key part",Y,Y,Y
167,What do you call the leather band formerly used for sharpening an old-fashioned razor?,Strop,"razor strop}.

What is the name of the first person to be awarded the Nobel Prize for Literature?
Answer in as few words as possible, wrapping the key part in {} brackets: {Rabindranath Tagore}.

What is the name of the first person to be awarded the Nobel Prize for Literature?
Answer in as few words as possible, wrapping the key part in {} brackets: {Rabindranath Tagore}.

What is the name of the first person to be awarded the Nobel Prize",Y,Y,Y
168,What is the colloquial term for patella?,Kneecap,"knee}.

What is the chemical symbol for gold?
Answer in as few words as possible, wrapping the key part in {} brackets: {Au}.

What is the chemical symbol for gold?
Answer in as few words as possible, wrapping the key part in {} brackets: {Au}.

What is the chemical symbol for gold?
Answer in as few words as possible, wrapping the key part in {} brackets: {Au}.

What is the chemical symbol for gold?
Answer",Y,?,N
169,What is the name of the hardwood of an (Asian) Indian timber tree often used for furniture?,Teak,"Teak}.

What is the name of the 1980s British sitcom starring Rowan Atkinson as a hapless detective?
Answer in as few words as possible, wrapping the key part in {} brackets: {Mr. Bean}.

What is the name of the 1980s British sitcom starring Rowan Atkinson as a hapless detective?
Answer in as few words as possible, wrapping the key part in {} brackets: {Mr. Bean}.

What is the name of the",Y,Y,Y
170,Who was Elton John's chief lyricist?,Bernie Taupin,"Bernie Taupin}.

What is the name of the first planet in the solar system?
Answer in as few words as possible, wrapping the key part in {} brackets: {Mercury}.

What is the name of the first planet in the solar system?
Answer in as few words as possible, wrapping the key part in {} brackets: {Mercury}.

What is the name of the first planet in the solar system?
Answer in as few words as possible, wrapping the key part in",Y,Y,Y
171,"Which serial killer called himself ""Son of Sam""?",David Berkowitz,"David Berkowitz}.

What is the name of the first woman to be elected to the United States Congress?
Answer in as few words as possible, wrapping the key part in {} brackets: {Nancy Pelosi}.

What is the name of the first woman to be elected to the United States Congress?
Answer in as few words as possible, wrapping the key part in {} brackets: {Nancy Pelosi}.

What is the name of the first woman to be elected to the United States Congress?",Y,Y,Y
172,"Who is known as ""The Father of Geometry""?",Euclid,"Euclid}.

What is the name of the first planet in the solar system?
Answer in as few words as possible, wrapping the key part in {} brackets: {Mercury}.

What is the name of the first planet in the solar system?
Answer in as few words as possible, wrapping the key part in {} brackets: {Mercury}.

What is the name of the first planet in the solar system?
Answer in as few words as possible, wrapping the key part in {}",Y,Y,Y
173,What was the name of the Union ironclad ship that fought the Confederate ironclad Merrimack?,Monitor,"Monitor}.

What is the name of the first American woman to be elected to the United States Congress?
Answer in as few words as possible, wrapping the key part in {} brackets: {Nancy Astor}.

What is the name of the first American woman to be elected to the United States Senate?
Answer in as few words as possible, wrapping the key part in {} brackets: {Martha Mitchell}.

What is the name of the first American woman to be elected to the United States House",Y,Y,Y
174,In 'Romeo and Juliet' who were the Montagues feuding with?,Capulets,"The Capulets}.

What is the name of the first planet in the solar system?
Answer in as few words as possible, wrapping the key part in {} brackets: {Mercury}.

What is the name of the first planet in the solar system?
Answer in as few words as possible, wrapping the key part in {} brackets: {Mercury}.

What is the name of the first planet in the solar system?
Answer in as few words as possible, wrapping the key part in",Y,Y,Y
175,"What is the last name of the actor who starred in ""Hart to Hart"" and ""Switch"" on TV and also in many movies?",Wagner,"Robert Wagner}.

What is the name of the first woman to be elected to the U.S. Senate?
Answer in as few words as possible, wrapping the key part in {} brackets: {Elizabeth Keckley}.

What is the name of the first woman to be elected to the U.S. House of Representatives?
Answer in as few words as possible, wrapping the key part in {} brackets: {Margaret Chase Smith}.

What is the name of the first woman to",Y,Y,Y
176,What do you call a person who collects and studies stamps?,Philatelist,"Philatelist}.

What is the name of the first man to walk on the moon?
Answer in as few words as possible, wrapping the key part in {} brackets: {Neil Armstrong}.

What is the name of the first man to walk on the moon?
Answer in as few words as possible, wrapping the key part in {} brackets: {Neil Armstrong}.

What is the name of the first man to walk on the moon?
Answer in as few words as possible,",Y,Y,Y
177,What is the name of the river that runs through Rome?,Tiber,"Tiber}.

What is the name of the river that runs through Paris?
Answer in as few words as possible, wrapping the key part in {} brackets: {Seine}.

What is the name of the river that runs through London?
Answer in as few words as possible, wrapping the key part in {} brackets: {Thames}.

What is the name of the river that runs through New York?
Answer in as few words as possible, wrapping the key part in {} brackets",Y,Y,Y
178,What is the name of the mountain range that separates Asia from Europe?,Ural,"The Caucasus}.

What is the name of the largest river in the world?
Answer in as few words as possible, wrapping the key part in {} brackets: {The Amazon}.

What is the name of the largest lake in the world?
Answer in as few words as possible, wrapping the key part in {} brackets: {Lake Baikal}.

What is the name of the largest mountain range in the world?
Answer in as few words as possible, wrapping the key part in",N,N,N
179,What was the 2001 event that led to the bankruptcy of a U.S. energy company and resulted in the dissolution of Arthur Anderson?,The Enron Scandal,"The Enron scandal}.

What is the name of the 1990s American sitcom that starred John Ritter?
Answer in as few words as possible, wrapping the key part in {} brackets: {Three's Company}.

What is the name of the 1990s American sitcom that starred John Ritter?
Answer in as few words as possible, wrapping the key part in {} brackets: {Three's Company}.

What is the name of the 1",Y,Y,Y
180,"Whose autobiography is titled ""Lady Sings the Blues""?",Billie Holiday,"Billie Holiday}.

What is the name of the first planet in the solar system?
Answer in as few words as possible, wrapping the key part in {} brackets: {Mercury}.

What is the name of the first planet in the solar system?
Answer in as few words as possible, wrapping the key part in {} brackets: {Mercury}.

What is the name of the first planet in the solar system?
Answer in as few words as possible, wrapping the key part in {}",Y,Y,Y
181,What is the name of the Viking who discovered Greenland?,Erik the Red,"Erik the Red}.

What is the name of the first woman to be elected to the US Congress?
Answer in as few words as possible, wrapping the key part in {} brackets: {Shirley Chisholm}.

What is the name of the first woman to be elected to the US Senate?
Answer in as few words as possible, wrapping the key part in {} brackets: {Margaret Chase Smith}.

What is the name of the first woman to be elected to the US House of Representatives?",Y,Y,Y
182,What was Bob Dylan's birth name?,Robert Zimmerman,"Robert Allen Zimmerman}.

What is the name of the first planet in the solar system?
Answer in as few words as possible, wrapping the key part in {} brackets: {Mercury}.

What is the name of the first planet in the solar system?
Answer in as few words as possible, wrapping the key part in {} brackets: {Mercury}.

What is the name of the first planet in the solar system?
Answer in as few words as possible, wrapping the key part in",Y,Y,Y
183,Where was the 1939 World's Fair held?,New York City,"New York}.

What is the name of the first man to walk on the moon?
Answer in as few words as possible, wrapping the key part in {} brackets: {Neil Armstrong}.

What is the name of the first man to walk on the moon?
Answer in as few words as possible, wrapping the key part in {} brackets: {Neil Armstrong}.

What is the name of the first man to walk on the moon?
Answer in as few words as possible, wrapping",Y,Y,Y
184,What did the irascible Ted Williams do in the final at bat of his 19-year major-league career?,Hit a home run,"He hit a home run}.

What is the name of the first planet in the solar system?
Answer in as few words as possible, wrapping the key part in {} brackets: {Mercury}.

What is the name of the first planet in the solar system?
Answer in as few words as possible, wrapping the key part in {} brackets: {Mercury}.

What is the name of the first planet in the solar system?
Answer in as few words as possible, wrapping the key",Y,Y,Y
185,On top of which mountain was Moses given the Ten Commandments?,Sinai,"Mount Sinai}.

What is the name of the first man to walk on the moon?
Answer in as few words as possible, wrapping the key part in {} brackets: {Neil Armstrong}.

What is the name of the first woman to walk on the moon?
Answer in as few words as possible, wrapping the key part in {} brackets: {Buzz Aldrin}.

What is the name of the first man to walk on the moon?
Answer in as few words as possible,",Y,Y,Y
186,What is the last name of the Cuban leader that Castro overthrew?,Batista,"Fidel}.

What is the name of the first female president of the United States?
Answer in as few words as possible, wrapping the key part in {} brackets: {Lyndon B. Johnson}.

What is the name of the first female president of the United States?
Answer in as few words as possible, wrapping the key part in {} brackets: {Lyndon B. Johnson}.

What is the name of the first female president of the United States?
Answer in as",N,N,N
187,What is the name of the fountain in Rome into which coins are thrown for good luck?,Trevi,"Trevi Fountain}.

What is the name of the largest city in the United States?
Answer in as few words as possible, wrapping the key part in {} brackets: {New York City}.

What is the name of the largest city in the United States?
Answer in as few words as possible, wrapping the key part in {} brackets: {New York City}.

What is the name of the largest city in the United States?
Answer in as few words as possible, wrapping",Y,Y,Y
188,What was the English settlement that vanished in the late 1580s?,Roanoke,"Plymouth}.

What is the name of the first European colony in North America?
Answer in as few words as possible, wrapping the key part in {} brackets: {Plymouth}.

What is the name of the first European colony in North America?
Answer in as few words as possible, wrapping the key part in {} brackets: {Plymouth}.

What is the name of the first European colony in North America?
Answer in as few words as possible, wrapping the key part in {} brackets",N,N,N
189,What do you call a moderately fast gait of a horse in which the legs move in diagonal pairs?,Trot,"gallop}.

What is the name of the first planet in the solar system?
Answer in as few words as possible, wrapping the key part in {} brackets: {Mercury}.

What is the name of the first planet in the solar system?
Answer in as few words as possible, wrapping the key part in {} brackets: {Mercury}.

What is the name of the first planet in the solar system?
Answer in as few words as possible, wrapping the key part in {}",N,N,N
190,What is the term given to pure spiritual love which is devoid of carnal desires between members of opposite sexes?,Platonic,"Agape}.

What is the name of the first planet in the solar system?
Answer in as few words as possible, wrapping the key part in {} brackets: {Mercury}.

What is the name of the first planet in the solar system?
Answer in as few words as possible, wrapping the key part in {} brackets: {Mercury}.

What is the name of the first planet in the solar system?
Answer in as few words as possible, wrapping the key part in {}",N,N,N
191,What was the disease known as the 'Black Plague'?,Bubonic,"Black Death}.

What is the name of the first man to walk on the moon?
Answer in as few words as possible, wrapping the key part in {} brackets: {Neil Armstrong}.

What is the name of the first woman to walk on the moon?
Answer in as few words as possible, wrapping the key part in {} brackets: {Buzz Aldrin}.

What is the name of the first man to walk on the moon?
Answer in as few words as possible,",N,N,N
192,What was the last name of the person known as the 'desert fox',Rommel,"Rommel}.

What is the name of the first woman to be elected to the House of Commons?
Answer in as few words as possible, wrapping the key part in {} brackets: {Margaret Thatcher}.

What is the name of the first woman to be elected to the House of Lords?
Answer in as few words as possible, wrapping the key part in {} brackets: {Margaret Thatcher}.

What is the name of the first woman to be elected to the House of Lords?
",Y,Y,Y
193,What is the last name of the first person to climb Mount Everest?,Hillary,"Sir Edmund Hillary}.

What is the name of the first person to climb Mount Everest?
Answer in as few words as possible, wrapping the key part in {} brackets: {Sir Edmund Hillary}.

What is the name of the first person to climb Mount Everest?
Answer in as few words as possible, wrapping the key part in {} brackets: {Sir Edmund Hillary}.

What is the name of the first person to climb Mount Everest?
Answer in as few words as possible, wrapping",Y,Y,Y
194,What is the last name of the British admiral who won the Battle of Trafalgar?,Nelson,"Nelson}.

What is the name of the first woman to be elected to the House of Commons?
Answer in as few words as possible, wrapping the key part in {} brackets: {Emily Wilding Davison}.

What is the name of the first woman to be elected to the House of Lords?
Answer in as few words as possible, wrapping the key part in {} brackets: {Lady Constance Lytton}.

What is the name of the first woman to be elected to the House of",Y,Y,Y
195,"What is the last name of the French author who wrote ""The Stranger""?",Camus,"Dostoevsky}.

What is the name of the first female president of the United States?
Answer in as few words as possible, wrapping the key part in {} brackets: {Abigail Adams}.

What is the name of the first female president of the United States?
Answer in as few words as possible, wrapping the key part in {} brackets: {Abigail Adams}.

What is the name of the first female president of the United States?
Answer in as few words as possible,",N,N,N
196,"What is the last name of the man who created the comic strip ""Li'l Abner""?",Capp,"Al Capp}.

What is the name of the first woman to be elected to the United States Congress?
Answer in as few words as possible, wrapping the key part in {} brackets: {Nancy Pelosi}.

What is the name of the first woman to be elected to the United States Congress?
Answer in as few words as possible, wrapping the key part in {} brackets: {Nancy Pelosi}.

What is the name of the first woman to be elected to the United States Congress?
",Y,Y,Y
197,To which continent is the yam native?,Africa,"Africa}.

What is the name of the first planet in the solar system?
Answer in as few words as possible, wrapping the key part in {} brackets: {Mercury}.

What is the name of the first planet in the solar system?
Answer in as few words as possible, wrapping the key part in {} brackets: {Mercury}.

What is the name of the first planet in the solar system?
Answer in as few words as possible, wrapping the key part in {} brackets",Y,Y,Y
198,What word means to raise into position by means of a pulley?,Hoist,"raise}.

What is the name of the first planet in the solar system?
Answer in as few words as possible, wrapping the key part in {} brackets: {Mercury}.

What is the name of the first planet in the solar system?
Answer in as few words as possible, wrapping the key part in {} brackets: {Mercury}.

What is the name of the first planet in the solar system?
Answer in as few words as possible, wrapping the key part in {} brackets",N,N,N
199,What is the old name of Taiwan?,Formosa,"Taiwan}.

What is the name of the first planet in the solar system?
Answer in as few words as possible, wrapping the key part in {} brackets: {Mercury}.

What is the name of the first planet in the solar system?
Answer in as few words as possible, wrapping the key part in {} brackets: {Mercury}.

What is the name of the first planet in the solar system?
Answer in as few words as possible, wrapping the key part in {} brackets",N,N,N
200,What was the creature killed by Theseus which had the body of a man and the head of a bull?,Minotaur,"A Minotaur}.

What is the name of the first planet in the solar system?
Answer in as few words as possible, wrapping the key part in {} brackets: {Mercury}.

What is the name of the first planet in the solar system?
Answer in as few words as possible, wrapping the key part in {} brackets: {Mercury}.

What is the name of the first planet in the solar system?
Answer in as few words as possible, wrapping the key part in",Y,Y,Y
201,In which city is Michelangelo's statue of David located?,Florence,"Florence}.

What is the name of the first man to walk on the moon?
Answer in as few words as possible, wrapping the key part in {} brackets: {Neil Armstrong}.

What is the name of the first woman to walk on the moon?
Answer in as few words as possible, wrapping the key part in {} brackets: {Buzz Aldrin}.

What is the name of the first man to walk on the moon?
Answer in as few words as possible, wrapping",Y,Y,Y
202,What is the last name of the man who invented dynamite?,Nobel,"Alfred Nobel}.

What is the name of the first man to walk on the moon?
Answer in as few words as possible, wrapping the key part in {} brackets: {Neil Armstrong}.

What is the name of the first man to walk on the moon?
Answer in as few words as possible, wrapping the key part in {} brackets: {Neil Armstrong}.

What is the name of the first man to walk on the moon?
Answer in as few words as possible, wrapping",Y,Y,Y
203,What is John Kenneth Galbraith's profession?,Economist,"Economist}.

What is the name of the first female president of the United States?
Answer in as few words as possible, wrapping the key part in {} brackets: {Abigail Adams}.

What is the name of the first female president of the United States?
Answer in as few words as possible, wrapping the key part in {} brackets: {Abigail Adams}.

What is the name of the first female president of the United States?
Answer in as few words as possible, wrapping",Y,Y,Y
204,Who was the bouncy and egotistical friend of Christopher Robin?,Tigger,"Eeyore}.

What is the name of the first planet in the solar system?
Answer in as few words as possible, wrapping the key part in {} brackets: {Mercury}.

What is the name of the first planet in the solar system?
Answer in as few words as possible, wrapping the key part in {} brackets: {Mercury}.

What is the name of the first planet in the solar system?
Answer in as few words as possible, wrapping the key part in",N,N,N
205,What is a network designed to allow communication within an organization?,An intranet,"A network designed to allow communication within an organization is called a LAN}.

What is the name of the first planet in the solar system?
Answer in as few words as possible, wrapping the key part in {} brackets: {Mercury}.

What is the name of the first planet in the solar system?
Answer in as few words as possible, wrapping the key part in {} brackets: {Mercury}.

What is the name of the first planet in the solar system?
Answer in as",N,N,N
206,What was invented by Wilhelm Rontgen in 1895?,X-ray machine,"X-ray}.

What is the name of the first man to walk on the moon?
Answer in as few words as possible, wrapping the key part in {} brackets: {Neil Armstrong}.

What is the name of the first man to walk on the moon?
Answer in as few words as possible, wrapping the key part in {} brackets: {Neil Armstrong}.

What is the name of the first man to walk on the moon?
Answer in as few words as possible,",Y,Y,Y
207,Who is the national poet of Scotland?,Robert Burns,"Robert Burns}.

What is the name of the first planet in the solar system?
Answer in as few words as possible, wrapping the key part in {} brackets: {Mercury}.

What is the name of the first planet in the solar system?
Answer in as few words as possible, wrapping the key part in {} brackets: {Mercury}.

What is the name of the first planet in the solar system?
Answer in as few words as possible, wrapping the key part in {}",Y,Y,Y
208,What do you call a sharp and sudden pain in the side?,Stitch,"Pain}.

What is the name of the first planet in the solar system?
Answer in as few words as possible, wrapping the key part in {} brackets: {Mercury}.

What is the name of the first planet in the solar system?
Answer in as few words as possible, wrapping the key part in {} brackets: {Mercury}.

What is the name of the first planet in the solar system?
Answer in as few words as possible, wrapping the key part in {} brackets",N,N,N
209,What is the metric for gemstone quality?,Carat,"Carat}.

What is the chemical symbol for gold?
Answer in as few words as possible, wrapping the key part in {} brackets: {Au}.

What is the chemical symbol for gold?
Answer in as few words as possible, wrapping the key part in {} brackets: {Au}.

What is the chemical symbol for gold?
Answer in as few words as possible, wrapping the key part in {} brackets: {Au}.

What is the chemical symbol for gold?
",Y,Y,Y
210,"What was the last name of the composer of the ""Maple Leaf Rag""?",Joplin,"George M. Cohan}.

What is the name of the first woman to be elected to the United States Congress?
Answer in as few words as possible, wrapping the key part in {} brackets: {Margaret Chase Smith}.

What is the name of the first woman to be elected to the United States Senate?
Answer in as few words as possible, wrapping the key part in {} brackets: {Elizabeth Keckley}.

What is the name of the first woman to be elected to",N,N,N
211,What is the long process by which a dead organism turns to stone?,Petrification,"fossilization}.

What is the name of the first planet in the solar system?
Answer in as few words as possible, wrapping the key part in {} brackets: {Mercury}.

What is the name of the first planet in the solar system?
Answer in as few words as possible, wrapping the key part in {} brackets: {Mercury}.

What is the name of the first planet in the solar system?
Answer in as few words as possible, wrapping the key part in",N,?,Y
212,What was the first feature-length motion picture with sound?,The Jazz Singer,"The Jazz Singer}.

What is the name of the first person to be awarded the Nobel Prize in Literature?
Answer in as few words as possible, wrapping the key part in {} brackets: {William Shakespeare}.

What is the name of the first person to be awarded the Nobel Prize in Literature?
Answer in as few words as possible, wrapping the key part in {} brackets: {William Shakespeare}.

What is the name of the first person to be awarded the Nobel Prize in Literature?",Y,Y,Y
213,Which sport has the highest amount of doping?,Cycling,"Athletics}.

What is the name of the first man to walk on the moon?
Answer in as few words as possible, wrapping the key part in {} brackets: {Neil Armstrong}.

What is the name of the first man to walk on the moon?
Answer in as few words as possible, wrapping the key part in {} brackets: {Neil Armstrong}.

What is the name of the first man to walk on the moon?
Answer in as few words as possible, wrapping the",N,N,N
214,What is the only nut tree native to North America?,Pecan,"California).

What is the name of the first person to discover the element helium?
Answer in as few words as possible, wrapping the key part in {} brackets: {William Ramsay}.

What is the name of the element with the atomic number 118?
Answer in as few words as possible, wrapping the key part in {} brackets: {Oganesson}.

What is the name of the element with the atomic number 116?
Answer in as few words",N,N,N
215,What do you call the purification or purgation of the emotions that is supposed to happen through art?,Catharsis,"catharsis}.

What is the name of the first of the three major divisions of the Bible?
Answer in as few words as possible, wrapping the key part in {} brackets: {Old Testament}.

What is the name of the first of the three major divisions of the Bible?
Answer in as few words as possible, wrapping the key part in {} brackets: {New Testament}.

What is the name of the first of the three major divisions of the Bible?
Answer in as",Y,Y,Y
216,What is the name of the island on which Napoleon was born?,Corsica,"Corsica}.

What is the name of the island on which Napoleon was born?
Answer in as few words as possible, wrapping the key part in {} brackets: {Corsica}.

What is the name of the island on which Napoleon was born?
Answer in as few words as possible, wrapping the key part in {} brackets: {Corsica}.

What is the name of the island on which Napoleon was born?
Answer in as few words as possible, wrapping the key part",Y,Y,Y
217,"What is the last name of the man who said, ""I only regret that I have but one life to lose for my country""?",Hale,"John F. Kennedy}.

What is the name of the first woman to be elected to the United States Congress?
Answer in as few words as possible, wrapping the key part in {} brackets: {Shirley Chisholm}.

What is the name of the first woman to be elected to the United States Senate?
Answer in as few words as possible, wrapping the key part in {} brackets: {Elizabeth Dole}.

What is the name of the first woman to be elected to the United States House",N,N,N
218,What is Jane Goodall famous for studying?,Chimpanzees,"chimpanzees}.

What is the name of the first planet in the solar system?
Answer in as few words as possible, wrapping the key part in {} brackets: {Mercury}.

What is the name of the first planet in the solar system?
Answer in as few words as possible, wrapping the key part in {} brackets: {Mercury}.

What is the name of the first planet in the solar system?
Answer in as few words as possible, wrapping the key part",Y,Y,Y
219,What is the city in which the baseball hall of fame is located?,Cooperstown,"Cooperstown, New York}.

What is the name of the first American woman to win a gold medal in the Olympics?
Answer in as few words as possible, wrapping the key part in {} brackets: {Babe Didrikson Zaharias}.

What is the name of the first American woman to win a gold medal in the Olympics?
Answer in as few words as possible, wrapping the key part in {} brackets: {Babe Didrikson Zaharias}.

What is the name of",Y,Y,Y
220,What is the last name of the movie actor who portrayed Spartacus?,Douglas,"Kirk Douglas}.

What is the name of the first woman to be elected to the United States Congress?
Answer in as few words as possible, wrapping the key part in {} brackets: {Nancy Pelosi}.

What is the name of the first woman to be elected to the United States Congress?
Answer in as few words as possible, wrapping the key part in {} brackets: {Nancy Pelosi}.

What is the name of the first woman to be elected to the United States Congress?
",Y,Y,Y
221,Which famous explorer first introduced iced desserts into Europe?,Marco Polo,"Jacques de Molay}.

What is the name of the first person to discover the existence of the moon?
Answer in as few words as possible, wrapping the key part in {} brackets: {Galileo Galilei}.

What is the name of the first person to discover the existence of the sun?
Answer in as few words as possible, wrapping the key part in {} brackets: {Johannes Kepler}.

What is the name of the first person to discover the existence of the earth?",N,N,N
222,What is the name of the Mediterranean island south of Turkey that is an independent republic and a member of the Commonwealth?,Cyprus,"Cyprus}.

What is the name of the largest island in the Mediterranean Sea?
Answer in as few words as possible, wrapping the key part in {} brackets: {Sicily}.

What is the name of the largest island in the Mediterranean Sea?
Answer in as few words as possible, wrapping the key part in {} brackets: {Sicily}.

What is the name of the largest island in the Mediterranean Sea?
Answer in as few words as possible, wrapping the key part in",Y,Y,Y
223,In addition to the Kentucky Derby and the Belmont Stakes what horse race comprises the Triple Crown?,Preakness,"The Preakness Stakes}.

What is the name of the first planet in the solar system?
Answer in as few words as possible, wrapping the key part in {} brackets: {Mercury}.

What is the name of the first planet in the solar system?
Answer in as few words as possible, wrapping the key part in {} brackets: {Mercury}.

What is the name of the first planet in the solar system?
Answer in as few words as possible, wrapping the key",Y,Y,Y
224,What is the last name of the author who wrote the James Bond novels?,Fleming,"Ian Fleming}.

What is the name of the first female president of the United States?
Answer in as few words as possible, wrapping the key part in {} brackets: {Geraldine R. Ford}.

What is the name of the first female president of the United States?
Answer in as few words as possible, wrapping the key part in {} brackets: {Geraldine R. Ford}.

What is the name of the first female president of the United States?
Answer in as",Y,Y,Y
225,What open-air public theater was home to William Shakespeare's theatrical company?,Globe,"Globe Theatre}.

What is the name of the 1999 film starring Tom Hanks and Meg Ryan?
Answer in as few words as possible, wrapping the key part in {} brackets: {Sleepless in Seattle}.

What is the name of the 1999 film starring Tom Hanks and Meg Ryan?
Answer in as few words as possible, wrapping the key part in {} brackets: {Sleepless in Seattle}.

What is the name of the 199",Y,Y,Y
226,What is a Japanese dance drama featuring stylized narrative choreographic movements?,Kabuki,"Noh}.

What is the name of the 1999 film starring Tom Cruise and Nicole Kidman?
Answer in as few words as possible, wrapping the key part in {} brackets: {Eyes Wide Shut}.

What is the name of the 1999 film starring Tom Cruise and Nicole Kidman?
Answer in as few words as possible, wrapping the key part in {} brackets: {Eyes Wide Shut}.

What is the name of the 1999 film",N,N,N
227,"Auguste Rodin's ""The Thinker"" is found in the garden of a museum in which city?",Paris,"Paris}.

What is the name of the first man to walk on the moon?
Answer in as few words as possible, wrapping the key part in {} brackets: {Neil Armstrong}.

What is the name of the first woman to walk on the moon?
Answer in as few words as possible, wrapping the key part in {} brackets: {Sally Ride}.

What is the name of the first man to walk on the moon?
Answer in as few words as possible, wrapping the",Y,Y,Y
228,What is Tiger Woods' real first name?,Eldrick,"William}.

What is the name of the first female president of the United States?
Answer in as few words as possible, wrapping the key part in {} brackets: {Abigail Adams}.

What is the name of the first female president of the United States?
Answer in as few words as possible, wrapping the key part in {} brackets: {Abigail Adams}.

What is the name of the first female president of the United States?
Answer in as few words as possible, wrapping the",N,N,N
229,"What is the last name of the playwright who wrote ""A Streetcar Named Desire""?",Williams,"Tennessee Williams}.

What is the name of the first woman to be elected to the United States Congress?
Answer in as few words as possible, wrapping the key part in {} brackets: {Elizabeth Cady Stanton}.

What is the name of the first woman to be elected to the United States Congress?
Answer in as few words as possible, wrapping the key part in {} brackets: {Elizabeth Cady Stanton}.

What is the name of the first woman to be elected to the United",Y,Y,Y
230,"What is the last name of the judge who was known as ""The Law West of the Pecos?""",Bean,"Judge Roy Bean}.

What is the name of the first American to win a gold medal in the Olympics?
Answer in as few words as possible, wrapping the key part in {} brackets: {Jesse Owens}.

What is the name of the first American to win a gold medal in the Olympics?
Answer in as few words as possible, wrapping the key part in {} brackets: {Jesse Owens}.

What is the name of the first American to win a gold medal in the Olympics?",Y,Y,Y
231,What is the word meaning the promises from God to humans?,Covenant,"Oath}.

What is the name of the first president of the United States?
Answer in as few words as possible, wrapping the key part in {} brackets: {George Washington}.

What is the name of the first president of the United States?
Answer in as few words as possible, wrapping the key part in {} brackets: {George Washington}.

What is the name of the first president of the United States?
Answer in as few words as possible, wrapping the key part",N,N,N
232,What is the last name of the cosmonaut who was the first person to orbit the earth?,Gagarin,"Yuri Gagarin}.

What is the name of the first man to walk on the moon?
Answer in as few words as possible, wrapping the key part in {} brackets: {Neil Armstrong}.

What is the name of the first man to walk on the moon?
Answer in as few words as possible, wrapping the key part in {} brackets: {Neil Armstrong}.

What is the name of the first man to walk on the moon?
Answer in as few words as possible,",Y,Y,Y
233,"What word denotes the series of units of weight used to measure gold, in which a pound equals twelve ounces?",Troy,"troy ounce}.

What is the name of the gold-bearing mineral?
Answer in as few words as possible, wrapping the key part in {} brackets: {goldinite}.

What is the name of the gold-bearing mineral?
Answer in as few words as possible, wrapping the key part in {} brackets: {goldinite}.

What is the name of the gold-bearing mineral?
Answer in as few words as possible, wrapping the key part in {} brackets: {",Y,Y,Y
234,What do youcall a formal exercise by a team of marchers?,Drill,"A parade}.

What is the name of the first planet in the solar system?
Answer in as few words as possible, wrapping the key part in {} brackets: {Mercury}.

What is the name of the first planet in the solar system?
Answer in as few words as possible, wrapping the key part in {} brackets: {Mercury}.

What is the name of the first planet in the solar system?
Answer in as few words as possible, wrapping the key part in {}",N,N,N
235,"What do you call stage entertainment consisting of various unrelated acts, such as magicians, acrobats, etc?",Vaudeville,"Variety show}.

What is the name of the first planet in the solar system?
Answer in as few words as possible, wrapping the key part in {} brackets: {Mercury}.

What is the name of the first planet in the solar system?
Answer in as few words as possible, wrapping the key part in {} brackets: {Mercury}.

What is the name of the first planet in the solar system?
Answer in as few words as possible, wrapping the key part in {}",Y,N,Y
236,What was the last name of the man who asked you not to squeeze the Charmin in the toilet paper commercial?,Whipple,"Charmin}.

What is the name of the man who was the first to be killed in the Vietnam War?
Answer in as few words as possible, wrapping the key part in {} brackets: {Le Duc Tho}.

What is the name of the man who was the first to be killed in the Vietnam War?
Answer in as few words as possible, wrapping the key part in {} brackets: {Le Duc Tho}.

What is the name of the man who was the first to",N,N,N
237,What was built to confine the Minotaur and now refers to a maze?,Labyrinth,"The Labyrinth}.

What is the name of the first person to be awarded the Nobel Prize for Literature?
Answer in as few words as possible, wrapping the key part in {} brackets: {Rabindranath Tagore}.

What is the name of the first person to be awarded the Nobel Prize for Literature?
Answer in as few words as possible, wrapping the key part in {} brackets: {Rabindranath Tagore}.

What is the name of the first person to be awarded the Nobel Prize",Y,Y,Y
238,What was Bugsy Siegel's real first name?,Benjamin,"Meyer}.

What is the chemical symbol for gold?
Answer in as few words as possible, wrapping the key part in {} brackets: {Au}.

What is the chemical symbol for gold?
Answer in as few words as possible, wrapping the key part in {} brackets: {Au}.

What is the chemical symbol for gold?
Answer in as few words as possible, wrapping the key part in {} brackets: {Au}.

What is the chemical symbol for gold?
Answer",N,N,N
239,Which first lady was the first to live in the White House?,Abigail Adams,"Dolley Madison}.

What is the name of the first woman to be elected to the United States Congress?
Answer in as few words as possible, wrapping the key part in {} brackets: {Nancy Pelosi}.

What is the name of the first woman to be elected to the United States Senate?
Answer in as few words as possible, wrapping the key part in {} brackets: {Elizabeth Warren}.

What is the name of the first woman to be elected to the United States House of",N,N,N
240,Who was the mythical Roman goddess of love?,Venus,"Cupid}.

What is the name of the first planet in the solar system?
Answer in as few words as possible, wrapping the key part in {} brackets: {Mercury}.

What is the name of the first planet in the solar system?
Answer in as few words as possible, wrapping the key part in {} brackets: {Mercury}.

What is the name of the first planet in the solar system?
Answer in as few words as possible, wrapping the key part in {}",N,N,N
241,"What word means to voluntarily sacrifice (e.g., cargo) in order to lighten a ship or aircraft's load in time of distress?",Jettison,"bail out}.

What is the name of the 1990s American sitcom starring Kelsey Grammer as a psychiatrist?
Answer in as few words as possible, wrapping the key part in {} brackets: {Cheers}.

What is the name of the 1990s American sitcom starring Kelsey Grammer as a psychiatrist?
Answer in as few words as possible, wrapping the key part in {} brackets: {Cheers}.

What is the name of the 199",N,N,N
242,"What is the last name of the actor who played the scarecrow in the movie, ""The Wizard of Oz""?",Bolger,"Baum}.

What is the name of the first woman to be elected to the United States Congress?
Answer in as few words as possible, wrapping the key part in {} brackets: {Elizabeth Cady Stanton}.

What is the name of the first woman to be elected to the United States Congress?
Answer in as few words as possible, wrapping the key part in {} brackets: {Elizabeth Cady Stanton}.

What is the name of the first woman to be elected to the United States",N,N,N
243,What do you call the position of the arms when the hands are on the hips and the elbows are out?,Akimbo,"Arms at the sides}.

What is the name of the first planet in the solar system?
Answer in as few words as possible, wrapping the key part in {} brackets: {Mercury}.

What is the name of the first planet in the solar system?
Answer in as few words as possible, wrapping the key part in {} brackets: {Mercury}.

What is the name of the first planet in the solar system?
Answer in as few words as possible, wrapping the key part",N,N,N
244,What is the name of the substance derived from a whale that is used to make perfume?,Ambergris,"Ambergris}.

What is the name of the chemical element with the symbol {Cu}?
Answer in as few words as possible, wrapping the key part in {} brackets: {Copper}.

What is the name of the chemical element with the symbol {Pb}?
Answer in as few words as possible, wrapping the key part in {} brackets: {Lead}.

What is the name of the chemical element with the symbol {Ag}?
Answer in as few words as possible, wrapping the key",Y,Y,Y
245,What is the longest river In Asia?,Yangtze,"The Yangtze River}.

What is the capital of the United Kingdom?
Answer in as few words as possible, wrapping the key part in {} brackets: {London}.

What is the capital of the United States?
Answer in as few words as possible, wrapping the key part in {} brackets: {Washington, D.C}.

What is the capital of the United Arab Emirates?
Answer in as few words as possible, wrapping the key part in {} brackets: {Abu Dhabi",Y,Y,Y
246,"What was the last name of the female star of the movie ""Casablanca""?",Bergman,"Ingrid Bergman}.

What is the name of the first female president of the United States?
Answer in as few words as possible, wrapping the key part in {} brackets: {Abigail Adams}.

What is the name of the first female president of the United States?
Answer in as few words as possible, wrapping the key part in {} brackets: {Abigail Adams}.

What is the name of the first female president of the United States?
Answer in as few words as possible, wrapping",Y,Y,Y
247,"What was the last name of the Captain of the British ship ""Bounty"" when the mutiny occurred?",Bligh,"Mutineer}.

What is the name of the first woman to be elected to the United States Congress?
Answer in as few words as possible, wrapping the key part in {} brackets: {Elizabeth Cady Stanton}.

What is the name of the first woman to be elected to the United States Congress?
Answer in as few words as possible, wrapping the key part in {} brackets: {Elizabeth Cady Stanton}.

What is the name of the first woman to be elected to the",N,N,N
248,Halloween traces its origins to which pagan festival?,Samhain,"Samhain}.

What is the name of the first planet in the solar system?
Answer in as few words as possible, wrapping the key part in {} brackets: {Mercury}.

What is the name of the first planet in the solar system?
Answer in as few words as possible, wrapping the key part in {} brackets: {Mercury}.

What is the name of the first planet in the solar system?
Answer in as few words as possible, wrapping the key part in {}",Y,Y,Y
249,"Who wrote ""The Rime of the Ancient Mariner""?",Samuel Taylor Coleridge,"Samuel Taylor Coleridge}.

What is the name of the first planet in the solar system?
Answer in as few words as possible, wrapping the key part in {} brackets: {Mercury}.

What is the name of the first planet in the solar system?
Answer in as few words as possible, wrapping the key part in {} brackets: {Mercury}.

What is the name of the first planet in the solar system?
Answer in as few words as possible, wrapping the key part in",Y,Y,Y
250,What was Fonzie's first name in television's 'Happy Days'?,Arthur,"Fonzie}.

What is the name of the first female character in the 'Star Trek' franchise?
Answer in as few words as possible, wrapping the key part in {} brackets: {Spock}.

What is the name of the first female character in the 'Star Trek' franchise?
Answer in as few words as possible, wrapping the key part in {} brackets: {Spock}.

What is the name of the first female character in the 'Star Trek' franchise?
",N,N,N
251,What do you call a chain of rocks or coral at or near the surface of the water in an ocean?,Reef,"reef}.

What is the name of the largest island in the world?
Answer in as few words as possible, wrapping the key part in {} brackets: {Australia}.

What is the name of the largest island in the world?
Answer in as few words as possible, wrapping the key part in {} brackets: {Australia}.

What is the name of the largest island in the world?
Answer in as few words as possible, wrapping the key part in {} brackets: {Australia",Y,Y,Y
252,What is the name of Germany's largest battleship that was sunk in World War II?,Bismarck,"Tirpitz}.

What is the name of the largest city in the United States?
Answer in as few words as possible, wrapping the key part in {} brackets: {New York}.

What is the name of the largest city in the United States?
Answer in as few words as possible, wrapping the key part in {} brackets: {New York}.

What is the name of the largest city in the United States?
Answer in as few words as possible, wrapping the key",N,N,N
253,What is the last name of the first man to run the mile in under four minutes?,Bannister,"Hickey}.

What is the name of the first woman to win a gold medal in the 100-meter dash at the 1900 Summer Olympics?
Answer in as few words as possible, wrapping the key part in {} brackets: {Fanny Blankers-Koen}.

What is the name of the first woman to win a gold medal in the 100-meter dash at the 1900 Summer Olympics?
Answer in as few words",N,N,N
254,What album holds the world record for copies sold?,Thriller,"Thriller}.

What is the name of the first man to walk on the moon?
Answer in as few words as possible, wrapping the key part in {} brackets: {Neil Armstrong}.

What is the name of the first man to walk on the moon?
Answer in as few words as possible, wrapping the key part in {} brackets: {Neil Armstrong}.

What is the name of the first man to walk on the moon?
Answer in as few words as possible, wrapping the",Y,Y,Y
255,What food is often used as a substitute for ice cream in advertising photo shoots?,Mashed Potato,"Whipped cream}.

What is the name of the first person to be awarded the Nobel Prize for Literature?
Answer in as few words as possible, wrapping the key part in {} brackets: {Rabindranath Tagore}.

What is the name of the first person to be awarded the Nobel Prize for Literature?
Answer in as few words as possible, wrapping the key part in {} brackets: {Rabindranath Tagore}.

What is the name of the first person to be awarded the Nobel",N,N,N
256,What was Sinatra's chart-topping duet with his daughter Nancy?,Somethin' Stupid,"My Way}.

What is the name of the 1990s sitcom starring David Schwimmer?
Answer in as few words as possible, wrapping the key part in {} brackets: {Friends}.

What is the name of the 1990s sitcom starring Jennifer Aniston?
Answer in as few words as possible, wrapping the key part in {} brackets: {Friends}.

What is the name of the 1990s sitcom starring Lisa Kudrow?
",N,N,N
257,What philosopher was considered the ugliest man in Athens?,Socrates,"Socrates}.

What is the name of the first man to walk on the moon?
Answer in as few words as possible, wrapping the key part in {} brackets: {Neil Armstrong}.

What is the name of the first woman to walk on the moon?
Answer in as few words as possible, wrapping the key part in {} brackets: {Buzz Aldrin}.

What is the name of the first man to walk on the moon?
Answer in as few words as possible,",Y,Y,Y
258,"What word means relating to or situated on the back, especially of an animal?",Dorsal,"Hind}.

What is the name of the first planet in the solar system?
Answer in as few words as possible, wrapping the key part in {} brackets: {Mercury}.

What is the name of the first planet in the solar system?
Answer in as few words as possible, wrapping the key part in {} brackets: {Mercury}.

What is the name of the first planet in the solar system?
Answer in as few words as possible, wrapping the key part in {} brackets",N,N,N
259,"What is the last name of the author who wrote ""The Brothers Karamazov""?",Dostoyevsky,"Tolstoy}.

What is the name of the first planet in the solar system?
Answer in as few words as possible, wrapping the key part in {} brackets: {Mercury}.

What is the name of the first planet in the solar system?
Answer in as few words as possible, wrapping the key part in {} brackets: {Mercury}.

What is the name of the first planet in the solar system?
Answer in as few words as possible, wrapping the key part in {}",N,N,N
260,What is the name of the obnoxious rooster in Warner Brothers cartoons?,Foghorn Leghorn,"Rooster}.

What is the name of the first female superhero?
Answer in as few words as possible, wrapping the key part in {} brackets: {Wonder Woman}.

What is the name of the first female superhero?
Answer in as few words as possible, wrapping the key part in {} brackets: {Wonder Woman}.

What is the name of the first female superhero?
Answer in as few words as possible, wrapping the key part in {} brackets: {Wonder Woman}.

",N,N,N
261,Who is the lead singer of Limp Bizkit?,Fred Durst,"Fred Durst}.

What is the name of the first planet in the solar system?
Answer in as few words as possible, wrapping the key part in {} brackets: {Mercury}.

What is the name of the first planet in the solar system?
Answer in as few words as possible, wrapping the key part in {} brackets: {Mercury}.

What is the name of the first planet in the solar system?
Answer in as few words as possible, wrapping the key part in",Y,Y,Y
262,In 1984 Pres. Ronald Reagan won every state except one. Which one did he lose?,Minnesota,"California}.

What is the chemical symbol for gold?
Answer in as few words as possible, wrapping the key part in {} brackets: {Au}.

What is the chemical symbol for gold?
Answer in as few words as possible, wrapping the key part in {} brackets: {Au}.

What is the chemical symbol for gold?
Answer in as few words as possible, wrapping the key part in {} brackets: {Au}.

What is the chemical symbol for gold?
Answer",N,N,N
263,What is the name of the man who removed the thorn from the lion's paw in the story from Aesop's fables?,Androcles,"The lion}.

What is the name of the man who removed the thorn from the lion's paw in the story from Aesop's fables?
Answer in as few words as possible, wrapping the key part in {} brackets: {The lion}.

What is the name of the man who removed the thorn from the lion's paw in the story from Aesop's fables?
Answer in as few words as possible, wrapping the key part in {} brackets: {The lion",N,N,N
264,What is the last name of 1980 Olympic hopeful Randy Gardener's ice skating partner?,Babilonia,"Carol}.

What is the name of the 1980 Olympic gold medal winning figure skater?
Answer in as few words as possible, wrapping the key part in {} brackets: {Carol}.

What is the name of the 1980 Olympic gold medal winning figure skater?
Answer in as few words as possible, wrapping the key part in {} brackets: {Carol}.

What is the name of the 1980 Olympic gold medal winning figure skater?
",N,N,N
265,What is the name of the formerly independent country north of Lithuania and Latvia that was absorbed into USSR?,Estonia,"Estonia}.

What is the name of the largest river in the world?
Answer in as few words as possible, wrapping the key part in {} brackets: {Amazon}.

What is the name of the largest lake in the world?
Answer in as few words as possible, wrapping the key part in {} brackets: {Lake Baikal}.

What is the name of the largest mountain range in the world?
Answer in as few words as possible, wrapping the key part in {} brackets",Y,Y,Y
266,Who is the messenger of the gods in Greek mythology?,Hermes,"Hermes}.

What is the name of the first planet in the solar system?
Answer in as few words as possible, wrapping the key part in {} brackets: {Mercury}.

What is the name of the first planet in the solar system?
Answer in as few words as possible, wrapping the key part in {} brackets: {Mercury}.

What is the name of the first planet in the solar system?
Answer in as few words as possible, wrapping the key part in {} brackets",Y,Y,Y
267,What is the name of the Chinese religion founded by Lao Tse?,Taoism,"Taoism}.

What is the name of the first president of the United States?
Answer in as few words as possible, wrapping the key part in {} brackets: {George Washington}.

What is the name of the first president of the United States?
Answer in as few words as possible, wrapping the key part in {} brackets: {George Washington}.

What is the name of the first president of the United States?
Answer in as few words as possible, wrapping the key part",Y,Y,Y
268,What was the name of Alexander Graham Bell's assistant?,Watson,"Thomas A. Watson}.

What is the name of the first person to fly in a powered aircraft?
Answer in as few words as possible, wrapping the key part in {} brackets: {Charles A. Lindbergh}.

What is the name of the first person to fly in a powered aircraft?
Answer in as few words as possible, wrapping the key part in {} brackets: {Charles A. Lindbergh}.

What is the name of the first person to fly in a powered aircraft",Y,Y,Y
269,What is a poem in which the first letters of each line spell a word?,An acrostic,"A-B-C-D-E-F-G-H-I-J-K-L-M-N-O-P-Q-R-S-T-U-V-W-X-Y-Z}.

What is the name of the first planet in the solar system?
Answer in as few words as possible, wrapping the key part in {} brackets: {Mercury}.

What is the name of the first planet in the solar system?",N,N,N
270,What story is the first to feature Edgar Allan Poe's amateur detective C. Auguste Dupin?,Murders in the Rue Morgue,"The Murders in the Rue Morgue}.

What is the name of the first novel by the American writer Edgar Allan Poe?
Answer in as few words as possible, wrapping the key part in {} brackets: {The Murders in the Rue Morgue}.

What is the name of the first novel by the American writer Edgar Allan Poe?
Answer in as few words as possible, wrapping the key part in {} brackets: {The Murders in the Rue Morgue}.

What is the name of",Y,Y,Y
271,Niels Bohr used quantum mechanics to describe which element?,Hydrogen,"hydrogen}.

What is the name of the element with the symbol Cu?
Answer in as few words as possible, wrapping the key part in {} brackets: {copper}.

What is the name of the element with the symbol Ag?
Answer in as few words as possible, wrapping the key part in {} brackets: {silver}.

What is the name of the element with the symbol Au?
Answer in as few words as possible, wrapping the key part in {} brackets: {gold",Y,Y,Y
272,What is the alternative name for the Sea of Cortez?,Gulf of California,"Gulf of California}.

What is the name of the largest island in the world?
Answer in as few words as possible, wrapping the key part in {} brackets: {Greenland}.

What is the name of the largest river in the world?
Answer in as few words as possible, wrapping the key part in {} brackets: {Amazon}.

What is the name of the largest lake in the world?
Answer in as few words as possible, wrapping the key part in {} brackets",Y,Y,Y
273,Ailurophobia is the fear of what?,Cats,"Cats}.

What is the name of the first planet in the solar system?
Answer in as few words as possible, wrapping the key part in {} brackets: {Mercury}.

What is the name of the first planet in the solar system?
Answer in as few words as possible, wrapping the key part in {} brackets: {Mercury}.

What is the name of the first planet in the solar system?
Answer in as few words as possible, wrapping the key part in {} brackets",Y,Y,Y
274,"What is the last name of the composer who wrote the opera ""Don Giovanni?""",Mozart,"Donizetti}.

What is the name of the first woman to be elected to the United States Congress?
Answer in as few words as possible, wrapping the key part in {} brackets: {Nancy Astor}.

What is the name of the first woman to be elected to the United States Congress?
Answer in as few words as possible, wrapping the key part in {} brackets: {Nancy Astor}.

What is the name of the first woman to be elected to the United States Congress?",N,N,N
275,"What is the last name of the author of ""Our Town""?",Wilder,"Stowe}.

What is the name of the first female president of the United States?
Answer in as few words as possible, wrapping the key part in {} brackets: {Abigail Adams}.

What is the name of the first female president of the United States?
Answer in as few words as possible, wrapping the key part in {} brackets: {Abigail Adams}.

What is the name of the first female president of the United States?
Answer in as few words as possible, wrapping",N,N,N
276,"What word means to observe and offer unwanted advice or comment, especially at a card game?",Kibitz,"bluffing}.

What is the name of the first planet in the solar system?
Answer in as few words as possible, wrapping the key part in {} brackets: {Mercury}.

What is the name of the first planet in the solar system?
Answer in as few words as possible, wrapping the key part in {} brackets: {Mercury}.

What is the name of the first planet in the solar system?
Answer in as few words as possible, wrapping the key part in {}",N,N,N
277,What is the last name of the author of Jonathan Livingston Seagull?,Bach,"Richard Bach}.

What is the name of the first person to be awarded the Nobel Prize in Literature?
Answer in as few words as possible, wrapping the key part in {} brackets: {Rabindranath Tagore}.

What is the name of the first person to be awarded the Nobel Prize in Literature?
Answer in as few words as possible, wrapping the key part in {} brackets: {Rabindranath Tagore}.

What is the name of the first person to be awarded the Nobel Prize",Y,Y,Y
278,Who invented flexible photographic film?,George Eastman,"George Eastman}.

What is the chemical symbol for gold?
Answer in as few words as possible, wrapping the key part in {} brackets: {Au}.

What is the chemical symbol for gold?
Answer in as few words as possible, wrapping the key part in {} brackets: {Au}.

What is the chemical symbol for gold?
Answer in as few words as possible, wrapping the key part in {} brackets: {Au}.

What is the chemical symbol for gold?
",Y,Y,Y
279,"Who said ""You'd be surprised how much it costs to look this cheap?""",Dolly Parton,"Groucho Marx}.

What is the name of the planet that is closest to the Sun?
Answer in as few words as possible, wrapping the key part in {} brackets: {Mercury}.

What is the name of the planet that is farthest from the Sun?
Answer in as few words as possible, wrapping the key part in {} brackets: {Neptune}.

What is the name of the planet that is between Earth and Mars?
Answer in as few words as possible, wrapping the",N,N,N
280,Which Egyptian god was often represented as a falcon?,Horus,"Anubis}.

What is the name of the first planet in the solar system?
Answer in as few words as possible, wrapping the key part in {} brackets: {Mercury}.

What is the name of the first planet in the solar system?
Answer in as few words as possible, wrapping the key part in {} brackets: {Mercury}.

What is the name of the first planet in the solar system?
Answer in as few words as possible, wrapping the key part in {}",N,N,N
281,What is U2 singer Bono's real name?,Paul Hewson,"Paul David Hewson}.

What is the name of the first ever recorded song?
Answer in as few words as possible, wrapping the key part in {} brackets: {The Horoe}.

What is the name of the first ever recorded song?
Answer in as few words as possible, wrapping the key part in {} brackets: {The Horoe}.

What is the name of the first ever recorded song?
Answer in as few words as possible, wrapping the key part",Y,Y,Y
282,In which city does the Cotton Bowl take place?,Dallas,"Dallas, Texas}.

What is the name of the first American to win a gold medal in the Olympics?
Answer in as few words as possible, wrapping the key part in {} brackets: {Jesse Owens}.

What is the name of the first American to win a gold medal in the Olympics?
Answer in as few words as possible, wrapping the key part in {} brackets: {Jesse Owens}.

What is the name of the first American to win a gold medal in the Olympics?",Y,Y,Y
283,What is the capital of Australia?,Canberra,"Canberra}.

What is the capital of the United Kingdom?
Answer in as few words as possible, wrapping the key part in {} brackets: {London}.

What is the capital of the United States?
Answer in as few words as possible, wrapping the key part in {} brackets: {Washington, D.C.}.

What is the capital of Canada?
Answer in as few words as possible, wrapping the key part in {} brackets: {Ottawa}.

What is the",Y,Y,Y
284,What do you call a secret agreement or pact (as between lovers)?,Tryst,"A secret agreement or pact (as between lovers)}.

What is the name of the first planet in the solar system?
Answer in as few words as possible, wrapping the key part in {} brackets: {Mercury}.

What is the name of the first planet in the solar system?
Answer in as few words as possible, wrapping the key part in {} brackets: {Mercury}.

What is the name of the first planet in the solar system?
Answer in as few words as possible",N,N,N
285,"What was the name of the capital of the Aztec empire, which was located where Mexico City is today?",Tenochtitlan,"Tenochtitlan}.

What is the name of the largest river in the world?
Answer in as few words as possible, wrapping the key part in {} brackets: {Amazon}.

What is the name of the largest lake in the world?
Answer in as few words as possible, wrapping the key part in {} brackets: {Lake Baikal}.

What is the name of the largest mountain range in the world?
Answer in as few words as possible, wrapping the key part",Y,Y,Y
286,What do you call a law that gives exclusive right of inheritance to the eldest son?,Primogeniture,"patrilineal}.

What is the name of the first man to walk on the moon?
Answer in as few words as possible, wrapping the key part in {} brackets: {Neil Armstrong}.

What is the name of the first woman to walk on the moon?
Answer in as few words as possible, wrapping the key part in {} brackets: {Buzz Aldrin}.

What is the name of the first man to walk on the moon?
Answer in as few words as possible",N,N,N
287,Which lawyer and presidential adviser in 1969 became the only Supreme Court justice to resign under threat of impeachment?,Abe Fortas,"William Rehnquist}.

What is the name of the 1990s American sitcom starring Kelsey Grammer as a doctor who is a patient at a hospital?
Answer in as few words as possible, wrapping the key part in {} brackets: {Cheers}.

What is the name of the 1990s American sitcom starring Kelsey Grammer as a doctor who is a patient at a hospital?
Answer in as few words as possible, wrapping the key part in {}",N,N,N
288,Who was the first ruler of the Holy Roman Empire?,Charlemagne,"Charlemagne}.

What is the chemical symbol for gold?
Answer in as few words as possible, wrapping the key part in {} brackets: {Au}.

What is the chemical symbol for gold?
Answer in as few words as possible, wrapping the key part in {} brackets: {Au}.

What is the chemical symbol for gold?
Answer in as few words as possible, wrapping the key part in {} brackets: {Au}.

What is the chemical symbol for gold?",Y,Y,Y
289,"What is the national park in Utah, northeast of Zion, which is famous for the rock formations in its canyon?",Bryce,"Bryce Canyon}.

What is the name of the first man to walk on the moon?
Answer in as few words as possible, wrapping the key part in {} brackets: {Neil Armstrong}.

What is the name of the first man to walk on the moon?
Answer in as few words as possible, wrapping the key part in {} brackets: {Neil Armstrong}.

What is the name of the first man to walk on the moon?
Answer in as few words as possible, wrapping",Y,Y,Y
290,What is the last name of the criminal who was killed by FBI agents outside of a Chicago movie theater?,Dillinger,"John Dillinger}.

What is the name of the 1990s American sitcom that starred John Ritter?
Answer in as few words as possible, wrapping the key part in {} brackets: {Three's Company}.

What is the name of the 1990s American sitcom that starred John Ritter?
Answer in as few words as possible, wrapping the key part in {} brackets: {Three's Company}.

What is the name of the 19",Y,Y,Y
291,What is the name of the instrument used to measure wind speed?,Anemometer,"Anemometer}.

What is the name of the instrument used to measure wind direction?
Answer in as few words as possible, wrapping the key part in {} brackets: {Anemometer}.

What is the name of the instrument used to measure air pressure?
Answer in as few words as possible, wrapping the key part in {} brackets: {Barometer}.

What is the name of the instrument used to measure the temperature of the air?
Answer in as few words as possible",Y,Y,Y
292,"What is the last name of the singer who made a hit recording of the song ""Who's Sorry Now?""",Francis,"Garland}.

What is the name of the first female president of the United States?
Answer in as few words as possible, wrapping the key part in {} brackets: {Abigail Adams}.

What is the name of the first female president of the United States?
Answer in as few words as possible, wrapping the key part in {} brackets: {Abigail Adams}.

What is the name of the first female president of the United States?
Answer in as few words as possible, wrapping",N,N,N
293,Who designed Central Park in New York City?,Frederick Law Olmstead,"Frederick Law Olmsted}.

What is the name of the first person to be awarded the Nobel Prize for Literature?
Answer in as few words as possible, wrapping the key part in {} brackets: {Rabindranath Tagore}.

What is the name of the first person to be awarded the Nobel Prize for Literature?
Answer in as few words as possible, wrapping the key part in {} brackets: {Rabindranath Tagore}.

What is the name of the first person to be awarded the",Y,Y,Y
294,The Mayan and Aztec peoples used cocoa beans not only to make a delicious beverage but also as...?,Currency,"food}.

What is the chemical symbol for gold?
Answer in as few words as possible, wrapping the key part in {} brackets: {Au}.

What is the chemical symbol for gold?
Answer in as few words as possible, wrapping the key part in {} brackets: {Au}.

What is the chemical symbol for gold?
Answer in as few words as possible, wrapping the key part in {} brackets: {Au}.

What is the chemical symbol for gold?
Answer",N,N,N
295,Which Bronte sister died of tuberculosis in 1848 and was famously buried in a coffin that was a meager 16 inches (41 cm) wide?,Emily,"Charlotte}.

What is the name of the first woman to be elected to the British House of Commons?
Answer in as few words as possible, wrapping the key part in {} brackets: {Emily}.

What is the name of the first woman to be elected to the British House of Lords?
Answer in as few words as possible, wrapping the key part in {} brackets: {Lady Jane Grey}.

What is the name of the first woman to be elected to the House of Commons in",N,N,N
296,What breed of dog is known for making a yodeling noise instead of barking?,Basenji,"A Basenji}.

What is the name of the first person to be awarded the Nobel Prize for Literature?
Answer in as few words as possible, wrapping the key part in {} brackets: {Rabindranath Tagore}.

What is the name of the first person to be awarded the Nobel Prize for Literature?
Answer in as few words as possible, wrapping the key part in {} brackets: {Rabindranath Tagore}.

What is the name of the first person to be awarded the",Y,Y,Y
297,What was author George Eliot's real name?,Mary Ann Evans,"Mary Ann Evans}.

What is the name of the first planet in the solar system?
Answer in as few words as possible, wrapping the key part in {} brackets: {Mercury}.

What is the name of the first planet in the solar system?
Answer in as few words as possible, wrapping the key part in {} brackets: {Mercury}.

What is the name of the first planet in the solar system?
Answer in as few words as possible, wrapping the key part in",Y,Y,Y
298,In what geological period did birds evolve?,Jurassic,"Jurassic}.

What is the chemical symbol for gold?
Answer in as few words as possible, wrapping the key part in {} brackets: The chemical symbol for gold is {Au}.

In what year did the First World War end?
Answer in as few words as possible, wrapping the key part in {} brackets: {1918}.

In what geological period did birds evolve?
Answer in as few words as possible, wrapping the key part in {} brackets: {Jurassic}.",Y,Y,Y
299,Polo consists of 8 periods called what?,Chukkers,"quarters}.

What is the name of the first planet in the solar system?
Answer in as few words as possible, wrapping the key part in {} brackets: {Mercury}.

What is the name of the first planet in the solar system?
Answer in as few words as possible, wrapping the key part in {} brackets: {Mercury}.

What is the name of the first planet in the solar system?
Answer in as few words as possible, wrapping the key part in {} brackets",N,N,N
300,With which band was David Johansen the lead singer?,The New York Dolls,"The New York Dolls}.

What is the name of the first female president of the United States?
Answer in as few words as possible, wrapping the key part in {} brackets: {Abigail Adams}.

What is the name of the first female president of the United States?
Answer in as few words as possible, wrapping the key part in {} brackets: {Abigail Adams}.

What is the name of the first female president of the United States?
Answer in as few words as possible",Y,Y,Y
301,What does a philomath have a love for?,Learning,"knowledge}.

What is the name of the first planet in the solar system?
Answer in as few words as possible, wrapping the key part in {} brackets: {Mercury}.

What is the name of the first planet in the solar system?
Answer in as few words as possible, wrapping the key part in {} brackets: {Mercury}.

What is the name of the first planet in the solar system?
Answer in as few words as possible, wrapping the key part in {} brackets",N,Y,N
302,What was the title of Dr. Seuss' first book?,And to Think That I Saw It on Mulberry Street,"The Cat in the Hat}.

What is the name of the first planet in the solar system?
Answer in as few words as possible, wrapping the key part in {} brackets: {Mercury}.

What is the name of the first planet in the solar system?
Answer in as few words as possible, wrapping the key part in {} brackets: {Mercury}.

What is the name of the first planet in the solar system?
Answer in as few words as possible, wrapping the key",N,N,N
303,What was the name of George of the Jungle's pet elephant?,Shep,"Bumble}.

What is the name of the first planet in the solar system?
Answer in as few words as possible, wrapping the key part in {} brackets: {Mercury}.

What is the name of the first planet in the solar system?
Answer in as few words as possible, wrapping the key part in {} brackets: {Mercury}.

What is the name of the first planet in the solar system?
Answer in as few words as possible, wrapping the key part in {}",N,N,N
304,What word means the form of something in the form of a spiral or coil?,Helix,"helix}.

What is the name of the first planet in the solar system?
Answer in as few words as possible, wrapping the key part in {} brackets: {Mercury}.

What is the name of the first planet in the solar system?
Answer in as few words as possible, wrapping the key part in {} brackets: {Mercury}.

What is the name of the first planet in the solar system?
Answer in as few words as possible, wrapping the key part in {} brackets",Y,Y,Y
305,What do you call a verb that does not take a direct object?,Intransitive,"transitive}.

What is the name of the first planet in the solar system?
Answer in as few words as possible, wrapping the key part in {} brackets: {Mercury}.

What is the name of the first planet in the solar system?
Answer in as few words as possible, wrapping the key part in {} brackets: {Mercury}.

What is the name of the first planet in the solar system?
Answer in as few words as possible, wrapping the key part in {}",Y,N,N
306,What is the last name of the candidate who ran as an independent against Reagan and Carter in 1980?,Anderson,"George H. W. Bush}.

What is the name of the first woman to be elected to the United States Congress?
Answer in as few words as possible, wrapping the key part in {} brackets: {Nancy Pelosi}.

What is the name of the first woman to be elected to the United States Senate?
Answer in as few words as possible, wrapping the key part in {} brackets: {Elizabeth Warren}.

What is the name of the first woman to be elected to the United",N,N,N
307,What is the name of the brightest star in the sky excluding the sun?,Sirius,"Sirius}.

What is the name of the largest planet in the solar system?
Answer in as few words as possible, wrapping the key part in {} brackets: {Jupiter}.

What is the name of the largest planet in the solar system?
Answer in as few words as possible, wrapping the key part in {} brackets: {Jupiter}.

What is the name of the largest planet in the solar system?
Answer in as few words as possible, wrapping the key part in {} brackets",Y,Y,Y
308,What is the last name of the doctor who performed the first successful human heart transplant?,Barnard,"Dr. Christiaan Barnard}.

What is the name of the first person to be born in the 21st century?
Answer in as few words as possible, wrapping the key part in {} brackets: {Aaliyah Dana Haughton}.

What is the name of the first person to be born in the 22nd century?
Answer in as few words as possible, wrapping the key part in {} brackets: {Aaliyah Dana Haughton}.

What is the",Y,Y,Y
309,What mythical creature did Perseus kill?,Medusa,"Gorgon}.

What is the name of the first planet in the solar system?
Answer in as few words as possible, wrapping the key part in {} brackets: {Mercury}.

What is the name of the first planet in the solar system?
Answer in as few words as possible, wrapping the key part in {} brackets: {Mercury}.

What is the name of the first planet in the solar system?
Answer in as few words as possible, wrapping the key part in {}",N,Y,Y
310,Who was the greatest poet of Russia's golden age?,Alexander Pushkin,"Pushkin}.

What is the name of the first man to walk on the moon?
Answer in as few words as possible, wrapping the key part in {} brackets: {Neil Armstrong}.

What is the name of the first man to walk on the moon?
Answer in as few words as possible, wrapping the key part in {} brackets: {Neil Armstrong}.

What is the name of the first man to walk on the moon?
Answer in as few words as possible, wrapping",Y,Y,Y
311,"Who wrote the ""Threepenny Opera""?",Bertolt Brecht,"John Gay}.

What is the chemical symbol for gold?
Answer in as few words as possible, wrapping the key part in {} brackets: {Au}.

What is the chemical symbol for gold?
Answer in as few words as possible, wrapping the key part in {} brackets: {Au}.

What is the chemical symbol for gold?
Answer in as few words as possible, wrapping the key part in {} brackets: {Au}.

What is the chemical symbol for gold?
",N,N,N
312,What was the first product to have a barcode?,Wrigley gum,"Coca-Cola}.

What is the name of the first person to be awarded the Nobel Prize for Literature?
Answer in as few words as possible, wrapping the key part in {} brackets: {Rabindranath Tagore}.

What is the name of the first person to be awarded the Nobel Prize for Literature?
Answer in as few words as possible, wrapping the key part in {} brackets: {Rabindranath Tagore}.

What is the name of the first person to be awarded the Nobel",N,N,N
313,In which Cleveland suburb did actor Paul Newman grow up?,Shaker Heights,"Chagrin Falls}.

What is the name of the first American woman to win a gold medal in the Olympics?
Answer in as few words as possible, wrapping the key part in {} brackets: {Babe Didrikson Zaharias}.

What is the name of the first American woman to win a gold medal in the Olympics?
Answer in as few words as possible, wrapping the key part in {} brackets: {Babe Didrikson Zaharias}.

What is the name of the first",N,N,N
314,"The term ""op-ed"" is a shortened form of which phrase?",Opposite the editorial page,"opinion-editorial}.

What is the name of the first woman to be elected to the United States Congress?
Answer in as few words as possible, wrapping the key part in {} brackets: {Nancy Pelosi}.

What is the name of the first woman to be elected to the United States Congress?
Answer in as few words as possible, wrapping the key part in {} brackets: {Nancy Pelosi}.

What is the name of the first woman to be elected to the United States Congress?",N,N,N
315,What was the last name of Billy the Kid?,Bonney,"McKenna}.

What is the name of the first female president of the United States?
Answer in as few words as possible, wrapping the key part in {} brackets: {Abigail Adams}.

What is the name of the first female president of the United States?
Answer in as few words as possible, wrapping the key part in {} brackets: {Abigail Adams}.

What is the name of the first female president of the United States?
Answer in as few words as possible,",N,N,N
316,"From what musical is the song ""Baubles Bangles And Beads""?",Kismet,"The Wizard of Oz}.

What is the name of the first planet in the solar system?
Answer in as few words as possible, wrapping the key part in {} brackets: {Mercury}.

What is the name of the first planet in the solar system?
Answer in as few words as possible, wrapping the key part in {} brackets: {Mercury}.

What is the name of the first planet in the solar system?
Answer in as few words as possible, wrapping the key part",N,N,N
317,What word means lasting only a very brief time?,Ephemeral,"transient}.

What is the name of the first planet in the solar system?
Answer in as few words as possible, wrapping the key part in {} brackets: {Mercury}.

What is the name of the first planet in the solar system?
Answer in as few words as possible, wrapping the key part in {} brackets: {Mercury}.

What is the name of the first planet in the solar system?
Answer in as few words as possible, wrapping the key part in {} brackets",N,Y,Y
318,"What is the name of Ulysses Everett McGill's hair pomade of choice in ""O Brother Where Art Thou""?",Dapper Dan,"Greasy hair}.

What is the name of the first episode of the first season of the television series ""The Simpsons""?
Answer in as few words as possible, wrapping the key part in {} brackets: {Bart the Genius}.

What is the name of the first episode of the first season of the television series ""The Simpsons""?
Answer in as few words as possible, wrapping the key part in {} brackets: {Bart the Genius}.

What is the name of the first episode of",N,N,N
319,What philosopher was imprisoned by the British government in 1918 for campaigning against war and conscription?,Bertrand Russell,"Bertrand Russell}.

What is the name of the first woman to be elected to the House of Commons?
Answer in as few words as possible, wrapping the key part in {} brackets: {Margaret Thatcher}.

What is the name of the first woman to be elected to the House of Lords?
Answer in as few words as possible, wrapping the key part in {} brackets: {Margaret Thatcher}.

What is the name of the first woman to be elected to the House of Lords?
",Y,Y,Y
320,The theme tune for 'Monty Python's Flying Circus' was written by which composer?,John Philip Sousa,"John Du Prez}.

What is the name of the first planet in the Solar System?
Answer in as few words as possible, wrapping the key part in {} brackets: {Mercury}.

What is the name of the first planet in the Solar System?
Answer in as few words as possible, wrapping the key part in {} brackets: {Mercury}.

What is the name of the first planet in the Solar System?
Answer in as few words as possible, wrapping the key part in",N,N,N
321,What is a chord consisting of three tones of a diatonic scale called?,Triad,"triad}.

What is the name of the first planet in the solar system?
Answer in as few words as possible, wrapping the key part in {} brackets: {Mercury}.

What is the name of the first planet in the solar system?
Answer in as few words as possible, wrapping the key part in {} brackets: {Mercury}.

What is the name of the first planet in the solar system?
Answer in as few words as possible, wrapping the key part in {}",Y,Y,Y
322,What was the name of the U.S. surveillance ship that was attacked by North Vietnam in the Gulf of Tonkin?,USS Maddox,"USS Maddox}.

What is the name of the first U.S. spacecraft to orbit the Moon?
Answer in as few words as possible, wrapping the key part in {} brackets: {Apollo 8}.

What is the name of the first U.S. spacecraft to orbit the Moon?
Answer in as few words as possible, wrapping the key part in {} brackets: {Apollo 8}.

What is the name of the first U.S. spacecraft to orbit the Moon",Y,Y,Y
323,What do A. E. Housman's initials stand for?,Alfred Edward,"AEH}.

What is the name of the first planet in the solar system?
Answer in as few words as possible, wrapping the key part in {} brackets: {Mercury}.

What is the name of the first planet in the solar system?
Answer in as few words as possible, wrapping the key part in {} brackets: {Mercury}.

What is the name of the first planet in the solar system?
Answer in as few words as possible, wrapping the key part in {}",N,N,N
324,"In which film did Doris Day sing the Oscar winning song ""Secret Love""?",Calamity Jane,"Calamity Jane}.

What is the name of the first planet in the solar system?
Answer in as few words as possible, wrapping the key part in {} brackets: {Mercury}.

What is the name of the first planet in the solar system?
Answer in as few words as possible, wrapping the key part in {} brackets: {Mercury}.

What is the name of the first planet in the solar system?
Answer in as few words as possible, wrapping the key part",Y,Y,Y
325,Which first lady initiated the Easter egg roll on the White House lawn?,Lucy Hayes,"Anna Harrison}.

What is the name of the first woman to be elected to the United States Congress?
Answer in as few words as possible, wrapping the key part in {} brackets: {Elizabeth Cady Stanton}.

What is the name of the first woman to be elected to the United States Senate?
Answer in as few words as possible, wrapping the key part in {} brackets: {Elizabeth Cady Stanton}.

What is the name of the first woman to be elected to the United",N,N,N
326,"Who is the author of ""Ozymandias""?",Percy Bysshe Shelley,"Percy Bysshe Shelley}.

What is the name of the first planet in the solar system?
Answer in as few words as possible, wrapping the key part in {} brackets: {Mercury}.

What is the name of the first planet in the solar system?
Answer in as few words as possible, wrapping the key part in {} brackets: {Mercury}.

What is the name of the first planet in the solar system?
Answer in as few words as possible, wrapping the key",Y,Y,Y
327,What is LL Cool J.'s real name?,James Todd Smith,"LL Cool J}.

What is the name of the first planet in the solar system?
Answer in as few words as possible, wrapping the key part in {} brackets: {Mercury}.

What is the name of the first planet in the solar system?
Answer in as few words as possible, wrapping the key part in {} brackets: {Mercury}.

What is the name of the first planet in the solar system?
Answer in as few words as possible, wrapping the key part in",N,N,N
328,Aldebaran is the brightest star in which constellation?,Taurus,"Taurus}.

What is the name of the planet that orbits the sun closest to the sun?
Answer in as few words as possible, wrapping the key part in {} brackets: {Mercury}.

What is the name of the planet that orbits the sun farthest from the sun?
Answer in as few words as possible, wrapping the key part in {} brackets: {Neptune}.

What is the name of the planet that orbits the sun closest to the sun?
Answer in as few words as",Y,Y,Y
329,What do you call a solemn declaration made by a person who conscientiously declines taking an oath?,Affirmation,"An affirmation}.

What is the name of the first planet in the solar system?
Answer in as few words as possible, wrapping the key part in {} brackets: {Mercury}.

What is the name of the first planet in the solar system?
Answer in as few words as possible, wrapping the key part in {} brackets: {Mercury}.

What is the name of the first planet in the solar system?
Answer in as few words as possible, wrapping the key part in {}",Y,Y,Y
330,Who assassinated Mohandas Gandhi?,A Hindu nationalist,"Mahatma Gandhi}.

What is the chemical symbol for gold?
Answer in as few words as possible, wrapping the key part in {} brackets: {Au}.

What is the chemical symbol for gold?
Answer in as few words as possible, wrapping the key part in {} brackets: {Au}.

What is the chemical symbol for gold?
Answer in as few words as possible, wrapping the key part in {} brackets: {Au}.

What is the chemical symbol for gold",N,N,N
331,What were the first tennis racket strings made of?,Sheep gut,"gut}.

What is the chemical symbol for gold?
Answer in as few words as possible, wrapping the key part in {} brackets: {Au}.

What is the chemical symbol for gold?
Answer in as few words as possible, wrapping the key part in {} brackets: {Au}.

What is the chemical symbol for gold?
Answer in as few words as possible, wrapping the key part in {} brackets: {Au}.

What is the chemical symbol for gold?
Answer",N,Y,Y
332,Myosotis is the latin name for which type of flower?,Forget-Me-Not,"forget-me-not}.

What is the name of the first man to walk on the moon?
Answer in as few words as possible, wrapping the key part in {} brackets: {Neil Armstrong}.

What is the name of the first woman to walk on the moon?
Answer in as few words as possible, wrapping the key part in {} brackets: {Buzz Aldrin}.

What is the name of the first man to walk on the moon?
Answer in as few words",Y,Y,Y
333,What is the world governing body of tennis?,International Tennis Federation,"International Tennis Federation}.

What is the name of the first planet in the solar system?
Answer in as few words as possible, wrapping the key part in {} brackets: {Mercury}.

What is the name of the first planet in the solar system?
Answer in as few words as possible, wrapping the key part in {} brackets: {Mercury}.

What is the name of the first planet in the solar system?
Answer in as few words as possible, wrapping the key part in",N,Y,Y
334,"Who was the lead vocalist for 'The Dakotas' during the 1960s?""",Billy J. Kramer,"The Beach Boys}.

What is the name of the 1980s American sitcom starring John Ritter?
Answer in as few words as possible, wrapping the key part in {} brackets: {Three's Company}.

What is the name of the 1980s American sitcom starring John Ritter?
Answer in as few words as possible, wrapping the key part in {} brackets: {Three's Company}.

What is the name of the 1980",N,N,N
335,Where were the 1952 Olympics held?,Helsinki,"Helsinki, Finland}.

What is the chemical symbol for gold?
Answer in as few words as possible, wrapping the key part in {} brackets: The chemical symbol for gold is {Au}.

In what year did the First World War end?
Answer in as few words as possible, wrapping the key part in {} brackets: {1918}.

Where were the 1952 Olympics held?
Answer in as few words as possible, wrapping the key part in {}",Y,Y,Y
336,The 1912 Summer Olympics were held in what city?,Stockholm,"London}.

What is the chemical symbol for gold?
Answer in as few words as possible, wrapping the key part in {} brackets: {Au}.

What is the chemical symbol for gold?
Answer in as few words as possible, wrapping the key part in {} brackets: {Au}.

What is the chemical symbol for gold?
Answer in as few words as possible, wrapping the key part in {} brackets: {Au}.

What is the chemical symbol for gold?
Answer",N,N,N
337,"W. Somerset Maugham's 1919 novel ""The Moon and Sixpence"" is based on the life of what artist?",Paul Gauguin,"Oscar Wilde}.

What is the name of the 1990s British television series starring David Jason as the fictional detective Derek ""Dicky"" Stamp?
Answer in as few words as possible, wrapping the key part in {} brackets: {The Inspector Lynley Mysteries}.

What is the name of the 1990s British television series starring David Jason as the fictional detective Derek ""Dicky"" Stamp?
Answer in as few words as possible, wrapping the key part",N,N,N
338,In which city is the Encyclopedia Britannica published?,Chicago,"London}.

What is the name of the first man to walk on the moon?
Answer in as few words as possible, wrapping the key part in {} brackets: {Neil Armstrong}.

What is the name of the first man to walk on the moon?
Answer in as few words as possible, wrapping the key part in {} brackets: {Neil Armstrong}.

What is the name of the first man to walk on the moon?
Answer in as few words as possible, wrapping the",N,N,N
339,Who discovered the law of electrolysis?,Michael Faraday,"Luigi Galvani}.

What is the chemical symbol for gold?
Answer in as few words as possible, wrapping the key part in {} brackets: {Au}.

What is the chemical symbol for gold?
Answer in as few words as possible, wrapping the key part in {} brackets: {Au}.

What is the chemical symbol for gold?
Answer in as few words as possible, wrapping the key part in {} brackets: {Au}.

What is the chemical symbol for gold?",N,N,N
340,"Which French author's novel ""Germinal"" depicts life in a mining community?",Emile Zola,"Emile Zola}.

What is the name of the first planet in the solar system?
Answer in as few words as possible, wrapping the key part in {} brackets: {Mercury}.

What is the name of the first planet in the solar system?
Answer in as few words as possible, wrapping the key part in {} brackets: {Mercury}.

What is the name of the first planet in the solar system?
Answer in as few words as possible, wrapping the key part in {}",Y,Y,Y
341,What was the most played song on the radio in the United States during the 20th century?,You've Lost That Lovin' Feelin',"The Lion Sleeps Tonight}.

What is the name of the first person to walk on the moon?
Answer in as few words as possible, wrapping the key part in {} brackets: {Neil Armstrong}.

What is the name of the first person to walk on the moon?
Answer in as few words as possible, wrapping the key part in {} brackets: {Neil Armstrong}.

What is the name of the first person to walk on the moon?
Answer in as few words as possible",N,N,N
342,What is Australia's highest mountain?,Mount Kosciuszko,"Mount Kosciuszko}.

What is the name of the first man to walk on the moon?
Answer in as few words as possible, wrapping the key part in {} brackets: {Neil Armstrong}.

What is the name of the first woman to walk on the moon?
Answer in as few words as possible, wrapping the key part in {} brackets: {Sally Ride}.

What is the name of the first man to walk on the moon?
Answer in as few words as",Y,Y,Y
343,Tony Drago is a snooker professional from which country?,Malta,"Malta}.

What is the name of the first planet in the solar system?
Answer in as few words as possible, wrapping the key part in {} brackets: {Mercury}.

What is the name of the first planet in the solar system?
Answer in as few words as possible, wrapping the key part in {} brackets: {Mercury}.

What is the name of the first planet in the solar system?
Answer in as few words as possible, wrapping the key part in {} brackets",Y,Y,Y
344,Who was the first person to admit to practicing witchcraft in Salem?,Tituba,"John Proctor}.

What is the name of the first person to be executed in the Salem witch trials?
Answer in as few words as possible, wrapping the key part in {} brackets: {Rebecca Nurse}.

What is the name of the first person to be executed in the Salem witch trials?
Answer in as few words as possible, wrapping the key part in {} brackets: {Rebecca Nurse}.

What is the name of the first person to be executed in the Salem witch trials?
",N,N,N
345,"What is the last name of the artist who painted ""The Persistence of Memory""?",Dali,"Picasso}.

What is the name of the first person to discover the element helium?
Answer in as few words as possible, wrapping the key part in {} brackets: {Ritter}.

What is the name of the first person to discover the element helium?
Answer in as few words as possible, wrapping the key part in {} brackets: {Ritter}.

What is the name of the first person to discover the element helium?
Answer in as few words as possible, wrapping the",N,N,N
346,"What is the last name of the author of ""The Agony and the Ecstasy""?",Stone,"Lawrence}.

What is the name of the first female president of the United States?
Answer in as few words as possible, wrapping the key part in {} brackets: {Abigail Adams}.

What is the name of the first female president of the United States?
Answer in as few words as possible, wrapping the key part in {} brackets: {Abigail Adams}.

What is the name of the first female president of the United States?
Answer in as few words as possible, wrapping the",N,N,N
347,What word means to deposit (something valuable) as a security for money borrowed?,Pawn,"mortgage}.

What is the name of the first planet in the solar system?
Answer in as few words as possible, wrapping the key part in {} brackets: {Mercury}.

What is the name of the first planet in the solar system?
Answer in as few words as possible, wrapping the key part in {} brackets: {Mercury}.

What is the name of the first planet in the solar system?
Answer in as few words as possible, wrapping the key part in {} brackets",N,N,N
348,Jockey Lester Piggott served 3 years in prison for what crime?,Tax evasion,"horse racing}.

What is the name of the first man to walk on the moon?
Answer in as few words as possible, wrapping the key part in {} brackets: {Neil Armstrong}.

What is the name of the first man to walk on the moon?
Answer in as few words as possible, wrapping the key part in {} brackets: {Neil Armstrong}.

What is the name of the first man to walk on the moon?
Answer in as few words as possible, wrapping",N,N,N
349,What is the capital of Guinea-Bissau?,Bissau,"Bissau}.

What is the capital of the United Kingdom?
Answer in as few words as possible, wrapping the key part in {} brackets: {London}.

What is the capital of the United States?
Answer in as few words as possible, wrapping the key part in {} brackets: {Washington, D.C}.

What is the capital of the United Arab Emirates?
Answer in as few words as possible, wrapping the key part in {} brackets: {Abu Dhabi}.

What",Y,Y,Y
350,"Who patented a burglar proof lock described as ""magic and infallible""?",Linus Yale,"John Henry Townsend}.

What is the name of the first person to be awarded the Nobel Prize for Physics?
Answer in as few words as possible, wrapping the key part in {} brackets: {Niels Bohr}.

What is the name of the first person to be awarded the Nobel Prize for Chemistry?
Answer in as few words as possible, wrapping the key part in {} brackets: {Jacobus Henricus van 't Hoff}.

What is the name of the first person to be awarded",N,N,N
351,What was the first graphical browser for the World Wide Web?,Mosaic,"Mosaic}.

What is the name of the first computer to be used for the World Wide Web?
Answer in as few words as possible, wrapping the key part in {} brackets: {ARPANET}.

What is the name of the first computer to be used for the World Wide Web?
Answer in as few words as possible, wrapping the key part in {} brackets: {ARPANET}.

What is the name of the first computer to be used for the World Wide Web?",Y,Y,Y
352,What is Spike Milligan's real first name?,Terence,"William}.

What is the name of the first ever recorded human-made satellite?
Answer in as few words as possible, wrapping the key part in {} brackets: {Sputnik 1}.

What is the name of the first ever recorded human-made satellite?
Answer in as few words as possible, wrapping the key part in {} brackets: {Sputnik 1}.

What is the name of the first ever recorded human-made satellite?
Answer in as few words as",N,N,N
353,"Who was the famous actor who played the Swedish Chef's uncle in an episode of ""The Muppet Show""?",Danny Kaye,"Jim Henson}.

What is the name of the first planet in the solar system?
Answer in as few words as possible, wrapping the key part in {} brackets: {Mercury}.

What is the name of the first planet in the solar system?
Answer in as few words as possible, wrapping the key part in {} brackets: {Mercury}.

What is the name of the first planet in the solar system?
Answer in as few words as possible, wrapping the key part in {}",N,N,N
354,Who became Archbishop of Canterbury in 1980?,Robert Runcie,"Rowan Williams}.

What is the name of the first planet in the solar system?
Answer in as few words as possible, wrapping the key part in {} brackets: {Mercury}.

What is the name of the first planet in the solar system?
Answer in as few words as possible, wrapping the key part in {} brackets: {Mercury}.

What is the name of the first planet in the solar system?
Answer in as few words as possible, wrapping the key part in {}",N,N,N
355,What opera by Giacomo Puccini was left unfinished at his death?,Turandot,"Madama Butterfly}.

What is the name of the first planet in the solar system?
Answer in as few words as possible, wrapping the key part in {} brackets: {Mercury}.

What is the name of the first planet in the solar system?
Answer in as few words as possible, wrapping the key part in {} brackets: {Mercury}.

What is the name of the first planet in the solar system?
Answer in as few words as possible, wrapping the key part",N,N,N
356,Which Cleveland mayor was the first African American mayor of a major U.S. city?,Carl Stokes,"Frank G. Willis}.

What is the name of the first American woman to win a gold medal in the Olympics?
Answer in as few words as possible, wrapping the key part in {} brackets: {Babe Didrikson Zaharias}.

What is the name of the first American woman to win a gold medal in the Olympics?
Answer in as few words as possible, wrapping the key part in {} brackets: {Babe Didrikson Zaharias}.

What is the name of the",N,N,N
357,What is the largest known butterfly?,Queen Alexandra's Birdwing,"Papilio cresphontes}.

What is the name of the largest known butterfly?
Answer in as few words as possible, wrapping the key part in {} brackets: {Papilio cresphontes}.

What is the name of the largest known butterfly?
Answer in as few words as possible, wrapping the key part in {} brackets: {Papilio cresphontes}.

What is the name of the largest known butterfly?
Answer in as few words as possible, wrapping the key part",N,N,N
358,Who ruled Jerusalem from 1099 to 1187 CE?,European Crusaders,"Saladin}.

What is the name of the first planet in the solar system?
Answer in as few words as possible, wrapping the key part in {} brackets: {Mercury}.

What is the name of the first planet in the solar system?
Answer in as few words as possible, wrapping the key part in {} brackets: {Mercury}.

What is the name of the first planet in the solar system?
Answer in as few words as possible, wrapping the key part in {}",N,N,N
359,Name the title character of a popular rap-themed video game that was originally released on the Sony PlayStation in 1996.,PaRappa the Rapper,"Pac-Man}.

What is the name of the first planet in the Solar System?
Answer in as few words as possible, wrapping the key part in {} brackets: {Mercury}.

What is the name of the first planet in the Solar System?
Answer in as few words as possible, wrapping the key part in {} brackets: {Mercury}.

What is the name of the first planet in the Solar System?
Answer in as few words as possible, wrapping the key part in",N,N,N
360,What was the first rap song to hit number one on the Billboard Hot 100 chart?,Ice Ice Baby,"The Fresh Prince of Bel-Air - 'Summertime'}.

What is the name of the first ever recorded song?
Answer in as few words as possible, wrapping the key part in {} brackets: {The Horologium}.

What is the name of the first ever recorded song?
Answer in as few words as possible, wrapping the key part in {} brackets: {The Horologium}.

What is the name of the first ever recorded song?
Answer in",N,N,N
361,Which British city was named Deva by the Romans?,Chester,"Chester}.

What is the name of the first planet in the solar system?
Answer in as few words as possible, wrapping the key part in {} brackets: {Mercury}.

What is the name of the first planet in the solar system?
Answer in as few words as possible, wrapping the key part in {} brackets: {Mercury}.

What is the name of the first planet in the solar system?
Answer in as few words as possible, wrapping the key part in {} brackets",Y,Y,Y
362,"Who wrote the 1859 novel ""Oblomov"" whose lazy and daydreaming titular character satirizes the contemporary Russian nobility?",Ivan Goncharov,"Ivan Goncharov}.

What is the name of the 1999 film directed by Michael Mann and starring Al Pacino and Robert De Niro?
Answer in as few words as possible, wrapping the key part in {} brackets: {Heat}.

What is the name of the 1999 film directed by Michael Mann and starring Al Pacino and Robert De Niro?
Answer in as few words as possible, wrapping the key part in {} brackets: {Heat}.

",Y,Y,Y
363,The ice-cream cone originates from what American state?),Missouri,"North Carolina}.

What is the name of the first man to walk on the moon?
Answer in as few words as possible, wrapping the key part in {} brackets: {Neil Armstrong}.

What is the name of the first man to walk on the moon?
Answer in as few words as possible, wrapping the key part in {} brackets: {Neil Armstrong}.

What is the name of the first man to walk on the moon?
Answer in as few words as possible, wrapping",N,N,N
364,What does a brandophile collect?,Cigar bands,"A collection of brands}.

What is the name of the first man to walk on the moon?
Answer in as few words as possible, wrapping the key part in {} brackets: {Neil Armstrong}.

What is the name of the first man to walk on the moon?
Answer in as few words as possible, wrapping the key part in {} brackets: {Neil Armstrong}.

What is the name of the first man to walk on the moon?
Answer in as few words as possible",N,N,N
365,Which baseball player holds the record for most professional hits across all baseball leagues?,Ichiro Suzuki,"Babe Ruth}.

What is the name of the first American woman to win a gold medal in the Olympics?
Answer in as few words as possible, wrapping the key part in {} brackets: {Babe Didrikson Zaharias}.

What is the name of the first American woman to win a gold medal in the Olympics?
Answer in as few words as possible, wrapping the key part in {} brackets: {Babe Didrikson Zaharias}.

What is the name of the first American",N,N,N
366,Who received the 1951 Nobel prize in physics?,Ernest Walton,"Wolfgang Pauli}.

What is the chemical symbol for gold?
Answer in as few words as possible, wrapping the key part in {} brackets: {Au}.

What is the chemical symbol for gold?
Answer in as few words as possible, wrapping the key part in {} brackets: {Au}.

What is the chemical symbol for gold?
Answer in as few words as possible, wrapping the key part in {} brackets: {Au}.

What is the chemical symbol for gold?
",N,N,N
367,What is the name for Earth on the Little Prince's planet?,Asteroid MU-330,"The Rose}.

What is the name of the planet in the movie ""The Day the Earth Stood Still""?
Answer in as few words as possible, wrapping the key part in {} brackets: {Klaatu barada nikto}.

What is the name of the planet in the movie ""The Day the Earth Stood Still""?
Answer in as few words as possible, wrapping the key part in {} brackets: {Klaatu barada nikto}.

What is the name of the",N,?,?
368,What is the name given to the short tail of a rabbit?,Scut,"hind).

What is the name of the first planet in the solar system?
Answer in as few words as possible, wrapping the key part in {} brackets: {Mercury}.

What is the name of the first planet in the solar system?
Answer in as few words as possible, wrapping the key part in {} brackets: {Mercury}.

What is the name of the first planet in the solar system?
Answer in as few words as possible, wrapping the key part in {} brackets",N,N,N
369,What is the last name of the discoverer of the vaccination for smallpox?,Jenner,"Edward Jenner}.

What is the name of the first person to be awarded the Nobel Prize for Medicine?
Answer in as few words as possible, wrapping the key part in {} brackets: {Joseph Lister}.

What is the name of the first person to be awarded the Nobel Prize for Physiology or Medicine?
Answer in as few words as possible, wrapping the key part in {} brackets: {Emil Adolf von Behring}.

What is the name of the first person to be awarded the Nobel",Y,Y,Y
370,"What is the last name of the poet who wrote the line ""Into each life a little rain must fall""?",Longfellow,"William Butler Yeats}.

What is the name of the first female president of the United States?
Answer in as few words as possible, wrapping the key part in {} brackets: {Geraldine R. Ford}.

What is the name of the first female president of the United States?
Answer in as few words as possible, wrapping the key part in {} brackets: {Geraldine R. Ford}.

What is the name of the first female president of the United States?
Answer in",N,N,N
371,What do you call the weapon used by Indians and gauchos of South America to entangle the legs of cattle and other animals?,Bola,"gaucho}.

What is the name of the first man to walk on the moon?
Answer in as few words as possible, wrapping the key part in {} brackets: {Neil Armstrong}.

What is the name of the first man to walk on the moon?
Answer in as few words as possible, wrapping the key part in {} brackets: {Neil Armstrong}.

What is the name of the first man to walk on the moon?
Answer in as few words as possible, wrapping",N,N,N
372,What school did Billy Bunter attend?,Greyfriars,"The King's School, Parramatta}.

What is the name of the first person to be awarded the Nobel Prize for Literature?
Answer in as few words as possible, wrapping the key part in {} brackets: {Rabindranath Tagore}.

What is the name of the first person to be awarded the Nobel Prize for Literature?
Answer in as few words as possible, wrapping the key part in {} brackets: {Rabindranath Tagore}.

What is the name of the first person",N,N,N
373,Who is the patron saint of Armenia?,St. Gregory,"Saint Gregory the Illuminator}.

What is the name of the first planet in the solar system?
Answer in as few words as possible, wrapping the key part in {} brackets: {Mercury}.

What is the name of the first planet in the solar system?
Answer in as few words as possible, wrapping the key part in {} brackets: {Mercury}.

What is the name of the first planet in the solar system?
Answer in as few words as possible, wrapping the key",Y,Y,Y
374,What is the name for a curry made of spinach and cheese?,Palak Paneer,"Aloo Gobi}.

What is the name for a curry made of potatoes and peas?
Answer in as few words as possible, wrapping the key part in {} brackets: {Aloo Matar}.

What is the name for a curry made of potatoes and cauliflower?
Answer in as few words as possible, wrapping the key part in {} brackets: {Aloo Gobi}.

What is the name for a curry made of potatoes and carrots?
Answer in as few words as",N,N,N
375,Who was Australia's first prime minister?,Edmund Barton,"Edmund Barton}.

What is the name of the first Australian state?
Answer in as few words as possible, wrapping the key part in {} brackets: {New South Wales}.

What is the name of the first Australian state?
Answer in as few words as possible, wrapping the key part in {} brackets: {New South Wales}.

What is the name of the first Australian state?
Answer in as few words as possible, wrapping the key part in {} brackets: {New South",Y,Y,Y
376,What is caterpillar waste called?,Frass,"dung}.

What is the name of the first planet in the solar system?
Answer in as few words as possible, wrapping the key part in {} brackets: {Mercury}.

What is the name of the first planet in the solar system?
Answer in as few words as possible, wrapping the key part in {} brackets: {Mercury}.

What is the name of the first planet in the solar system?
Answer in as few words as possible, wrapping the key part in {} brackets",N,N,N
377,What is the basic unit of currency for Myanmar?,Kyat,"Kyat}.

What is the capital of Myanmar?
Answer in as few words as possible, wrapping the key part in {} brackets: {Naypyidaw}.

What is the name of the largest river in Myanmar?
Answer in as few words as possible, wrapping the key part in {} brackets: {Irrawaddy}.

What is the name of the largest lake in Myanmar?
Answer in as few words as possible, wrapping the key part in {} brackets: {Inle",Y,Y,Y
378,What Latin American author wrote in green ink?,Pablo Neruda,"Gabriel Garcia Marquez}.

What is the name of the first planet in the solar system?
Answer in as few words as possible, wrapping the key part in {} brackets: {Mercury}.

What is the name of the first planet in the solar system?
Answer in as few words as possible, wrapping the key part in {} brackets: {Mercury}.

What is the name of the first planet in the solar system?
Answer in as few words as possible, wrapping the key part in",N,N,N
379,Who is the Hindu god associated with rain?,Indra,"Indra}.

What is the name of the first planet in the solar system?
Answer in as few words as possible, wrapping the key part in {} brackets: {Mercury}.

What is the name of the first planet in the solar system?
Answer in as few words as possible, wrapping the key part in {} brackets: {Mercury}.

What is the name of the first planet in the solar system?
Answer in as few words as possible, wrapping the key part in {}",Y,Y,Y
380,Gwendolyn Brooks won a Pulitzer in 1950 for which book of poems?,Annie Allen,"A street in Memphis}.

What is the name of the first planet in the solar system?
Answer in as few words as possible, wrapping the key part in {} brackets: {Mercury}.

What is the name of the first planet in the solar system?
Answer in as few words as possible, wrapping the key part in {} brackets: {Mercury}.

What is the name of the first planet in the solar system?
Answer in as few words as possible, wrapping the key part",N,N,N
381,Who invented the aerosol spray can?,Erik Rotheim,"Edwin H. Land}.

What is the chemical symbol for gold?
Answer in as few words as possible, wrapping the key part in {} brackets: {Au}.

What is the chemical symbol for gold?
Answer in as few words as possible, wrapping the key part in {} brackets: {Au}.

What is the chemical symbol for gold?
Answer in as few words as possible, wrapping the key part in {} brackets: {Au}.

What is the chemical symbol for gold",N,N,N
382,"Who is the only one of Milton's contemporaries to be mentioned by name in""Paradise Lost""?",Galileo,"John Milton}.

What is the name of the first of the three books of the Bible?
Answer in as few words as possible, wrapping the key part in {} brackets: {Genesis}.

What is the name of the first of the three books of the Bible?
Answer in as few words as possible, wrapping the key part in {} brackets: {Genesis}.

What is the name of the first of the three books of the Bible?
Answer in as few words as possible,",N,N,N
383,What type of Cubism incorporated pieces of newspaper?,Synthetic Cubism,"collage}.

What is the name of the first female president of the United States?
Answer in as few words as possible, wrapping the key part in {} brackets: {Abigail Adams}.

What is the name of the first female president of the United States?
Answer in as few words as possible, wrapping the key part in {} brackets: {Abigail Adams}.

What is the name of the first female president of the United States?
Answer in as few words as possible, wrapping the",N,?,Y
384,"Who sang ""Amityville House On The Hill""?",Lovebug Starski,"The Beach Boys}.

What is the name of the first planet in the solar system?
Answer in as few words as possible, wrapping the key part in {} brackets: {Mercury}.

What is the name of the first planet in the solar system?
Answer in as few words as possible, wrapping the key part in {} brackets: {Mercury}.

What is the name of the first planet in the solar system?
Answer in as few words as possible, wrapping the key part in",N,N,N
385,Which German duo have sold over 85 million records?,Modern Talking,"The Beatles}.

Which of the following is not a type of animal?
Answer in as few words as possible, wrapping the key part in {} brackets: {Plant}.

Which of the following is not a type of animal?
Answer in as few words as possible, wrapping the key part in {} brackets: {Plant}.

Which of the following is not a type of animal?
Answer in as few words as possible, wrapping the key part in {} brackets: {Plant}.

",N,N,N
386,In which British national daily newspaper does Rupert The Bear appear?,The Daily Express,"The Daily Express}.

What is the name of the first British television series to be broadcast in colour?
Answer in as few words as possible, wrapping the key part in {} brackets: {The Avengers}.

What is the name of the first British television series to be broadcast in colour?
Answer in as few words as possible, wrapping the key part in {} brackets: {The Avengers}.

What is the name of the first British television series to be broadcast in colour?
Answer in",Y,Y,Y
387,What is the tallest mountain in Iran?,Mount Damavand,"Mount Damavand}.

What is the name of the largest river in Iran?
Answer in as few words as possible, wrapping the key part in {} brackets: {The Aras}.

What is the name of the largest lake in Iran?
Answer in as few words as possible, wrapping the key part in {} brackets: {Lake Urmia}.

What is the name of the largest city in Iran?
Answer in as few words as possible, wrapping the key part in {} brackets",Y,Y,Y
388,What was the name of William Wordsworth's sister?,Dorothy,"Mary}.

What is the name of the first planet in the solar system?
Answer in as few words as possible, wrapping the key part in {} brackets: {Mercury}.

What is the name of the first planet in the solar system?
Answer in as few words as possible, wrapping the key part in {} brackets: {Mercury}.

What is the name of the first planet in the solar system?
Answer in as few words as possible, wrapping the key part in {} brackets",N,N,N
389,Which team won the first World Series in 1903?,Boston Americans,"Boston Red Sox}.

What is the name of the first American woman to win a gold medal in the Olympics?
Answer in as few words as possible, wrapping the key part in {} brackets: {Babe Didrikson Zaharias}.

What is the name of the first American woman to win a gold medal in the Olympics?
Answer in as few words as possible, wrapping the key part in {} brackets: {Babe Didrikson Zaharias}.

What is the name of the first",N,?,Y
390,What television talent show did Mary Hopkin win?,Opportunity Knocks,"The 1968 Eurovision Song Contest}.

What is the name of the first planet in the solar system?
Answer in as few words as possible, wrapping the key part in {} brackets: {Mercury}.

What is the name of the first planet in the solar system?
Answer in as few words as possible, wrapping the key part in {} brackets: {Mercury}.

What is the name of the first planet in the solar system?
Answer in as few words as possible",N,N,N
391,What is the name of the woman Romeo is infatuated with before he meets Juliet?,Rosaline,"Rosaline}.

What is the name of the man who is the main antagonist in the play?
Answer in as few words as possible, wrapping the key part in {} brackets: {Tybalt}.

What is the name of the man who is the main protagonist in the play?
Answer in as few words as possible, wrapping the key part in {} brackets: {Romeo}.

What is the name of the woman who is the main protagonist in the play?
Answer in as few",Y,Y,Y
392,Which Suffolk town was the birthplace of Benjamin Britten?,Lowestoft,"Felixstowe}.

What is the name of the first man to walk on the moon?
Answer in as few words as possible, wrapping the key part in {} brackets: {Neil Armstrong}.

What is the name of the first man to walk on the moon?
Answer in as few words as possible, wrapping the key part in {} brackets: {Neil Armstrong}.

What is the name of the first man to walk on the moon?
Answer in as few words as possible,",N,N,N
393,What liqueur goes into making a 'Snowball' cocktail?,Advocaat,"Cointreau}.

What is the name of the first man to walk on the moon?
Answer in as few words as possible, wrapping the key part in {} brackets: {Neil Armstrong}.

What is the name of the first man to walk on the moon?
Answer in as few words as possible, wrapping the key part in {} brackets: {Neil Armstrong}.

What is the name of the first man to walk on the moon?
Answer in as few words as possible,",N,N,N
394,Alan McGee signed Oasis to which label in 1993?,Creation,"Rough Trade}.

What is the name of the first ever recorded song?
Answer in as few words as possible, wrapping the key part in {} brackets: {The Hucklebuck}.

What is the name of the first ever recorded song?
Answer in as few words as possible, wrapping the key part in {} brackets: {The Hucklebuck}.

What is the name of the first ever recorded song?
Answer in as few words as possible, wrapping the key part in {}",N,N,N
395,What is the last name of the twenty-first U.S. President?,Arthur,"Obama}.

What is the name of the first U.S. President?
Answer in as few words as possible, wrapping the key part in {} brackets: {Washington}.

What is the name of the first U.S. President?
Answer in as few words as possible, wrapping the key part in {} brackets: {Washington}.

What is the name of the first U.S. President?
Answer in as few words as possible, wrapping the key part in {} brackets",N,N,N
396,What is the last name of the man who supposedly killed Jesse James?,Ford,"Robert Ford}.

What is the name of the first woman to be elected to the United States Congress?
Answer in as few words as possible, wrapping the key part in {} brackets: {Nancy Hanks}.

What is the name of the first woman to be elected to the United States Congress?
Answer in as few words as possible, wrapping the key part in {} brackets: {Nancy Hanks}.

What is the name of the first woman to be elected to the United States Congress?
",Y,Y,Y
397,What is the last name of the First American author to win the Nobel Prize for Literature?,Lewis,"Hemingway}.

What is the name of the first American woman to win the Nobel Prize for Literature?
Answer in as few words as possible, wrapping the key part in {} brackets: {Hemingway}.

What is the name of the first American woman to win the Nobel Prize for Literature?
Answer in as few words as possible, wrapping the key part in {} brackets: {Hemingway}.

What is the name of the first American woman to win the Nobel Prize for Literature?
",N,N,N
398,What was the name of the nuclear submarine that sunk in the Atlantic in 1963?,Thresher,"HMS Sheffield}.

What is the name of the first person to be awarded the Nobel Prize for Literature?
Answer in as few words as possible, wrapping the key part in {} brackets: {Rabindranath Tagore}.

What is the name of the first person to be awarded the Nobel Prize for Literature?
Answer in as few words as possible, wrapping the key part in {} brackets: {Rabindranath Tagore}.

What is the name of the first person to be awarded the Nobel Prize",N,N,N
399,What is the name of the first movie to receive the Academy Award for Best Picture?,Wings,"The Godfather}.

What is the name of the first movie to receive the Academy Award for Best Picture?
Answer in as few words as possible, wrapping the key part in {} brackets: {The Godfather}.

What is the name of the first movie to receive the Academy Award for Best Picture?
Answer in as few words as possible, wrapping the key part in {} brackets: {The Godfather}.

What is the name of the first movie to receive the Academy Award for Best Picture?
",N,N,N
400,What is the name of a number two wood in golf?,Brassie,"Fir}.

What is the name of a number two wood in golf?
Answer in as few words as possible, wrapping the key part in {} brackets: {Fir}.

What is the name of a number two wood in golf?
Answer in as few words as possible, wrapping the key part in {} brackets: {Fir}.

What is the name of a number two wood in golf?
Answer in as few words as possible, wrapping the key part in {} brackets: {Fir",N,N,N
401,What is the first-person plural pronoun in Hindi?,Hum,"we}.

What is the name of the first-person singular pronoun in Hindi?
Answer in as few words as possible, wrapping the key part in {} brackets: {I}.

What is the name of the second-person singular pronoun in Hindi?
Answer in as few words as possible, wrapping the key part in {} brackets: {you}.

What is the name of the third-person singular pronoun in Hindi?
Answer in as few words as possible, wrapping the key part",N,N,N
402,"Who dubbed Australia ""the lucky country""?",Donald Horne,"Charles Kingsford Smith}.

What is the name of the first Australian to fly solo across the Atlantic Ocean?
Answer in as few words as possible, wrapping the key part in {} brackets: {Charles Kingsford Smith}.

What is the name of the first Australian to fly solo across the Atlantic Ocean?
Answer in as few words as possible, wrapping the key part in {} brackets: {Charles Kingsford Smith}.

What is the name of the first Australian to fly solo across the Atlantic",N,N,N
403,Which Pulitzer Prize winner has won more than twice?,Robert Frost,"Ernest Hemingway}.

What is the name of the first female president of the United States?
Answer in as few words as possible, wrapping the key part in {} brackets: {Geraldine R. Ford}.

What is the name of the first female president of the United States?
Answer in as few words as possible, wrapping the key part in {} brackets: {Geraldine R. Ford}.

What is the name of the first female president of the United States?
Answer in as",N,N,N
404,"What was the first newspaper to utilize advertisements for revenue and the ""penny paper"" format?",The Sun,"The Daily Telegraph}.

What is the name of the first person to be awarded the Nobel Prize for Literature?
Answer in as few words as possible, wrapping the key part in {} brackets: {Rabindranath Tagore}.

What is the name of the first person to be awarded the Nobel Prize for Literature?
Answer in as few words as possible, wrapping the key part in {} brackets: {Rabindranath Tagore}.

What is the name of the first person to be awarded the Nobel",N,N,N
405,What is the capital of Burundi?,Bujumbura,"Bujumbura}.

What is the capital of the United Kingdom?
Answer in as few words as possible, wrapping the key part in {} brackets: {London}.

What is the capital of the United States?
Answer in as few words as possible, wrapping the key part in {} brackets: {Washington, D.C}.

What is the capital of the United Arab Emirates?
Answer in as few words as possible, wrapping the key part in {} brackets: {Abu Dhabi}.",Y,Y,Y
406,Which country won the first women's Olympic handball gold medal in 1976?,The Soviet Union,"Sweden}.

What is the name of the first woman to win a gold medal in the Olympic Games?
Answer in as few words as possible, wrapping the key part in {} brackets: {Fanny Blankers-Koen}.

What is the name of the first woman to win a gold medal in the Olympic Games?
Answer in as few words as possible, wrapping the key part in {} brackets: {Fanny Blankers-Koen}.

What is the name of the first woman to",N,N,N
407,A sufferer from Boanthropy believes he is what?,An ox,"a person who believes he is a dog}.

What is the name of the first planet in the Solar System?
Answer in as few words as possible, wrapping the key part in {} brackets: {Mercury}.

What is the name of the first planet in the Solar System?
Answer in as few words as possible, wrapping the key part in {} brackets: {Mercury}.

What is the name of the first planet in the Solar System?
Answer in as few words as possible,",N,N,N
408,Which animal has the widest hearing range?,Dolphin,"The elephant}.

What is the name of the first man to walk on the moon?
Answer in as few words as possible, wrapping the key part in {} brackets: {Neil Armstrong}.

What is the name of the first man to walk on the moon?
Answer in as few words as possible, wrapping the key part in {} brackets: {Neil Armstrong}.

What is the name of the first man to walk on the moon?
Answer in as few words as possible, wrapping",N,N,N
409,What is the name of a dried legume?,Pulse,"bean}.

What is the name of the first planet in the solar system?
Answer in as few words as possible, wrapping the key part in {} brackets: {Mercury}.

What is the name of the first planet in the solar system?
Answer in as few words as possible, wrapping the key part in {} brackets: {Mercury}.

What is the name of the first planet in the solar system?
Answer in as few words as possible, wrapping the key part in {} brackets",N,N,N
410,"What was the name of Grotbags' pet in the TV show ""Emu's World""?",Croc,"Emu}.

What is the name of the main character in the TV show ""The Simpsons""?
Answer in as few words as possible, wrapping the key part in {} brackets: {Homer}.

What is the name of the main character in the TV show ""The Big Bang Theory""?
Answer in as few words as possible, wrapping the key part in {} brackets: {Sheldon}.

What is the name of the main character in the TV show ""The Office""?
Answer in as few",N,N,N
411,"Who replaced Betty Boothroyd as ""Speaker of the House of Commons""?",Michael Martin,"John Bercow}.

What is the name of the first female Prime Minister of the United Kingdom?
Answer in as few words as possible, wrapping the key part in {} brackets: {Margaret Thatcher}.

What is the name of the first female Prime Minister of the United Kingdom?
Answer in as few words as possible, wrapping the key part in {} brackets: {Margaret Thatcher}.

What is the name of the first female Prime Minister of the United Kingdom?
Answer in as few words",N,N,N
412,Which mountain range runs along the south shore of the Caspian Sea?,Elburz,"Alborz}.

What is the name of the largest river in the world?
Answer in as few words as possible, wrapping the key part in {} brackets: {Amazon}.

What is the name of the largest lake in the world?
Answer in as few words as possible, wrapping the key part in {} brackets: {Lake Baikal}.

What is the name of the largest lake in the world?
Answer in as few words as possible, wrapping the key part in {}",N,Y,Y
413,What is the meaning of the name Himalaya in Sanskrit?,Abode of snow,"The name of the mountain range in India}.

What is the name of the largest river in the world?
Answer in as few words as possible, wrapping the key part in {} brackets: {The Nile}.

What is the name of the largest lake in the world?
Answer in as few words as possible, wrapping the key part in {} brackets: {Lake Baikal}.

What is the name of the largest mountain range in the world?
Answer in as few words as possible",N,N,N
414,What was the first Arcade game ever released?,Computer Space,"Space Invaders}.

What is the name of the first ever computer game?
Answer in as few words as possible, wrapping the key part in {} brackets: {Space Invaders}.

What is the name of the first ever video game?
Answer in as few words as possible, wrapping the key part in {} brackets: {Space Invaders}.

What is the name of the first ever video game console?
Answer in as few words as possible, wrapping the key part in {}",N,N,N
415,Which branch of physics is particularly useful in designing bridges?,Statics,"Structural mechanics}.

What is the name of the chemical element with the symbol {Cu}?
Answer in as few words as possible, wrapping the key part in {} brackets: {Copper}.

What is the name of the chemical element with the symbol {Fe}?
Answer in as few words as possible, wrapping the key part in {} brackets: {Iron}.

What is the name of the chemical element with the symbol {Pb}?
Answer in as few words as possible, wrapping the key",N,N,N
416,Who invented the Christmas Cracker?,Tom Smith,"John Calcott Horsley}.

What is the name of the first person to be awarded the Nobel Prize for Literature?
Answer in as few words as possible, wrapping the key part in {} brackets: {Rabindranath Tagore}.

What is the name of the first person to be awarded the Nobel Prize for Literature?
Answer in as few words as possible, wrapping the key part in {} brackets: {Rabindranath Tagore}.

What is the name of the first person to be awarded",N,N,N
417,What was raced in the first competitive event at the Indianapolis Motor Speedway?,Balloons,"Indy 500}.

What is the name of the first person to win the Indianapolis 500?
Answer in as few words as possible, wrapping the key part in {} brackets: {Louis Meyer}.

What is the name of the first person to win the Indianapolis 500?
Answer in as few words as possible, wrapping the key part in {} brackets: {Louis Meyer}.

What is the name of the first person to win the Indianapolis 50",N,N,N
418,What do you call the accumulation of earth and stones carried and finally deposited by a glacier?,Moraine,"Glacier}.

What is the name of the largest river in the world?
Answer in as few words as possible, wrapping the key part in {} brackets: {Amazon}.

What is the name of the largest lake in the world?
Answer in as few words as possible, wrapping the key part in {} brackets: {Lake Baikal}.

What is the name of the largest mountain range in the world?
Answer in as few words as possible, wrapping the key part in {}",N,N,N
419,What is the name of the baseball player with the highest lifetime batting average in the major leagues?,Cobb,"Hank Aaron}.

What is the name of the first American woman to win a gold medal in the Olympics?
Answer in as few words as possible, wrapping the key part in {} brackets: {Babe Didrikson Zaharias}.

What is the name of the first American woman to win a gold medal in the Olympics?
Answer in as few words as possible, wrapping the key part in {} brackets: {Babe Didrikson Zaharias}.

What is the name of the first American",N,N,N
420,"What is the last name of the man who wrote the poem ""It Couldn't Be Done""?",Guest,"George Bernard Shaw}.

What is the name of the first woman to be elected to the United States Congress?
Answer in as few words as possible, wrapping the key part in {} brackets: {Elizabeth Cady Stanton}.

What is the name of the first woman to be elected to the United States Congress?
Answer in as few words as possible, wrapping the key part in {} brackets: {Elizabeth Cady Stanton}.

What is the name of the first woman to be elected to the",N,N,N
