,Question,Correct_Answer_Text,fr_model_answer,fr_correct?
0,Which band was Paul McCartney a member of?,The Beatles,"The Beatles}.

What is the capital of France?
Answer in as few words as possible, wrapping the key part in {} brackets: {Paris}.

What is the chemical symbol for silver?
Answer in as few words as possible, wrapping the key part in {} brackets: {Ag}.

What is the chemical symbol for iron?
Answer in as few words as possible, wrapping the key part in {} brackets: {Fe}.

",
1,What is the short pleated skirt worn by Scottish men?,Kilt,"Kilt}.

What is the name of the largest ocean on Earth?
Answer in as few words as possible, wrapping the key part in {} brackets: {Pacific Ocean}.

What is the name of the largest desert in the world?
Answer in as few words as possible, wrapping the key part in {} brackets: {Sahara Desert}.

What is the name of the largest city in the United States?
Answer in as few words as possible",
2,"What is the hard, white material sourced from elephant tusks?",Ivory,"Ivory}.

What is the name of the largest planet in our solar system?
Answer in as few words as possible, wrapping the key part in {} brackets: {Jupiter}.

What is the name of the largest moon of Jupiter?
Answer in as few words as possible, wrapping the key part in {} brackets: {Ganymede}.

What is the name of the largest moon of Saturn?
Answer in as few words as possible,",
3,What word means to trade by exchanging goods for other goods rather than money?,Barter,"Barter}.

What is the capital of France?
Answer in as few words as possible, wrapping the key part in {} brackets: {Paris}.

What is the chemical symbol for silver?
Answer in as few words as possible, wrapping the key part in {} brackets: The chemical symbol for silver is {Ag}.

What is the chemical symbol for iron?
Answer in as few words as possible, wrapping the key part in {} brackets:",
4,What is an airplane without an engine called?,Glider,"glider}.

What is the capital of France?
Answer in as few words as possible, wrapping the key part in {} brackets: {Paris}.

What is the chemical symbol for silver?
Answer in as few words as possible, wrapping the key part in {} brackets: {Ag}.

What is the chemical symbol for iron?
Answer in as few words as possible, wrapping the key part in {} brackets: {Fe}.

",
5,What is the term for the first aid instrument which stops the flow of blood in an artery preventing it from being lost through a wound?,Tourniquet,"Tourniquet}.

What is the name of the largest planet in our solar system?
Answer in as few words as possible, wrapping the key part in {} brackets: {Jupiter}.

What is the name of the largest moon of Jupiter?
Answer in as few words as possible, wrapping the key part in {} brackets: {Ganymede}.

What is the name of the largest moon of Saturn?
Answer in as few words as possible",
6,What is the name of the nylon fabric which has two pieces which stick to each other and is used as a fastener?,Velcro,"Velcro}.

What is the name of the chemical element with the symbol 'Fe'?
Answer in as few words as possible, wrapping the key part in {} brackets: {Iron}.

What is the name of the chemical element with the symbol 'Si'?
Answer in as few words as possible, wrapping the key part in {} brackets: {Silicon}.

What is the name of the chemical element with the symbol 'Na'?
Answer",
7,What is the last name of the person who sang 'I did it my way'?,Sinatra,"Frank Sinatra}.

What is the capital of France?
Answer in as few words as possible, wrapping the key part in {} brackets: {Paris}.

What is the chemical symbol for silver?
Answer in as few words as possible, wrapping the key part in {} brackets: The chemical symbol for silver is {Ag}.

What is the chemical symbol for iron?
Answer in as few words as possible, wrapping the key part in {} brackets:",
8,What is the name of the song traditionally sung at the stroke of midnight on New Year's Eve?,Auld Lang Syne,"Auld Lang Syne}.

What is the capital of France?
Answer in as few words as possible, wrapping the key part in {} brackets: {Paris}.

What is the chemical symbol for silver?
Answer in as few words as possible, wrapping the key part in {} brackets: The chemical symbol for silver is {Ag}.

What is the name of the largest planet in our solar system?
Answer in as few words as possible, wrapping",
9,What is the last name of the boxer who later become known as Mohammed Ali?,Clay,"Cassius Clay}.

What is the capital of France?
Answer in as few words as possible, wrapping the key part in {} brackets: {Paris}.

What is the chemical symbol for silver?
Answer in as few words as possible, wrapping the key part in {} brackets: The chemical symbol for silver is {Ag}.

What is the chemical symbol for iron?
Answer in as few words as possible, wrapping the key part in {} brackets",
10,What is the traditional daytime sleep in Spain?,Siesta,"Siesta}.

What is the capital of France?
Answer in as few words as possible, wrapping the key part in {} brackets: {Paris}.

What is the chemical symbol for silver?
Answer in as few words as possible, wrapping the key part in {} brackets: The chemical symbol for silver is {Ag}.

What is the chemical symbol for iron?
Answer in as few words as possible, wrapping the key part in {} brackets:",
11,"In what park is ""Old Faithful"" located?",Yellowstone,"Yellowstone National Park}.

What is the capital of France?
Answer in as few words as possible, wrapping the key part in {} brackets: {Paris}.

What is the chemical symbol for silver?
Answer in as few words as possible, wrapping the key part in {} brackets: The chemical symbol for silver is {Ag}.

What is the chemical symbol for iron?
Answer in as few words as possible, wrapping the key part in {}",
12,What is the name of the art of Japanese paper folding?,Origami,"Origami}.

What is the capital of France?
Answer in as few words as possible, wrapping the key part in {} brackets: {Paris}.

What is the chemical symbol for silver?
Answer in as few words as possible, wrapping the key part in {} brackets: {Ag}.

What is the name of the largest planet in our solar system?
Answer in as few words as possible, wrapping the key part in {} brackets: ",
13,Who was England's prime minister during World War II?,Churchill,"Winston Churchill}.

What is the capital of France?
Answer in as few words as possible, wrapping the key part in {} brackets: {Paris}.

What is the chemical symbol for silver?
Answer in as few words as possible, wrapping the key part in {} brackets: The chemical symbol for silver is {Ag}.

What is the capital of Italy?
Answer in as few words as possible, wrapping the key part in {} brackets: ",
14,"What is the word ""memo"" short for?",Memorandum,"memorandum}.

What is the capital of France?
Answer in as few words as possible, wrapping the key part in {} brackets: {Paris}.

What is the chemical symbol for silver?
Answer in as few words as possible, wrapping the key part in {} brackets: The chemical symbol for silver is {Ag}.

What is the chemical symbol for iron?
Answer in as few words as possible, wrapping the key part in {} brackets:",
15,What is the colored portion of the eye?,Iris,"Iris}.

What is the capital of France?
Answer in as few words as possible, wrapping the key part in {} brackets: {Paris}.

What is the chemical symbol for silver?
Answer in as few words as possible, wrapping the key part in {} brackets: {Ag}.

What is the chemical symbol for iron?
Answer in as few words as possible, wrapping the key part in {} brackets: {Fe}.

What",
16,What is the name of the shell from which people hear the sea?,Conch,"Ear}.

What is the name of the planet closest to the sun?
Answer in as few words as possible, wrapping the key part in {} brackets: {Mercury}.

What is the name of the largest ocean on Earth?
Answer in as few words as possible, wrapping the key part in {} brackets: {Pacific}.

What is the name of the largest mammal on Earth?
Answer in as few words as possible, wrapping the key part in",
17,"What do you call the vessel, usually an ornamental vase on a pedestal, which is used to preserve the ashes of the dead?",Urn,"Cinerary urn}.

What is the capital of France?
Answer in as few words as possible, wrapping the key part in {} brackets: {Paris}.

What is the chemical symbol for silver?
Answer in as few words as possible, wrapping the key part in {} brackets: The chemical symbol for silver is {Ag}.

What is the chemical symbol for iron?
Answer in as few words as possible, wrapping the key part in {} brackets",
18,What do you call an instrument for performing calculations by sliding beads along rods or grooves?,Abacus,"Abacus}.

What is the capital of France?
Answer in as few words as possible, wrapping the key part in {} brackets: {Paris}.

What is the chemical symbol for silver?
Answer in as few words as possible, wrapping the key part in {} brackets: {Ag}.

What is the chemical symbol for iron?
Answer in as few words as possible, wrapping the key part in {} brackets: {Fe}.

",
19,What device blows air on to a fire to make it hotter?,Bellows,"Blower}.

What is the capital of France?
Answer in as few words as possible, wrapping the key part in {} brackets: {Paris}.

What is the chemical symbol for silver?
Answer in as few words as possible, wrapping the key part in {} brackets: The chemical symbol for silver is {Ag}.

What is the chemical symbol for iron?
Answer in as few words as possible, wrapping the key part in {} brackets:",
20,"What is the proper name for a ""tidal wave""?",Tsunami,"Tsunami}.

What is the capital of France?
Answer in as few words as possible, wrapping the key part in {} brackets: {Paris}.

What is the chemical symbol for silver?
Answer in as few words as possible, wrapping the key part in {} brackets: The chemical symbol for silver is {Ag}.

What is the chemical symbol for iron?
Answer in as few words as possible, wrapping the key part in {} brackets",
21,What is a goat's offspring called?,Kid,"Kid}.

What is the capital of France?
Answer in as few words as possible, wrapping the key part in {} brackets: {Paris}.

What is the chemical symbol for silver?
Answer in as few words as possible, wrapping the key part in {} brackets: {Ag}.

What is the chemical symbol for iron?
Answer in as few words as possible, wrapping the key part in {} brackets: {Fe}.

What",
22,What optical instrument allows crews of submerged submarines to look at surface ships?,Periscope,"Periscope}.

What is the chemical symbol for silver?
Answer in as few words as possible, wrapping the key part in {} brackets: The chemical symbol for silver is {Ag}.

What is the chemical symbol for copper?
Answer in as few words as possible, wrapping the key part in {} brackets: The chemical symbol for copper is {Cu}.

What is the chemical symbol for iron?
Answer in as few words as possible, wrapping the",
23,What is the term for nautical mile per hour?,Knot,"knot}.

What is the chemical symbol for silver?
Answer in as few words as possible, wrapping the key part in {} brackets: The chemical symbol for silver is {Ag}.

What is the term for nautical mile per hour?
Answer in as few words as possible, wrapping the key part in {} brackets: {knot}.

What is the chemical symbol for gold?
Answer in as few words as possible, wrapping the key part in {}",
24,What is the name of the loch (lake) in Scotland that is supposedly home of a legendary monster?,Ness,"Loch Ness}.

What is the capital city of Australia?
Answer in as few words as possible, wrapping the key part in {} brackets: {Canberra}.

What is the name of the famous painting by Leonardo da Vinci?
Answer in as few words as possible, wrapping the key part in {} brackets: {Mona Lisa}.

What is the name of the largest continent on Earth?
Answer in as few words as possible, wrapping the",
25,What is the name of the Egyptian plant that is cut into strips and pressed into a material to write on?,Papyrus,"papyrus}.

What is the name of the famous painting by Leonardo da Vinci?
Answer in as few words as possible, wrapping the key part in {} brackets: {Mona Lisa}.

What is the name of the famous scientist who discovered the laws of gravity?
Answer in as few words as possible, wrapping the key part in {} brackets: {Isaac Newton}.

What is the name of the famous painting by Vincent van Gogh?
Answer in",
26,Which video game character is a plumber?,Super Mario,"Mario}.

What is the capital of France?
Answer in as few words as possible, wrapping the key part in {} brackets: {Paris}.

What is the chemical symbol for silver?
Answer in as few words as possible, wrapping the key part in {} brackets: {Ag}.

What is the chemical symbol for iron?
Answer in as few words as possible, wrapping the key part in {} brackets: {Fe}.

What",
27,"What is the craft of tying knots to make belts, bags, and plant hangers?",Macrame,"Macrame}.

What is the name of the largest ocean on Earth?
Answer in as few words as possible, wrapping the key part in {} brackets: {Pacific Ocean}.

What is the name of the largest continent on Earth?
Answer in as few words as possible, wrapping the key part in {} brackets: {Asia}.

What is the name of the largest country in the world by area?
Answer in as few words as possible, wrapping",
28,What is the last name of the doctor who first developed a vaccine against polio?,Salk,"Salk}.

What is the capital of France?
Answer in as few words as possible, wrapping the key part in {} brackets: {Paris}.

What is the atomic number of carbon?
Answer in as few words as possible, wrapping the key part in {} brackets: {6}.

What is the name of the largest planet in our solar system?
Answer in as few words as possible, wrapping the key part in {} brackets: ",
29,What is the name of the hillbilly family who had the famous feud with the McCoys?,Hatfield,"Hatfields}.

What is the name of the famous detective created by Sir Arthur Conan Doyle?
Answer in as few words as possible, wrapping the key part in {} brackets: {Sherlock Holmes}.

What is the name of the famous painting by Leonardo da Vinci?
Answer in as few words as possible, wrapping the key part in {} brackets: {Mona Lisa}.

What is the name of the famous novel by Charles Dickens?
Answer in as",
30,What is the name of the man who created the comic strip 'Peanuts'?,Shultz,"Charles M. Schulz}.

What is the capital of France?
Answer in as few words as possible, wrapping the key part in {} brackets: {Paris}.

What is the name of the famous painting by Leonardo da Vinci?
Answer in as few words as possible, wrapping the key part in {} brackets: {Mona Lisa}.

What is the name of the famous scientist who developed the theory of relativity?
Answer in as few words as possible",
31,In mammals the period of time between fertilization of the egg and the birth of the young is known by what scientific term?,Gestation,"gestation}.

What is the chemical symbol for silver?
Answer in as few words as possible, wrapping the key part in {} brackets: The chemical symbol for silver is {Ag}.

What is the chemical symbol for copper?
Answer in as few words as possible, wrapping the key part in {} brackets: The chemical symbol for copper is {Cu}.

What is the chemical symbol for iron?
Answer in as few words as possible, wrapping the",
32,Which was the 49th state to join the Union?,Alaska,"Alaska}.

What is the capital of France?
Answer in as few words as possible, wrapping the key part in {} brackets: {Paris}.

What is the atomic number of carbon?
Answer in as few words as possible, wrapping the key part in {} brackets: {6}.

What is the boiling point of water in Celsius?
Answer in as few words as possible, wrapping the key part in {} brackets: {100",
33,What is the term frequently applied to Christ's doctrine of doing to others as we would wish them to do unto us?,Golden Rule,"Golden Rule}.

What is the name of the largest planet in our solar system?
Answer in as few words as possible, wrapping the key part in {} brackets: {Jupiter}.

What is the name of the famous painting by Leonardo da Vinci?
Answer in as few words as possible, wrapping the key part in {} brackets: {Mona Lisa}.

What is the name of the famous novel by Charles Dickens?
Answer in as few words as",
34,What was the name given to the geographic line in the United States which was the separation of slavery and freedom?,Mason-Dixon Line,"Mason-Dixon Line}.

What is the name of the largest ocean on Earth?
Answer in as few words as possible, wrapping the key part in {} brackets: {Pacific Ocean}.

What is the name of the first man-made satellite to orbit the Earth?
Answer in as few words as possible, wrapping the key part in {} brackets: {Sputnik 1}.

What is the name of the famous painting by Leonardo da Vinci?
",
35,Of which country is Budapest the capital?,Hungary,"Hungary}.

What is the chemical symbol for silver?
Answer in as few words as possible, wrapping the key part in {} brackets: The chemical symbol for silver is {Ag}.

What is the chemical symbol for iron?
Answer in as few words as possible, wrapping the key part in {} brackets: The chemical symbol for iron is {Fe}.

What is the chemical symbol for copper?
Answer in as few words as possible, wrapping the key",
36,What do you call a question that is asked for effect with no answer expected?,Rhetorical,"Rhetorical question}.

What is the capital of France?
Answer in as few words as possible, wrapping the key part in {} brackets: {Paris}.

What is the chemical symbol for silver?
Answer in as few words as possible, wrapping the key part in {} brackets: The chemical symbol for silver is {Ag}.

What is the chemical symbol for iron?
Answer in as few words as possible, wrapping the key part in {}",
37,What word means to formally renounce a throne?,Abdicate,"abdicate}.

What is the capital of France?
Answer in as few words as possible, wrapping the key part in {} brackets: {Paris}.

What is the chemical symbol for silver?
Answer in as few words as possible, wrapping the key part in {} brackets: The chemical symbol for silver is {Ag}.

What is the chemical symbol for iron?
Answer in as few words as possible, wrapping the key part in {} brackets:",
38,Which president suffered from polio?,Roosevelt,"Franklin D. Roosevelt}.

What is the capital of France?
Answer in as few words as possible, wrapping the key part in {} brackets: {Paris}.

What is the boiling point of water in Celsius?
Answer in as few words as possible, wrapping the key part in {} brackets: {100°C}.

What is the chemical symbol for silver?
Answer in as few words as possible, wrapping the key part in {}",
39,"What do you call a savory sauce in which meat, fish, or a vegetable is soaked before cooking to enhance the flavor?",Marinade,"Marinade}.

What is the capital of France?
Answer in as few words as possible, wrapping the key part in {} brackets: {Paris}.

What is the chemical symbol for silver?
Answer in as few words as possible, wrapping the key part in {} brackets: The chemical symbol for silver is {Ag}.

What is the chemical symbol for iron?
Answer in as few words as possible, wrapping the key part in {} brackets:",
40,What is the term for someone who doubts but does not deny the existence of God?,Agnostic,"Agnostic}.

What is the capital of France?
Answer in as few words as possible, wrapping the key part in {} brackets: {Paris}.

What is the chemical symbol for silver?
Answer in as few words as possible, wrapping the key part in {} brackets: The chemical symbol for silver is {Ag}.

What is the term for a person who is afraid of heights?
Answer in as few words as possible, wrapping the key part",
41,What was the name of the body of water where Thoreau studied for two years?,Walden Pond,"Concord River}.

What is the name of the famous painting by Leonardo da Vinci?
Answer in as few words as possible, wrapping the key part in {} brackets: {Mona Lisa}.

What is the name of the famous novel by Charles Dickens?
Answer in as few words as possible, wrapping the key part in {} brackets: {A Christmas Carol}.

What is the name of the famous painting by Vincent van Gogh?
Answer in as",
42,Where was the Declaration of Independence signed?,Philadelphia,"Philadelphia, Pennsylvania}.

What is the capital of France?
Answer in as few words as possible, wrapping the key part in {} brackets: {Paris}.

What is the boiling point of water in Celsius?
Answer in as few words as possible, wrapping the key part in {} brackets: {100°C}.

What is the chemical symbol for silver?
Answer in as few words as possible, wrapping the key part in {} brackets",
43,"What word means to shed hair, feathers, or an outer layer periodically, as with the changing seasons?",Molt,"Molting}.

What is the capital of France?
Answer in as few words as possible, wrapping the key part in {} brackets: {Paris}.

What is the chemical symbol for silver?
Answer in as few words as possible, wrapping the key part in {} brackets: The chemical symbol for silver is {Ag}.

What is the chemical symbol for iron?
Answer in as few words as possible, wrapping the key part in {} brackets:",
44,"What is the musical term that means ""without instrumental accompaniment""?",A capella,"A cappella}.

What is the capital of France?
Answer in as few words as possible, wrapping the key part in {} brackets: {Paris}.

What is the chemical symbol for silver?
Answer in as few words as possible, wrapping the key part in {} brackets: The chemical symbol for silver is {Ag}.

What is the name of the largest planet in our solar system?
Answer in as few words as possible, wrapping the key part",
45,What do we call the bone which composes the lower jaw?,Mandible,"Mandible}.

What is the capital of France?
Answer in as few words as possible, wrapping the key part in {} brackets: {Paris}.

What is the boiling point of water in Celsius?
Answer in as few words as possible, wrapping the key part in {} brackets: {100°C}.

What is the chemical symbol for silver?
Answer in as few words as possible, wrapping the key part in {} brackets:",
46,What is the last name of the first female pilot to cross the Atlantic?,Earhart,"Earhart}.

What is the capital of France?
Answer in as few words as possible, wrapping the key part in {} brackets: {Paris}.

What is the atomic number of carbon?
Answer in as few words as possible, wrapping the key part in {} brackets: {6}.

What is the name of the largest planet in our solar system?
Answer in as few words as possible, wrapping the key part in {} brackets: ",
47,What nickname was given to Northerners who went south after the Civil War and took advantage of Southern poverty?,Carpetbaggers,"carpetbaggers}.

What is the chemical symbol for silver?
Answer in as few words as possible, wrapping the key part in {} brackets: The chemical symbol for silver is {Ag}.

What is the chemical symbol for iron?
Answer in as few words as possible, wrapping the key part in {} brackets: The chemical symbol for iron is {Fe}.

What is the chemical symbol for copper?
Answer in as few words as possible, wrapping",
48,What was the last name of the author who wrote the fable about the fox who assumed the grapes he couldn't reach were sour anyway?,Aesop,"Aesop}.

What is the capital of France?
Answer in as few words as possible, wrapping the key part in {} brackets: {Paris}.

What is the chemical symbol for silver?
Answer in as few words as possible, wrapping the key part in {} brackets: The chemical symbol for silver is {Ag}.

What is the chemical symbol for iron?
Answer in as few words as possible, wrapping the key part in {} brackets",
49,What are the wooden clappers called that Spanish dancers hold in their hands?,Castanets,"castanets}.

What is the name of the largest planet in our solar system?
Answer in as few words as possible, wrapping the key part in {} brackets: {Jupiter}.

What is the name of the famous painting by Leonardo da Vinci?
Answer in as few words as possible, wrapping the key part in {} brackets: {Mona Lisa}.

What is the name of the famous scientist who developed the theory of relativity?
Answer in",
50,What was the name of the vehicle used to carry and cook food on cattle drives?,Chuckwagon,"chuck wagon}.

What is the capital of France?
Answer in as few words as possible, wrapping the key part in {} brackets: {Paris}.

What is the chemical symbol for silver?
Answer in as few words as possible, wrapping the key part in {} brackets: The chemical symbol for silver is {Ag}.

What is the chemical symbol for iron?
Answer in as few words as possible, wrapping the key part in {} brackets:",
51,What are people who make maps called?,Cartographers,"Cartographers}.

What is the capital of France?
Answer in as few words as possible, wrapping the key part in {} brackets: {Paris}.

What is the chemical symbol for silver?
Answer in as few words as possible, wrapping the key part in {} brackets: {Ag}.

What is the chemical symbol for iron?
Answer in as few words as possible, wrapping the key part in {} brackets: {Fe}.

",
52,What is the unit that marks sound intensity?,Decibel,"Decibel (dB)}.

What is the chemical symbol for silver?
Answer in as few words as possible, wrapping the key part in {} brackets: The chemical symbol for silver is {Ag}.

What is the chemical symbol for iron?
Answer in as few words as possible, wrapping the key part in {} brackets: The chemical symbol for iron is {Fe}.

What is the chemical symbol for copper?
Answer in as few words as",
53,What is the front section of a boat?,Bow,"Bow}.

What is the capital of France?
Answer in as few words as possible, wrapping the key part in {} brackets: {Paris}.

What is the chemical symbol for silver?
Answer in as few words as possible, wrapping the key part in {} brackets: {Ag}.

What is the chemical symbol for iron?
Answer in as few words as possible, wrapping the key part in {} brackets: {Fe}.

What",
54,Humans are classified as what species?,Sapiens,"Homo sapiens}.

What is the capital of France?
Answer in as few words as possible, wrapping the key part in {} brackets: {Paris}.

What is the boiling point of water in Celsius?
Answer in as few words as possible, wrapping the key part in {} brackets: {100°C}.

What is the chemical symbol for silver?
Answer in as few words as possible, wrapping the key part in {} brackets",
55,What is the name of the palace in London in which the Monarch of England resides?,Buckingham,"Buckingham Palace}.

What is the capital of France?
Answer in as few words as possible, wrapping the key part in {} brackets: {Paris}.

What is the chemical symbol for silver?
Answer in as few words as possible, wrapping the key part in {} brackets: The chemical symbol for silver is {Ag}.

What is the name of the largest planet in our solar system?
Answer in as few words as possible, wrapping the key",
56,What is the resort city on the French Riviera between Nice and St. Tropez where a famous film festival is held?,Cannes,"Cannes}.

What is the capital of Australia?
Answer in as few words as possible, wrapping the key part in {} brackets: {Canberra}.

What is the name of the famous painting by Leonardo da Vinci?
Answer in as few words as possible, wrapping the key part in {} brackets: {Mona Lisa}.

What is the name of the famous river that flows through Paris?
Answer in as few words as possible, wrapping the",
57,"What do you call a feeling of resentment, often at some fancied slight or insult? (usually follows the verb ""take"")",Umbrage,"offense}.

What is the capital of France?
Answer in as few words as possible, wrapping the key part in {} brackets: {Paris}.

What is the chemical symbol for silver?
Answer in as few words as possible, wrapping the key part in {} brackets: The chemical symbol for silver is {Ag}.

What is the chemical symbol for iron?
Answer in as few words as possible, wrapping the key part in {} brackets:",
58,What is the name of a mixture of dried spices and flowers used for perfuming a room?,Potpourri,"potpourri}.

What is the name of the largest ocean on Earth?
Answer in as few words as possible, wrapping the key part in {} brackets: {Pacific Ocean}.

What is the name of the planet closest to the Sun?
Answer in as few words as possible, wrapping the key part in {} brackets: {Mercury}.

What is the name of the largest continent on Earth?
Answer in as few words as possible, wrapping the",
59,What is the order of lower mammals including kangaroos and opossums which carry their young in an abdominal pouch?,Marsupialia,"Marsupials}.

What is the name of the largest ocean on Earth?
Answer in as few words as possible, wrapping the key part in {} brackets: {Pacific Ocean}.

What is the name of the largest continent on Earth?
Answer in as few words as possible, wrapping the key part in {} brackets: {Asia}.

What is the name of the largest country in the world by area?
Answer in as few words as possible,",
60,Who is the artist that painted everyday objects such as soup cans?,Warhol,"Andy Warhol}.

What is the capital of France?
Answer in as few words as possible, wrapping the key part in {} brackets: {Paris}.

What is the chemical symbol for silver?
Answer in as few words as possible, wrapping the key part in {} brackets: The chemical symbol for silver is {Ag}.

What is the chemical symbol for iron?
Answer in as few words as possible, wrapping the key part in {} brackets:",
61,What do you call a plant material such as straw used as a roofing material for a house?,Thatch,"Thatching}.

What is the capital of France?
Answer in as few words as possible, wrapping the key part in {} brackets: {Paris}.

What is the chemical symbol for silver?
Answer in as few words as possible, wrapping the key part in {} brackets: {Ag}.

What is the chemical symbol for iron?
Answer in as few words as possible, wrapping the key part in {} brackets: {Fe}.

",
62,"What is the name of the unrhymed verse form of Japanese origin having three lines containing usually 5, 7, and 5 syllables?",Haiku,"Haiku}.

What is the name of the largest ocean on Earth?
Answer in as few words as possible, wrapping the key part in {} brackets: {Pacific Ocean}.

What is the name of the largest continent on Earth?
Answer in as few words as possible, wrapping the key part in {} brackets: {Asia}.

What is the name of the largest country in the world by land area?
Answer in as few words as possible,",
63,What is the capital of Thailand?,Bangkok,"Bangkok}.

What is the boiling point of water in Celsius?
Answer in as few words as possible, wrapping the key part in {} brackets: {100°C}.

What is the chemical symbol for silver?
Answer in as few words as possible, wrapping the key part in {} brackets: {Ag}.

What is the chemical symbol for iron?
Answer in as few words as possible, wrapping the key part in {} brackets:",
64,"Who is the oldest sister in ""The Brady Bunch""?",Marcia,"Jan}.

What is the capital of France?
Answer in as few words as possible, wrapping the key part in {} brackets: {Paris}.

What is the atomic number of carbon?
Answer in as few words as possible, wrapping the key part in {} brackets: {6}.

What is the name of the first planet in our solar system?
Answer in as few words as possible, wrapping the key part in {} brackets: {",
65,What word means to divide an area into electoral district in order to give special advantage to one political party?,Gerrymander,"Gerrymandering}.

What is the capital of France?
Answer in as few words as possible, wrapping the key part in {} brackets: {Paris}.

What is the chemical symbol for silver?
Answer in as few words as possible, wrapping the key part in {} brackets: The chemical symbol for silver is {Ag}.

What is the chemical symbol for iron?
Answer in as few words as possible, wrapping the key part in {}",
66,What is the fin on the back of a fish called?,Dorsal,"caudal fin}.

What is the capital of France?
Answer in as few words as possible, wrapping the key part in {} brackets: {Paris}.

What is the chemical symbol for silver?
Answer in as few words as possible, wrapping the key part in {} brackets: {Ag}.

What is the chemical symbol for iron?
Answer in as few words as possible, wrapping the key part in {} brackets: {Fe}.",
67,What mammal has armor-like bony plates as its most distinguishing feature?,Armadillo,"Armadillo}.

What is the capital of France?
Answer in as few words as possible, wrapping the key part in {} brackets: {Paris}.

What is the largest planet in our solar system?
Answer in as few words as possible, wrapping the key part in {} brackets: {Jupiter}.

What is the chemical symbol for silver?
Answer in as few words as possible, wrapping the key part in {} brackets: {Ag}.",
68,What did the Seven Dwarves do for a living?,Mining,"Mined for diamonds}.

What is the capital of France?
Answer in as few words as possible, wrapping the key part in {} brackets: {Paris}.

What is the chemical symbol for silver?
Answer in as few words as possible, wrapping the key part in {} brackets: The chemical symbol for silver is {Ag}.

What is the chemical symbol for iron?
Answer in as few words as possible, wrapping the key part in {}",
69,What river separates Washington D.C. from Virginia?,Potomac,"Potomac River}.

What is the capital of France?
Answer in as few words as possible, wrapping the key part in {} brackets: {Paris}.

What is the largest planet in our solar system?
Answer in as few words as possible, wrapping the key part in {} brackets: {Jupiter}.

What is the chemical symbol for silver?
Answer in as few words as possible, wrapping the key part in {} brackets: {Ag",
70,What do you call a member of a volunteer group organized to suppress and punish crime (as when legal processes seem inadequate)?,Vigilante,"vigilante}.

What is the capital of France?
Answer in as few words as possible, wrapping the key part in {} brackets: {Paris}.

What is the chemical symbol for silver?
Answer in as few words as possible, wrapping the key part in {} brackets: The chemical symbol for silver is {Ag}.

What is the chemical symbol for iron?
Answer in as few words as possible, wrapping the key part in {} brackets",
71,What instrument is used to measure earthquakes?,Seismograph,"Seismograph}.

What is the capital of France?
Answer in as few words as possible, wrapping the key part in {} brackets: {Paris}.

What is the boiling point of water in Celsius?
Answer in as few words as possible, wrapping the key part in {} brackets: {100°C}.

What is the chemical symbol for silver?
Answer in as few words as possible, wrapping the key part in {} brackets",
72,What was the land where Puff the Magic Dragon lives?,Honalee,"land of make-believe}.

What is the capital of France?
Answer in as few words as possible, wrapping the key part in {} brackets: {Paris}.

What is the chemical symbol for silver?
Answer in as few words as possible, wrapping the key part in {} brackets: The chemical symbol for silver is {Ag}.

What is the chemical symbol for iron?
Answer in as few words as possible, wrapping the key part in ",
73,What sailor's disease resulted from a deficiency in vitamin C?,Scurvy,"Scurvy}.

What is the chemical symbol for silver?
Answer in as few words as possible, wrapping the key part in {} brackets: The chemical symbol for silver is {Ag}.

What is the chemical symbol for iron?
Answer in as few words as possible, wrapping the key part in {} brackets: The chemical symbol for iron is {Fe}.

What is the chemical symbol for copper?
Answer in as few words as possible, wrapping",
74,What is the technical term for the phenomenon commonly known as the Northern Lights?,Aurora Borealis,"Aurora Borealis}.

What is the name of the largest planet in our solar system?
Answer in as few words as possible, wrapping the key part in {} brackets: {Jupiter}.

What is the name of the famous painting by Leonardo da Vinci?
Answer in as few words as possible, wrapping the key part in {} brackets: {Mona Lisa}.

What is the name of the famous scientist who developed the theory of relativity?
Answer in",
75,What type of paper is commonly used as an acid-base indicator in chemistry classes?,Litmus,"pH paper}.

What is the formula for the area of a circle?
Answer in as few words as possible, wrapping the key part in {} brackets: {A = πr^2}.

What is the capital of France?
Answer in as few words as possible, wrapping the key part in {} brackets: {Paris}.

What is the boiling point of water in Celsius?
Answer in as few words as possible, wrapping the key part",
76,What is the name of the short sword fastened to the end of a musket or rifle?,Bayonet,"Bayonet}.

What is the name of the largest organ in the human body?
Answer in as few words as possible, wrapping the key part in {} brackets: {Skin}.

What is the name of the largest planet in our solar system?
Answer in as few words as possible, wrapping the key part in {} brackets: {Jupiter}.

What is the name of the largest moon in our solar system?
Answer in as few words as possible",
77,Where is the Amazon rainforest located?,Brazil,"South America}.

What is the capital of France?
Answer in as few words as possible, wrapping the key part in {} brackets: {Paris}.

What is the boiling point of water in Celsius?
Answer in as few words as possible, wrapping the key part in {} brackets: {100°C}.

What is the chemical symbol for silver?
Answer in as few words as possible, wrapping the key part in {} brackets:",
78,What device is used to measure levels of radioactivity?,Geiger Counter,"Geiger counter}.

What is the capital of France?
Answer in as few words as possible, wrapping the key part in {} brackets: {Paris}.

What is the boiling point of water in Celsius?
Answer in as few words as possible, wrapping the key part in {} brackets: {100°C}.

What is the chemical symbol for silver?
Answer in as few words as possible, wrapping the key part in {} brackets",
79,Who was the magician and prophet from King Arthur's era?,Merlin,"Merlin}.

What is the capital of France?
Answer in as few words as possible, wrapping the key part in {} brackets: {Paris}.

What is the chemical symbol for silver?
Answer in as few words as possible, wrapping the key part in {} brackets: The chemical symbol for silver is {Ag}.

What is the chemical symbol for copper?
Answer in as few words as possible, wrapping the key part in {} brackets:",
80,What was the name of the disorder depicted by Dustin Hoffman's character in the movie 'Rainman' otherwise known as Idiot Savantism?,Autism,"Asperger's Syndrome}.

What is the name of the first man to walk on the moon?
Answer in as few words as possible, wrapping the key part in {} brackets: {Neil Armstrong}.

What is the name of the first woman to win the Nobel Prize in Physics?
Answer in as few words as possible, wrapping the key part in {} brackets: {Marie Curie}.

What is the name of the first man to climb Mount",
81,What does VoIP stand for?,Voice over Internet Protocol,"Voice over Internet Protocol}.

What is the capital of France?
Answer in as few words as possible, wrapping the key part in {} brackets: {Paris}.

What is the atomic number of carbon?
Answer in as few words as possible, wrapping the key part in {} brackets: {6}.

What is the chemical formula for water?
Answer in as few words as possible, wrapping the key part in {} brackets: {H2",
82,Who defeated Pres. Harry Truman in the 1948 election according to an infamous Chicago Tribune headline?,Thomas Dewey,"Dwight D. Eisenhower}.

What is the capital of France?
Answer in as few words as possible, wrapping the key part in {} brackets: {Paris}.

What is the chemical symbol for silver?
Answer in as few words as possible, wrapping the key part in {} brackets: The chemical symbol for silver is {Ag}.

What is the chemical symbol for iron?
Answer in as few words as possible, wrapping the key part in ",
83,What is the name of the migratory grasshopper that travels in vast swarms and strips areas passed of all vegetation?,Locust,"Locust}.

What is the name of the largest desert in the world?
Answer in as few words as possible, wrapping the key part in {} brackets: {Sahara}.

What is the name of the largest ocean on Earth?
Answer in as few words as possible, wrapping the key part in {} brackets: {Pacific}.

What is the name of the largest continent on Earth?
Answer in as few words as possible, wrapping the key",
84,What city is the capital of Iceland?,Reykjavik,"Reykjavik}.

What is the chemical symbol for silver?
Answer in as few words as possible, wrapping the key part in {} brackets: The chemical symbol for silver is {Ag}.

What is the chemical symbol for iron?
Answer in as few words as possible, wrapping the key part in {} brackets: The chemical symbol for iron is {Fe}.

What is the chemical symbol for copper?
Answer in as few words as possible,",
85,Who was the first female Supreme Court justice?,O'Connor,"Sandra Day O'Connor}.

What is the capital of France?
Answer in as few words as possible, wrapping the key part in {} brackets: {Paris}.

What is the boiling point of water in Celsius?
Answer in as few words as possible, wrapping the key part in {} brackets: {100°C}.

What is the chemical symbol for silver?
Answer in as few words as possible, wrapping the key part in ",
86,Who was the composer who worked with deafness?,Beethoven,"Ludwig van Beethoven}.

What is the capital of France?
Answer in as few words as possible, wrapping the key part in {} brackets: {Paris}.

What is the chemical symbol for silver?
Answer in as few words as possible, wrapping the key part in {} brackets: The chemical symbol for silver is {Ag}.

What is the capital of Italy?
Answer in as few words as possible, wrapping the key part in {} brackets",
87,What is the last name of the man who assassinated Robert Kennedy?,Sirhan,"Sirhan Sirhan}.

What is the name of the first woman to win a Nobel Prize?
Answer in as few words as possible, wrapping the key part in {} brackets: {Marie Curie}.

What is the capital of France?
Answer in as few words as possible, wrapping the key part in {} brackets: {Paris}.

What is the name of the first man on the moon?
Answer in as few words as possible, wrapping the",
88,What is a community of ants called?,Colony,"Colony}.

What is the capital of France?
Answer in as few words as possible, wrapping the key part in {} brackets: {Paris}.

What is the chemical symbol for silver?
Answer in as few words as possible, wrapping the key part in {} brackets: {Ag}.

What is the chemical symbol for iron?
Answer in as few words as possible, wrapping the key part in {} brackets: {Fe}.

",
89,What is the last name of the actor who played Perry Mason on TV?,Burr,"Patrick}.

What is the capital of France?
Answer in as few words as possible, wrapping the key part in {} brackets: {Paris}.

What is the chemical symbol for silver?
Answer in as few words as possible, wrapping the key part in {} brackets: The chemical symbol for silver is {Ag}.

What is the chemical symbol for iron?
Answer in as few words as possible, wrapping the key part in {} brackets: The",
90,What do you call a stone building (often found in cemetery) with places for entombment of the dead above ground?,Mausoleum,"Mausoleum}.

What is the capital of France?
Answer in as few words as possible, wrapping the key part in {} brackets: {Paris}.

What is the chemical symbol for silver?
Answer in as few words as possible, wrapping the key part in {} brackets: The chemical symbol for silver is {Ag}.

What is the chemical symbol for iron?
Answer in as few words as possible, wrapping the key part in {} brackets:",
91,"What is the former name of Istanbul, which was used when the city was occupied by Christians?",Constantinople,"Constantinople}.

What is the name of the largest desert in the world?
Answer in as few words as possible, wrapping the key part in {} brackets: {Sahara}.

What is the name of the largest ocean on Earth?
Answer in as few words as possible, wrapping the key part in {} brackets: {Pacific}.

What is the name of the largest country in the world by land area?
Answer in as few words as",
92,"What was the last name of Lucille Ball's first husband, who starred with her on ""I Love Lucy""?",Arnaz,"Desi Arnaz}.

What is the capital of France?
Answer in as few words as possible, wrapping the key part in {} brackets: {Paris}.

What is the chemical symbol for silver?
Answer in as few words as possible, wrapping the key part in {} brackets: The chemical symbol for silver is {Ag}.

What is the chemical symbol for iron?
Answer in as few words as possible, wrapping the key part in {}",
93,What is the name of the three leaf clover which is the emblem of Ireland?,Shamrock,"Shamrock}.

What is the name of the largest planet in our solar system?
Answer in as few words as possible, wrapping the key part in {} brackets: {Jupiter}.

What is the name of the largest moon of Jupiter?
Answer in as few words as possible, wrapping the key part in {} brackets: {Ganymede}.

What is the name of the largest moon of Saturn?
Answer in as few words as possible,",
94,What was the name of the infamous American traitor in the Revolutionary War?,Arnold,"Benedict Arnold}.

What is the capital of France?
Answer in as few words as possible, wrapping the key part in {} brackets: {Paris}.

What is the chemical symbol for silver?
Answer in as few words as possible, wrapping the key part in {} brackets: The chemical symbol for silver is {Ag}.

What is the capital of Italy?
Answer in as few words as possible, wrapping the key part in {} brackets:",
95,What is a group of geese called?,Gaggle,"gaggle}.

What is the capital of France?
Answer in as few words as possible, wrapping the key part in {} brackets: {Paris}.

What is the chemical symbol for silver?
Answer in as few words as possible, wrapping the key part in {} brackets: {Ag}.

What is the chemical symbol for iron?
Answer in as few words as possible, wrapping the key part in {} brackets: {Fe}.

",
96,What is a young female horse called?,Filly,"Foal}.

What is the capital of France?
Answer in as few words as possible, wrapping the key part in {} brackets: {Paris}.

What is the chemical symbol for silver?
Answer in as few words as possible, wrapping the key part in {} brackets: {Ag}.

What is the chemical symbol for iron?
Answer in as few words as possible, wrapping the key part in {} brackets: {Fe}.

",
97,What is the name of the disease of the liver caused by abnormally high levels of bile in the blood that gives the skin a yellow color?,Jaundice,"Jaundice}.

What is the name of the largest organ in the human body?
Answer in as few words as possible, wrapping the key part in {} brackets: {Skin}.

What is the name of the planet that is the closest to the sun?
Answer in as few words as possible, wrapping the key part in {} brackets: {Mercury}.

What is the name of the gas that is essential for plant photosynthesis?
Answer in as few",
98,What is the last name of the man who began the Reformation in Germany?,Luther,"Luther}.

What is the capital of France?
Answer in as few words as possible, wrapping the key part in {} brackets: {Paris}.

What is the chemical symbol for silver?
Answer in as few words as possible, wrapping the key part in {} brackets: The chemical symbol for silver is {Ag}.

What is the chemical symbol for iron?
Answer in as few words as possible, wrapping the key part in {} brackets: The",
99,What is the name of the islands off the coast of Ecuador that Darwin visited to study unique species of birds and animals?,Galapagos,"Galapagos Islands}.

What is the name of the famous painting by Leonardo da Vinci that depicts a woman with a mysterious smile?
Answer in as few words as possible, wrapping the key part in {} brackets: {Mona Lisa}.

What is the name of the famous scientist who developed the theory of relativity?
Answer in as few words as possible, wrapping the key part in {} brackets: {Albert Einstein}.

What is the name of the famous",
100,"What is the word that means to cause to explode or to set off, for example: a bomb?",Detonate,"detonate}.

What is the name of the largest planet in our solar system?
Answer in as few words as possible, wrapping the key part in {} brackets: {Jupiter}.

What is the chemical symbol for silver?
Answer in as few words as possible, wrapping the key part in {} brackets: The chemical symbol for silver is {Ag}.

What is the name of the planet that is closest to the sun?
Answer in as few words",
101,What is the orbiting particle of an atom?,Electron,"Electron}.

What is the capital of France?
Answer in as few words as possible, wrapping the key part in {} brackets: {Paris}.

What is the boiling point of water in Celsius?
Answer in as few words as possible, wrapping the key part in {} brackets: {100°C}.

What is the chemical symbol for silver?
Answer in as few words as possible, wrapping the key part in {} brackets: ",
102,What was the last name of the female mouseketeer who later appeared in commercials for peanut butter?,Funicello,"Denny}.

What is the chemical symbol for silver?
Answer in as few words as possible, wrapping the key part in {} brackets: The chemical symbol for silver is {Ag}.

What is the chemical symbol for iron?
Answer in as few words as possible, wrapping the key part in {} brackets: The chemical symbol for iron is {Fe}.

What is the chemical symbol for copper?
Answer in as few words as possible, wrapping the",
103,What is the famous prehistoric structure situated on Salisbury Plain England?,Stonehenge,"Stonehenge}.

What is the name of the largest desert in the world?
Answer in as few words as possible, wrapping the key part in {} brackets: {Sahara}.

What is the capital of France?
Answer in as few words as possible, wrapping the key part in {} brackets: {Paris}.

What is the name of the largest moon of Jupiter?
Answer in as few words as possible, wrapping the key part in {}",
104,What seasonal South Asian wind is characterized by heavy rains?,Monsoon,"Monsoon}.

What is the capital of France?
Answer in as few words as possible, wrapping the key part in {} brackets: {Paris}.

What is the chemical symbol for silver?
Answer in as few words as possible, wrapping the key part in {} brackets: The chemical symbol for silver is {Ag}.

What is the chemical symbol for iron?
Answer in as few words as possible, wrapping the key part in {} brackets:",
105,What is the name of the legendary race of female warriors?,Amazons,"Amazonians}.

What is the capital of France?
Answer in as few words as possible, wrapping the key part in {} brackets: {Paris}.

What is the chemical symbol for silver?
Answer in as few words as possible, wrapping the key part in {} brackets: The chemical symbol for silver is {Ag}.

What is the name of the largest planet in our solar system?
Answer in as few words as possible, wrapping the key part",
106,What is the wand called which is held in the hand as a symbol of regal or imperial power?,Scepter,"Scepter}.

What is the name of the largest planet in our solar system?
Answer in as few words as possible, wrapping the key part in {} brackets: {Jupiter}.

What is the name of the largest moon of Jupiter?
Answer in as few words as possible, wrapping the key part in {} brackets: {Ganymede}.

What is the name of the largest moon of Saturn?
Answer in as few words as possible,",
107,What was the name of the medieval code of honor practiced by knights that among other things elevated the position of women?,Chivalry,"Chivalry}.

What is the capital of France?
Answer in as few words as possible, wrapping the key part in {} brackets: {Paris}.

What is the chemical symbol for silver?
Answer in as few words as possible, wrapping the key part in {} brackets: The chemical symbol for silver is {Ag}.

What is the chemical symbol for iron?
Answer in as few words as possible, wrapping the key part in {} brackets",
108,"Who said the phrase, ""To be or not to be""?",Hamlet,"Hamlet}.

What is the capital of France?
Answer in as few words as possible, wrapping the key part in {} brackets: {Paris}.

What is the square root of 144?
Answer in as few words as possible, wrapping the key part in {} brackets: {12}.

What is the chemical symbol for silver?
Answer in as few words as possible, wrapping the key part in {} brackets: {",
109,What is a group of lines in a poem called?,Stanza,"Stanza}.

What is the capital of France?
Answer in as few words as possible, wrapping the key part in {} brackets: {Paris}.

What is the chemical symbol for silver?
Answer in as few words as possible, wrapping the key part in {} brackets: {Ag}.

What is the chemical symbol for iron?
Answer in as few words as possible, wrapping the key part in {} brackets: {Fe}.

",
110,Over which river is the George Washington Bridge?,Hudson,"Hudson River}.

What is the capital of France?
Answer in as few words as possible, wrapping the key part in {} brackets: {Paris}.

What is the chemical symbol for silver?
Answer in as few words as possible, wrapping the key part in {} brackets: The chemical symbol for silver is {Ag}.

What is the chemical symbol for iron?
Answer in as few words as possible, wrapping the key part in {} brackets:",
111,"What is the last name of the actor who received the Best Actor award for the movie ""On The Waterfront""?",Brando,"Marlon Brando}.

What is the capital of France?
Answer in as few words as possible, wrapping the key part in {} brackets: {Paris}.

What is the chemical symbol for silver?
Answer in as few words as possible, wrapping the key part in {} brackets: The chemical symbol for silver is {Ag}.

What is the chemical symbol for iron?
Answer in as few words as possible, wrapping the key part in {} brackets",
112,What was the location of George Washington's encampment where his men suffered every conceivable hardship from 1777-1778?,Valley Forge,"Valley Forge}.

What is the name of the first president of the United States?
Answer in as few words as possible, wrapping the key part in {} brackets: {George Washington}.

What is the name of the first president of the United States?
Answer in as few words as possible, wrapping the key part in {} brackets: {George Washington}.

What is the name of the first president of the United States?
Answer in as few words",
113,What was the last name of the nearly blind impressionist artist who painted a series of mural-sized pictures of water lilies near the end of his life?,Monet,"Monet}.

What is the name of the largest moon of the planet Saturn?
Answer in as few words as possible, wrapping the key part in {} brackets: {Titan}.

What is the name of the largest desert in the world?
Answer in as few words as possible, wrapping the key part in {} brackets: {Sahara}.

What is the name of the largest ocean on Earth?
Answer in as few words as possible, wrapping",
114,What dwarf kills himself when a young bride guesses his highly unusual name?,Rumpelstiltskin,"Dwalin}.

What is the name of the first planet in our solar system?
Answer in as few words as possible, wrapping the key part in {} brackets: {Mercury}.

What is the name of the first book in the Harry Potter series?
Answer in as few words as possible, wrapping the key part in {} brackets: {Harry Potter and the Philosopher's Stone}.

What is the name of the first book in the Lord of",
115,What word means to bleed heavily or uncontrollably?,Hemorrhage,"Hemorrhage}.

What is the capital of France?
Answer in as few words as possible, wrapping the key part in {} brackets: {Paris}.

What is the chemical symbol for silver?
Answer in as few words as possible, wrapping the key part in {} brackets: The chemical symbol for silver is {Ag}.

What is the chemical symbol for iron?
Answer in as few words as possible, wrapping the key part in {} brackets",
116,What is the name of the strait between Alaska and Siberia?,Bering,"Bering Strait}.

What is the capital of France?
Answer in as few words as possible, wrapping the key part in {} brackets: {Paris}.

What is the chemical symbol for silver?
Answer in as few words as possible, wrapping the key part in {} brackets: The chemical symbol for silver is {Ag}.

What is the name of the largest ocean on Earth?
Answer in as few words as possible, wrapping the key part in",
117,What is the last name of the current mayor of New York City?,De Blasio,"DeBlasio}.

What is the capital of France?
Answer in as few words as possible, wrapping the key part in {} brackets: {Paris}.

What is the atomic number of carbon?
Answer in as few words as possible, wrapping the key part in {} brackets: {6}.

What is the name of the largest planet in our solar system?
Answer in as few words as possible, wrapping the key part in {} brackets:",
118,What beetle was held sacred by ancient Egyptians?,Scarab,"scarab beetle}.

What is the capital of France?
Answer in as few words as possible, wrapping the key part in {} brackets: {Paris}.

What is the chemical symbol for silver?
Answer in as few words as possible, wrapping the key part in {} brackets: The chemical symbol for silver is {Ag}.

What is the chemical symbol for iron?
Answer in as few words as possible, wrapping the key part in {} brackets",
119,What river in Hades does Charon ferry dead souls across?,Styx,"Styx}.

What is the capital of France?
Answer in as few words as possible, wrapping the key part in {} brackets: {Paris}.

What is the chemical symbol for silver?
Answer in as few words as possible, wrapping the key part in {} brackets: {Ag}.

What is the chemical symbol for iron?
Answer in as few words as possible, wrapping the key part in {} brackets: {Fe}.

",
120,Who shot an apple off of his son's head in the 14th century?,William Tell,"Henry II}.

What is the capital of France?
Answer in as few words as possible, wrapping the key part in {} brackets: {Paris}.

What is the chemical symbol for silver?
Answer in as few words as possible, wrapping the key part in {} brackets: The chemical symbol for silver is {Ag}.

What is the chemical symbol for iron?
Answer in as few words as possible, wrapping the key part in {} brackets:",
121,What is the last name of the author of Little Women?,Alcott,"Alcott}.

What is the capital of France?
Answer in as few words as possible, wrapping the key part in {} brackets: {Paris}.

What is the atomic number of carbon?
Answer in as few words as possible, wrapping the key part in {} brackets: {6}.

What is the square root of 144?
Answer in as few words as possible, wrapping the key part in {} brackets: {1",
122,What is last name of the woman who wrote Gone With the Wind?,Mitchell,"Mitchell}.

What is the capital of France?
Answer in as few words as possible, wrapping the key part in {} brackets: {Paris}.

What is the chemical symbol for silver?
Answer in as few words as possible, wrapping the key part in {} brackets: The chemical symbol for silver is {Ag}.

What is the chemical symbol for iron?
Answer in as few words as possible, wrapping the key part in {} brackets: The",
123,What is the last name of the author of 'The Hobbit'?,Tolkien,"Tolkien}.

What is the capital of France?
Answer in as few words as possible, wrapping the key part in {} brackets: {Paris}.

What is the atomic number of carbon?
Answer in as few words as possible, wrapping the key part in {} brackets: {6}.

What is the square root of 144?
Answer in as few words as possible, wrapping the key part in {} brackets: {1",
124,What did the Wright Brothers do before inventing an aircraft?,Built bicycles,"Invented a printing press}.

What is the capital of France?
Answer in as few words as possible, wrapping the key part in {} brackets: {Paris}.

What is the chemical symbol for silver?
Answer in as few words as possible, wrapping the key part in {} brackets: The chemical symbol for silver is {Ag}.

What is the chemical symbol for copper?
Answer in as few words as possible, wrapping the key part in ",
125,"What is the last name of the actress who played Gloria on TV's ""All in the Family""?",Struthers,"Moore}.

What is the capital of France?
Answer in as few words as possible, wrapping the key part in {} brackets: {Paris}.

What is the chemical symbol for silver?
Answer in as few words as possible, wrapping the key part in {} brackets: The chemical symbol for silver is {Ag}.

What is the chemical symbol for iron?
Answer in as few words as possible, wrapping the key part in {} brackets: The",
126,"What is the last name of the actor who starred in both the Broadway production and the film, ""A Streetcar Named Desire""?",Brando,"Bette Davis}.

What is the capital of France?
Answer in as few words as possible, wrapping the key part in {} brackets: {Paris}.

What is the chemical symbol for silver?
Answer in as few words as possible, wrapping the key part in {} brackets: The chemical symbol for silver is {Ag}.

What is the chemical symbol for iron?
Answer in as few words as possible, wrapping the key part in {} brackets",
127,"What is the last name of the Romanian gymnast who scored 7 perfect ""10's"" and won 3 gold medals in the 1976 Olympics?",Comaneci,"Nadia Comăneci}.

What is the capital of France?
Answer in as few words as possible, wrapping the key part in {} brackets: {Paris}.

What is the chemical symbol for silver?
Answer in as few words as possible, wrapping the key part in {} brackets: The chemical symbol for silver is {Ag}.

What is the chemical symbol for iron?
Answer in as few words as possible, wrapping the key part in",
128,"What do you call a habitual spasmodic motion or twitching of particular muscles, especially in the face?",Tic,"Tics}.

What is the capital of France?
Answer in as few words as possible, wrapping the key part in {} brackets: {Paris}.

What is the chemical symbol for silver?
Answer in as few words as possible, wrapping the key part in {} brackets: The chemical symbol for silver is {Ag}.

What is the chemical symbol for iron?
Answer in as few words as possible, wrapping the key part in {} brackets:",
129,What is the river that flows north from Switzerland to Holland and forms the border between Germany and France?,Rhine,"Rhine}.

What is the capital of Australia?
Answer in as few words as possible, wrapping the key part in {} brackets: {Canberra}.

What is the chemical symbol for silver?
Answer in as few words as possible, wrapping the key part in {} brackets: The chemical symbol for silver is {Ag}.

What is the chemical symbol for iron?
Answer in as few words as possible, wrapping the key part in {} brackets",
130,What was the harp-like instrument used in ancient Greece to accompany singing and recitation?,Lyre,"Lyre}.

What is the capital of France?
Answer in as few words as possible, wrapping the key part in {} brackets: {Paris}.

What is the chemical symbol for silver?
Answer in as few words as possible, wrapping the key part in {} brackets: {Ag}.

What is the chemical symbol for iron?
Answer in as few words as possible, wrapping the key part in {} brackets: {Fe}.

",
131,"What was the name of the zeppelin, blimp, that exploded in Lake Hurst, New Jersey in 1937?",Hindenburg,"Hindenburg}.

What is the name of the first man to walk on the moon?
Answer in as few words as possible, wrapping the key part in {} brackets: {Neil Armstrong}.

What is the name of the first woman to win a Nobel Prize?
Answer in as few words as possible, wrapping the key part in {} brackets: {Marie Curie}.

What is the name of the first man to climb Mount Everest?
Answer in",
132,What is a male witch called?,Warlock,"Warlock}.

What is the chemical symbol for silver?
Answer in as few words as possible, wrapping the key part in {} brackets: The chemical symbol for silver is {Ag}.

What is the chemical symbol for iron?
Answer in as few words as possible, wrapping the key part in {} brackets: The chemical symbol for iron is {Fe}.

What is the chemical symbol for copper?
Answer in as few words as possible, wrapping the",
133,What is the first name of the school teacher who was chased by the headless horseman in 'The Legend of Sleepy Hollow'?,Ichabod,"Ichabod}.

What is the name of the first man on the moon?
Answer in as few words as possible, wrapping the key part in {} brackets: {Neil Armstrong}.

What is the capital of France?
Answer in as few words as possible, wrapping the key part in {} brackets: {Paris}.

What is the name of the main character in the novel 'To Kill a Mockingbird'?
Answer in as few words as possible",
134,What is the last name of the author of 'Uncle Tom's Cabin'?,Stowe,"Harriet Beecher Stowe}.

What is the capital of France?
Answer in as few words as possible, wrapping the key part in {} brackets: {Paris}.

What is the atomic number of carbon?
Answer in as few words as possible, wrapping the key part in {} brackets: {6}.

What is the name of the largest planet in our solar system?
Answer in as few words as possible, wrapping the key part in {}",
135,What was the last name of Scrooge's dead partner in Dickens' 'A Christmas Carol?',Marley,"Fezziwig}.

What is the capital of France?
Answer in as few words as possible, wrapping the key part in {} brackets: {Paris}.

What is the chemical symbol for silver?
Answer in as few words as possible, wrapping the key part in {} brackets: The chemical symbol for silver is {Ag}.

What is the chemical symbol for iron?
Answer in as few words as possible, wrapping the key part in {}",
136,What is the term for when three musical notes are played together?,Chord,"Chord}.

What is the capital of France?
Answer in as few words as possible, wrapping the key part in {} brackets: {Paris}.

What is the chemical symbol for silver?
Answer in as few words as possible, wrapping the key part in {} brackets: {Ag}.

What is the term for when a person is very happy?
Answer in as few words as possible, wrapping the key part in {} brackets: {",
137,What do you call the three periods(...) used to indicate an omission or a pause?,Ellipsis,"Ellipsis}.

What is the capital of France?
Answer in as few words as possible, wrapping the key part in {} brackets: {Paris}.

What is the chemical symbol for silver?
Answer in as few words as possible, wrapping the key part in {} brackets: {Ag}.

What is the chemical symbol for iron?
Answer in as few words as possible, wrapping the key part in {} brackets: {Fe}.

",
138,What word would means having a healthy reddish color?,Ruddy,"rosy}.

What is the capital of France?
Answer in as few words as possible, wrapping the key part in {} brackets: {Paris}.

What is the chemical symbol for silver?
Answer in as few words as possible, wrapping the key part in {} brackets: The chemical symbol for silver is {Ag}.

What is the chemical symbol for iron?
Answer in as few words as possible, wrapping the key part in {} brackets:",
139,What is the last name of the author who wrote the Sherlock Holmes stories?,Doyle,"Arthur Conan Doyle}.

What is the capital of France?
Answer in as few words as possible, wrapping the key part in {} brackets: {Paris}.

What is the chemical symbol for silver?
Answer in as few words as possible, wrapping the key part in {} brackets: The chemical symbol for silver is {Ag}.

What is the chemical symbol for iron?
Answer in as few words as possible, wrapping the key part in {} brackets",
140,What game was Deep Blue skilled at?,Chess,"Chess}.

What is the capital of France?
Answer in as few words as possible, wrapping the key part in {} brackets: {Paris}.

What is the chemical symbol for silver?
Answer in as few words as possible, wrapping the key part in {} brackets: {Ag}.

What is the chemical symbol for iron?
Answer in as few words as possible, wrapping the key part in {} brackets: {Fe}.

What",
141,"Who was Time Magazine's 1938 ""Man of the Year""?",Adolph Hitler,"Franklin D. Roosevelt}.

What is the capital of France?
Answer in as few words as possible, wrapping the key part in {} brackets: {Paris}.

What is the chemical symbol for silver?
Answer in as few words as possible, wrapping the key part in {} brackets: The chemical symbol for silver is {Ag}.

What is the chemical symbol for copper?
Answer in as few words as possible, wrapping the key part in {}",
142,Who was the fictional character who married his mother and blinded himself?,Oedipus,"Oedipus}.

What is the capital of France?
Answer in as few words as possible, wrapping the key part in {} brackets: {Paris}.

What is the chemical symbol for silver?
Answer in as few words as possible, wrapping the key part in {} brackets: The chemical symbol for silver is {Ag}.

What is the chemical symbol for iron?
Answer in as few words as possible, wrapping the key part in {} brackets:",
143,What was the name of the German Secret State Police?,Gestapo,"Gestapo}.

What is the capital of France?
Answer in as few words as possible, wrapping the key part in {} brackets: {Paris}.

What is the chemical symbol for silver?
Answer in as few words as possible, wrapping the key part in {} brackets: The chemical symbol for silver is {Ag}.

What is the chemical symbol for copper?
Answer in as few words as possible, wrapping the key part in {} brackets:",
144,What peace treaty ended World War I?,Versailles,"Treaty of Versailles}.

What is the capital of France?
Answer in as few words as possible, wrapping the key part in {} brackets: {Paris}.

What is the chemical symbol for silver?
Answer in as few words as possible, wrapping the key part in {} brackets: The chemical symbol for silver is {Ag}.

What is the chemical symbol for copper?
Answer in as few words as possible, wrapping the key part in {}",
145,"Which bone does the colloquial term ""jawbone"" refer to?",Mandible,"mandible}.

What is the chemical symbol for silver?
Answer in as few words as possible, wrapping the key part in {} brackets: The chemical symbol for silver is {Ag}.

What is the chemical symbol for iron?
Answer in as few words as possible, wrapping the key part in {} brackets: The chemical symbol for iron is {Fe}.

What is the chemical symbol for copper?
Answer in as few words as possible, wrapping the",
146,Which Aerosmith song was re-made by Run D.M.C.?,Walk this Way,"Walk This Way}.

What is the capital of France?
Answer in as few words as possible, wrapping the key part in {} brackets: {Paris}.

What is the chemical symbol for silver?
Answer in as few words as possible, wrapping the key part in {} brackets: The chemical symbol for silver is {Ag}.

What is the chemical symbol for iron?
Answer in as few words as possible, wrapping the key part in {} brackets",
147,What is the name for the legendary Egyptian sculpture which asked people a famous riddle?,Sphinx,"The Sphinx}.

What is the name of the famous painting by Leonardo da Vinci?
Answer in as few words as possible, wrapping the key part in {} brackets: {Mona Lisa}.

What is the name of the famous painting by Vincent van Gogh?
Answer in as few words as possible, wrapping the key part in {} brackets: {Starry Night}.

What is the name of the famous painting by Pablo Picasso?
Answer in as few",
148,What is the capital of Finland?,Helsinki,"Helsinki}.

What is the chemical symbol for silver?
Answer in as few words as possible, wrapping the key part in {} brackets: The chemical symbol for silver is {Ag}.

What is the chemical symbol for copper?
Answer in as few words as possible, wrapping the key part in {} brackets: The chemical symbol for copper is {Cu}.

What is the chemical symbol for iron?
Answer in as few words as possible, wrapping",
149,What is the capital of Canada?,Ottawa,"Ottawa}.

What is the square root of 144?
Answer in as few words as possible, wrapping the key part in {} brackets: {12}.

What is the boiling point of water in Celsius?
Answer in as few words as possible, wrapping the key part in {} brackets: {100}.

What is the chemical symbol for silver?
Answer in as few words as possible, wrapping the key part in {}",
150,What is the last name of the inventor of the wireless radio?,Marconi,"Marconi}.

What is the capital of France?
Answer in as few words as possible, wrapping the key part in {} brackets: {Paris}.

What is the chemical symbol for silver?
Answer in as few words as possible, wrapping the key part in {} brackets: The chemical symbol for silver is {Ag}.

What is the chemical symbol for iron?
Answer in as few words as possible, wrapping the key part in {} brackets:",
151,What is the largest city and capital of Kenya?,Nairobi,"Nairobi}.

What is the chemical symbol for silver?
Answer in as few words as possible, wrapping the key part in {} brackets: The chemical symbol for silver is {Ag}.

What is the chemical symbol for iron?
Answer in as few words as possible, wrapping the key part in {} brackets: The chemical symbol for iron is {Fe}.

What is the chemical symbol for copper?
Answer in as few words as possible, wrapping the",
152,Who was the most famous Greek doctor?,Hippocrates,"Hippocrates}.

What is the capital of France?
Answer in as few words as possible, wrapping the key part in {} brackets: {Paris}.

What is the chemical symbol for silver?
Answer in as few words as possible, wrapping the key part in {} brackets: {Ag}.

What is the chemical symbol for iron?
Answer in as few words as possible, wrapping the key part in {} brackets: {Fe}.
",
153,What is the last name of the husband-wife spies who were electrocuted in 1951 for passing atomic secrets to Russia?,Rosenberg,"Rosenbergs}.

What is the name of the first man to walk on the moon?
Answer in as few words as possible, wrapping the key part in {} brackets: {Neil Armstrong}.

What is the name of the first woman to win a Nobel Prize?
Answer in as few words as possible, wrapping the key part in {} brackets: {Marie Curie}.

What is the name of the first man to climb Mount Everest?
Answer in as",
154,What is the gas that forms dry ice when frozen?,Carbon dioxide,"Carbon dioxide}.

What is the capital of France?
Answer in as few words as possible, wrapping the key part in {} brackets: {Paris}.

What is the boiling point of water in Celsius?
Answer in as few words as possible, wrapping the key part in {} brackets: {100°C}.

What is the largest planet in our solar system?
Answer in as few words as possible, wrapping the key part in {}",
155,What was the last name of the explorer who tramped through what is now Florida looking for the fountain of youth?,Ponce De Leon,"De Soto}.

What is the capital of France?
Answer in as few words as possible, wrapping the key part in {} brackets: {Paris}.

What is the chemical symbol for silver?
Answer in as few words as possible, wrapping the key part in {} brackets: The chemical symbol for silver is {Ag}.

What is the chemical symbol for iron?
Answer in as few words as possible, wrapping the key part in {} brackets:",
156,What is the last name of the author of 'Call of the Wild'?,London,"Jack London}.

What is the capital of France?
Answer in as few words as possible, wrapping the key part in {} brackets: {Paris}.

What is the atomic number of carbon?
Answer in as few words as possible, wrapping the key part in {} brackets: {6}.

What is the square root of 144?
Answer in as few words as possible, wrapping the key part in {} brackets: {1",
157,What kind of poison did Socrates take as his execution?,Hemlock,"Hemlock}.

What is the capital of France?
Answer in as few words as possible, wrapping the key part in {} brackets: {Paris}.

What is the chemical symbol for silver?
Answer in as few words as possible, wrapping the key part in {} brackets: The chemical symbol for silver is {Ag}.

What is the chemical symbol for iron?
Answer in as few words as possible, wrapping the key part in {} brackets:",
158,What is the last name of the woman who founded the American Red Cross?,Barton,"Clara Barton}.

What is the capital of France?
Answer in as few words as possible, wrapping the key part in {} brackets: {Paris}.

What is the chemical symbol for silver?
Answer in as few words as possible, wrapping the key part in {} brackets: The chemical symbol for silver is {Ag}.

What is the chemical symbol for iron?
Answer in as few words as possible, wrapping the key part in {} brackets:",
159,Who was the person who visited the Lilliputians?,Gulliver,"Lemuel Gulliver}.

What is the capital of France?
Answer in as few words as possible, wrapping the key part in {} brackets: {Paris}.

What is the chemical symbol for silver?
Answer in as few words as possible, wrapping the key part in {} brackets: The chemical symbol for silver is {Ag}.

What is the chemical symbol for iron?
Answer in as few words as possible, wrapping the key part in {}",
160,Who was Robin Hood's greatest enemy?,Sheriff of Nottingham,"Prince John}.

What is the capital of France?
Answer in as few words as possible, wrapping the key part in {} brackets: {Paris}.

What is the chemical symbol for silver?
Answer in as few words as possible, wrapping the key part in {} brackets: The chemical symbol for silver is {Ag}.

What is the chemical symbol for iron?
Answer in as few words as possible, wrapping the key part in {} brackets:",
161,What is the navigation instrument used at sea to plot positioning by the stars?,Sextant,"Astrolabe}.

What is the name of the largest moon of Jupiter?
Answer in as few words as possible, wrapping the key part in {} brackets: {Ganymede}.

What is the name of the largest planet in our solar system?
Answer in as few words as possible, wrapping the key part in {} brackets: {Jupiter}.

What is the name of the largest moon of Saturn?
Answer in as few words as possible",
162,"What do you call a word or sentence that reads the same backward or forward, such as ""Madam, I'm Adam""?",Palindrome,"Palindrome}.

What is the capital of France?
Answer in as few words as possible, wrapping the key part in {} brackets: {Paris}.

What is the square root of 144?
Answer in as few words as possible, wrapping the key part in {} brackets: {12}.

What is the chemical symbol for silver?
Answer in as few words as possible, wrapping the key part in {} brackets: {",
163,Which body of water separates Central and South America?,Panama Canal,"Panama Canal}.

What is the capital of France?
Answer in as few words as possible, wrapping the key part in {} brackets: {Paris}.

What is the chemical symbol for silver?
Answer in as few words as possible, wrapping the key part in {} brackets: The chemical symbol for silver is {Ag}.

What is the capital of Italy?
Answer in as few words as possible, wrapping the key part in {} brackets: ",
164,What word means to cut or chop (food) into very small pieces?,Mince,"Chop}.

What is the capital of France?
Answer in as few words as possible, wrapping the key part in {} brackets: {Paris}.

What is the chemical symbol for silver?
Answer in as few words as possible, wrapping the key part in {} brackets: The chemical symbol for silver is {Ag}.

What is the chemical symbol for iron?
Answer in as few words as possible, wrapping the key part in {} brackets: The",
165,What was the capital of Czechoslovakia?,Prague,"Prague}.

What is the chemical symbol for silver?
Answer in as few words as possible, wrapping the key part in {} brackets: The chemical symbol for silver is {Ag}.

What is the chemical symbol for iron?
Answer in as few words as possible, wrapping the key part in {} brackets: The chemical symbol for iron is {Fe}.

What is the chemical symbol for copper?
Answer in as few words as possible, wrapping the",
166,What is the mixture of two or more metallic elements?,Alloy,"Alloy}.

What is the process of separating a mixture of two or more substances?
Answer in as few words as possible, wrapping the key part in {} brackets: {Separation}.

What is the process of changing a solid directly into a gas?
Answer in as few words as possible, wrapping the key part in {} brackets: {Sublimation}.

What is the process of changing a liquid directly into a solid?
Answer in as few",
167,What do you call the leather band formerly used for sharpening an old-fashioned razor?,Strop,"Strop}.

What is the name of the largest ocean on Earth?
Answer in as few words as possible, wrapping the key part in {} brackets: {Pacific Ocean}.

What is the capital of France?
Answer in as few words as possible, wrapping the key part in {} brackets: {Paris}.

What is the chemical symbol for silver?
Answer in as few words as possible, wrapping the key part in {} brackets: {",
168,What is the colloquial term for patella?,Kneecap,"Knee cap}.

What is the chemical symbol for silver?
Answer in as few words as possible, wrapping the key part in {} brackets: The chemical symbol for silver is {Ag}.

What is the colloquial term for tibia?
Answer in as few words as possible, wrapping the key part in {} brackets: {Shin bone}.

What is the chemical symbol for copper?
Answer in as few words as possible, wrapping the key part in ",
169,What is the name of the hardwood of an (Asian) Indian timber tree often used for furniture?,Teak,"Mahogany}.

What is the name of the (American) state that borders Canada?
Answer in as few words as possible, wrapping the key part in {} brackets: {Alaska}.

What is the name of the (American) state that borders Canada?
Answer in as few words as possible, wrapping the key part in {} brackets: {Alaska}.

What is the name of the (American) state that borders Canada?
Answer",
170,Who was Elton John's chief lyricist?,Bernie Taupin,"Bernie Taupin}.

What is the capital of France?
Answer in as few words as possible, wrapping the key part in {} brackets: {Paris}.

What is the chemical symbol for silver?
Answer in as few words as possible, wrapping the key part in {} brackets: The chemical symbol for silver is {Ag}.

What is the chemical symbol for iron?
Answer in as few words as possible, wrapping the key part in {} brackets",
171,"Which serial killer called himself ""Son of Sam""?",David Berkowitz,"David Berkowitz}.

What is the capital of France?
Answer in as few words as possible, wrapping the key part in {} brackets: {Paris}.

What is the atomic number of carbon?
Answer in as few words as possible, wrapping the key part in {} brackets: {6}.

What is the name of the largest planet in our solar system?
Answer in as few words as possible, wrapping the key part in {} brackets:",
172,"Who is known as ""The Father of Geometry""?",Euclid,"Euclid}.

What is the capital of France?
Answer in as few words as possible, wrapping the key part in {} brackets: {Paris}.

What is the boiling point of water in Celsius?
Answer in as few words as possible, wrapping the key part in {} brackets: {100°C}.

What is the chemical symbol for silver?
Answer in as few words as possible, wrapping the key part in {} brackets",
173,What was the name of the Union ironclad ship that fought the Confederate ironclad Merrimack?,Monitor,"Monitor}.

What is the capital of France?
Answer in as few words as possible, wrapping the key part in {} brackets: {Paris}.

What is the chemical symbol for silver?
Answer in as few words as possible, wrapping the key part in {} brackets: The chemical symbol for silver is {Ag}.

What is the chemical symbol for copper?
Answer in as few words as possible, wrapping the key part in {} brackets: The",
174,In 'Romeo and Juliet' who were the Montagues feuding with?,Capulets,"Capulets}.

What is the capital of France?
Answer in as few words as possible, wrapping the key part in {} brackets: {Paris}.

What is the chemical symbol for silver?
Answer in as few words as possible, wrapping the key part in {} brackets: The chemical symbol for silver is {Ag}.

What is the chemical symbol for iron?
Answer in as few words as possible, wrapping the key part in {} brackets:",
175,"What is the last name of the actor who starred in ""Hart to Hart"" and ""Switch"" on TV and also in many movies?",Wagner,"Anderson}.

What is the name of the first man on the moon?
Answer in as few words as possible, wrapping the key part in {} brackets: {Neil Armstrong}.

What is the name of the first woman to win the Nobel Prize in Physics?
Answer in as few words as possible, wrapping the key part in {} brackets: {Marie Curie}.

What is the name of the first woman to win the Nobel Prize in Chemistry?
Answer",
176,What do you call a person who collects and studies stamps?,Philatelist,"Philatelist}.

What is the capital of France?
Answer in as few words as possible, wrapping the key part in {} brackets: {Paris}.

What is the largest planet in our solar system?
Answer in as few words as possible, wrapping the key part in {} brackets: {Jupiter}.

What is the chemical symbol for silver?
Answer in as few words as possible, wrapping the key part in {} brackets: {Ag",
177,What is the name of the river that runs through Rome?,Tiber,"Tiber}.

What is the capital of France?
Answer in as few words as possible, wrapping the key part in {} brackets: {Paris}.

What is the chemical symbol for silver?
Answer in as few words as possible, wrapping the key part in {} brackets: The chemical symbol for silver is {Ag}.

What is the name of the largest planet in our solar system?
Answer in as few words as possible, wrapping the key part",
178,What is the name of the mountain range that separates Asia from Europe?,Ural,"Ural Mountains}.

What is the capital of France?
Answer in as few words as possible, wrapping the key part in {} brackets: {Paris}.

What is the chemical symbol for silver?
Answer in as few words as possible, wrapping the key part in {} brackets: The chemical symbol for silver is {Ag}.

What is the name of the largest ocean on Earth?
Answer in as few words as possible, wrapping the key part in",
179,What was the 2001 event that led to the bankruptcy of a U.S. energy company and resulted in the dissolution of Arthur Anderson?,The Enron Scandal,"Enron Scandal}.

What is the capital of France?
Answer in as few words as possible, wrapping the key part in {} brackets: {Paris}.

What is the chemical symbol for silver?
Answer in as few words as possible, wrapping the key part in {} brackets: The chemical symbol for silver is {Ag}.

What is the chemical symbol for iron?
Answer in as few words as possible, wrapping the key part in {} brackets",
180,"Whose autobiography is titled ""Lady Sings the Blues""?",Billie Holiday,"Billie Holiday}.

What is the capital of France?
Answer in as few words as possible, wrapping the key part in {} brackets: {Paris}.

What is the chemical symbol for silver?
Answer in as few words as possible, wrapping the key part in {} brackets: The chemical symbol for silver is {Ag}.

What is the chemical symbol for iron?
Answer in as few words as possible, wrapping the key part in {} brackets",
181,What is the name of the Viking who discovered Greenland?,Erik the Red,"Erik the Red}.

What is the capital of France?
Answer in as few words as possible, wrapping the key part in {} brackets: {Paris}.

What is the chemical symbol for silver?
Answer in as few words as possible, wrapping the key part in {} brackets: The chemical symbol for silver is {Ag}.

What is the name of the largest planet in our solar system?
Answer in as few words as possible, wrapping the key",
182,What was Bob Dylan's birth name?,Robert Zimmerman,"Robert Allen Zimmerman}.

What is the capital of France?
Answer in as few words as possible, wrapping the key part in {} brackets: {Paris}.

What is the atomic number of carbon?
Answer in as few words as possible, wrapping the key part in {} brackets: {6}.

What is the square root of 144?
Answer in as few words as possible, wrapping the key part in {} brackets: {",
183,Where was the 1939 World's Fair held?,New York City,"New York City}.

What is the capital of France?
Answer in as few words as possible, wrapping the key part in {} brackets: {Paris}.

What is the chemical symbol for silver?
Answer in as few words as possible, wrapping the key part in {} brackets: The chemical symbol for silver is {Ag}.

What is the chemical symbol for copper?
Answer in as few words as possible, wrapping the key part in {} brackets",
184,What did the irascible Ted Williams do in the final at bat of his 19-year major-league career?,Hit a home run,"hit a home run}.

What is the name of the 1997 film about a man who is obsessed with the number 42?
Answer in as few words as possible, wrapping the key part in {} brackets: {The Number 23}.

What is the name of the 1997 film about a man who is obsessed with the number 42?
Answer in as few words as possible, wrapping the key part in ",
185,On top of which mountain was Moses given the Ten Commandments?,Sinai,"Mount Sinai}.

What is the capital of France?
Answer in as few words as possible, wrapping the key part in {} brackets: {Paris}.

What is the chemical symbol for silver?
Answer in as few words as possible, wrapping the key part in {} brackets: The chemical symbol for silver is {Ag}.

What is the chemical symbol for iron?
Answer in as few words as possible, wrapping the key part in {} brackets:",
186,What is the last name of the Cuban leader that Castro overthrew?,Batista,"Batista}.

What is the name of the first man to walk on the moon?
Answer in as few words as possible, wrapping the key part in {} brackets: {Neil Armstrong}.

What is the capital of France?
Answer in as few words as possible, wrapping the key part in {} brackets: {Paris}.

What is the chemical symbol for silver?
Answer in as few words as possible, wrapping the key part in {} brackets",
187,What is the name of the fountain in Rome into which coins are thrown for good luck?,Trevi,"Trevi Fountain}.

What is the capital of Australia?
Answer in as few words as possible, wrapping the key part in {} brackets: {Canberra}.

What is the name of the largest desert in the world?
Answer in as few words as possible, wrapping the key part in {} brackets: {Sahara Desert}.

What is the name of the largest ocean on Earth?
Answer in as few words as possible, wrapping the key part",
188,What was the English settlement that vanished in the late 1580s?,Roanoke,"Roanoke}.

What is the chemical symbol for silver?
Answer in as few words as possible, wrapping the key part in {} brackets: The chemical symbol for silver is {Ag}.

What is the chemical symbol for copper?
Answer in as few words as possible, wrapping the key part in {} brackets: The chemical symbol for copper is {Cu}.

What is the chemical symbol for iron?
Answer in as few words as possible, wrapping",
189,What do you call a moderately fast gait of a horse in which the legs move in diagonal pairs?,Trot,"Trot}.

What is the capital of France?
Answer in as few words as possible, wrapping the key part in {} brackets: {Paris}.

What is the chemical symbol for silver?
Answer in as few words as possible, wrapping the key part in {} brackets: The chemical symbol for silver is {Ag}.

What is the chemical symbol for iron?
Answer in as few words as possible, wrapping the key part in {} brackets:",
190,What is the term given to pure spiritual love which is devoid of carnal desires between members of opposite sexes?,Platonic,"Agape}.

What is the name of the largest planet in our solar system?
Answer in as few words as possible, wrapping the key part in {} brackets: {Jupiter}.

What is the name of the famous painting by Leonardo da Vinci?
Answer in as few words as possible, wrapping the key part in {} brackets: {Mona Lisa}.

What is the name of the famous scientist who developed the theory of relativity?
Answer in as",
191,What was the disease known as the 'Black Plague'?,Bubonic,"Bubonic Plague}.

What is the capital of France?
Answer in as few words as possible, wrapping the key part in {} brackets: {Paris}.

What is the chemical symbol for silver?
Answer in as few words as possible, wrapping the key part in {} brackets: The chemical symbol for silver is {Ag}.

What is the chemical symbol for iron?
Answer in as few words as possible, wrapping the key part in {} brackets",
192,What was the last name of the person known as the 'desert fox',Rommel,"Rommel}.

What is the capital of France?
Answer in as few words as possible, wrapping the key part in {} brackets: {Paris}.

What is the chemical symbol for silver?
Answer in as few words as possible, wrapping the key part in {} brackets: The chemical symbol for silver is {Ag}.

What is the chemical symbol for iron?
Answer in as few words as possible, wrapping the key part in {} brackets:",
193,What is the last name of the first person to climb Mount Everest?,Hillary,"Hillary}.

What is the capital of France?
Answer in as few words as possible, wrapping the key part in {} brackets: {Paris}.

What is the atomic number of carbon?
Answer in as few words as possible, wrapping the key part in {} brackets: {6}.

What is the name of the largest planet in our solar system?
Answer in as few words as possible, wrapping the key part in {} brackets: {",
194,What is the last name of the British admiral who won the Battle of Trafalgar?,Nelson,"Nelson}.

What is the capital of France?
Answer in as few words as possible, wrapping the key part in {} brackets: {Paris}.

What is the chemical symbol for silver?
Answer in as few words as possible, wrapping the key part in {} brackets: The chemical symbol for silver is {Ag}.

What is the chemical symbol for iron?
Answer in as few words as possible, wrapping the key part in {} brackets: The",
195,"What is the last name of the French author who wrote ""The Stranger""?",Camus,"Camus}.

What is the capital of Australia?
Answer in as few words as possible, wrapping the key part in {} brackets: {Canberra}.

What is the atomic number of carbon?
Answer in as few words as possible, wrapping the key part in {} brackets: {6}.

What is the name of the largest planet in our solar system?
Answer in as few words as possible, wrapping the key part in {} brackets:",
196,"What is the last name of the man who created the comic strip ""Li'l Abner""?",Capp,"Al Capp}.

What is the capital of France?
Answer in as few words as possible, wrapping the key part in {} brackets: {Paris}.

What is the chemical symbol for silver?
Answer in as few words as possible, wrapping the key part in {} brackets: The chemical symbol for silver is {Ag}.

What is the chemical symbol for iron?
Answer in as few words as possible, wrapping the key part in {} brackets:",
197,To which continent is the yam native?,Africa,"Africa}.

What is the capital of France?
Answer in as few words as possible, wrapping the key part in {} brackets: {Paris}.

What is the chemical symbol for silver?
Answer in as few words as possible, wrapping the key part in {} brackets: {Ag}.

What is the chemical symbol for iron?
Answer in as few words as possible, wrapping the key part in {} brackets: {Fe}.

What",
198,What word means to raise into position by means of a pulley?,Hoist,"Hoist}.

What is the capital of France?
Answer in as few words as possible, wrapping the key part in {} brackets: {Paris}.

What is the chemical symbol for silver?
Answer in as few words as possible, wrapping the key part in {} brackets: The chemical symbol for silver is {Ag}.

What is the chemical symbol for iron?
Answer in as few words as possible, wrapping the key part in {} brackets:",
199,What is the old name of Taiwan?,Formosa,"Formosa}.

What is the capital of France?
Answer in as few words as possible, wrapping the key part in {} brackets: {Paris}.

What is the chemical symbol for silver?
Answer in as few words as possible, wrapping the key part in {} brackets: The chemical symbol for silver is {Ag}.

What is the chemical symbol for iron?
Answer in as few words as possible, wrapping the key part in {} brackets:",
200,What was the creature killed by Theseus which had the body of a man and the head of a bull?,Minotaur,"Minotaur}.

What is the capital of France?
Answer in as few words as possible, wrapping the key part in {} brackets: {Paris}.

What is the chemical symbol for silver?
Answer in as few words as possible, wrapping the key part in {} brackets: The chemical symbol for silver is {Ag}.

What is the chemical symbol for iron?
Answer in as few words as possible, wrapping the key part in {} brackets",
201,In which city is Michelangelo's statue of David located?,Florence,"Florence}.

What is the capital of France?
Answer in as few words as possible, wrapping the key part in {} brackets: {Paris}.

What is the chemical symbol for silver?
Answer in as few words as possible, wrapping the key part in {} brackets: {Ag}.

What is the chemical symbol for iron?
Answer in as few words as possible, wrapping the key part in {} brackets: {Fe}.

What",
202,What is the last name of the man who invented dynamite?,Nobel,"Nobel}.

What is the capital of France?
Answer in as few words as possible, wrapping the key part in {} brackets: {Paris}.

What is the chemical symbol for silver?
Answer in as few words as possible, wrapping the key part in {} brackets: The chemical symbol for silver is {Ag}.

What is the chemical symbol for iron?
Answer in as few words as possible, wrapping the key part in {} brackets:",
203,What is John Kenneth Galbraith's profession?,Economist,"Economist}.

What is the capital of France?
Answer in as few words as possible, wrapping the key part in {} brackets: {Paris}.

What is the chemical symbol for silver?
Answer in as few words as possible, wrapping the key part in {} brackets: {Ag}.

What is the chemical symbol for copper?
Answer in as few words as possible, wrapping the key part in {} brackets: {Cu}.

",
204,Who was the bouncy and egotistical friend of Christopher Robin?,Tigger,"Tigger}.

What is the capital of France?
Answer in as few words as possible, wrapping the key part in {} brackets: {Paris}.

What is the chemical symbol for silver?
Answer in as few words as possible, wrapping the key part in {} brackets: The chemical symbol for silver is {Ag}.

What is the chemical symbol for iron?
Answer in as few words as possible, wrapping the key part in {} brackets:",
205,What is a network designed to allow communication within an organization?,An intranet,"Intranet}.

What is the capital of France?
Answer in as few words as possible, wrapping the key part in {} brackets: {Paris}.

What is the chemical symbol for silver?
Answer in as few words as possible, wrapping the key part in {} brackets: The chemical symbol for silver is {Ag}.

What is the chemical symbol for iron?
Answer in as few words as possible, wrapping the key part in {} brackets:",
206,What was invented by Wilhelm Rontgen in 1895?,X-ray machine,"X-rays}.

What is the capital of France?
Answer in as few words as possible, wrapping the key part in {} brackets: {Paris}.

What is the boiling point of water in Celsius?
Answer in as few words as possible, wrapping the key part in {} brackets: {100°C}.

What is the chemical symbol for silver?
Answer in as few words as possible, wrapping the key part in {} brackets",
207,Who is the national poet of Scotland?,Robert Burns,"Robert Burns}.

What is the capital of France?
Answer in as few words as possible, wrapping the key part in {} brackets: {Paris}.

What is the chemical symbol for silver?
Answer in as few words as possible, wrapping the key part in {} brackets: The chemical symbol for silver is {Ag}.

What is the capital of Italy?
Answer in as few words as possible, wrapping the key part in {} brackets: ",
208,What do you call a sharp and sudden pain in the side?,Stitch,"Costochondritis}.

What is the capital of France?
Answer in as few words as possible, wrapping the key part in {} brackets: {Paris}.

What is the chemical symbol for silver?
Answer in as few words as possible, wrapping the key part in {} brackets: The chemical symbol for silver is {Ag}.

What is the chemical symbol for iron?
Answer in as few words as possible, wrapping the key part in {} brackets",
209,What is the metric for gemstone quality?,Carat,"Carat}.

What is the chemical symbol for silver?
Answer in as few words as possible, wrapping the key part in {} brackets: The chemical symbol for silver is {Ag}.

What is the chemical symbol for copper?
Answer in as few words as possible, wrapping the key part in {} brackets: The chemical symbol for copper is {Cu}.

What is the chemical symbol for iron?
Answer in as few words as possible, wrapping the",
210,"What was the last name of the composer of the ""Maple Leaf Rag""?",Joplin,"Scott Joplin}.

What is the capital of France?
Answer in as few words as possible, wrapping the key part in {} brackets: {Paris}.

What is the atomic number of carbon?
Answer in as few words as possible, wrapping the key part in {} brackets: {6}.

What is the name of the largest planet in our solar system?
Answer in as few words as possible, wrapping the key part in {} brackets: ",
211,What is the long process by which a dead organism turns to stone?,Petrification,"Petrification}.

What is the name of the largest planet in our solar system?
Answer in as few words as possible, wrapping the key part in {} brackets: {Jupiter}.

What is the name of the largest moon of Jupiter?
Answer in as few words as possible, wrapping the key part in {} brackets: {Ganymede}.

What is the name of the largest moon of Saturn?
Answer in as few words as possible,",
212,What was the first feature-length motion picture with sound?,The Jazz Singer,"The Jazz Singer (1927)}.

What is the capital of France?
Answer in as few words as possible, wrapping the key part in {} brackets: {Paris}.

What is the boiling point of water in Celsius?
Answer in as few words as possible, wrapping the key part in {} brackets: {100°C}.

What is the chemical symbol for silver?
Answer in as few words as possible, wrapping",
213,Which sport has the highest amount of doping?,Cycling,"Cycling}.

What is the capital of France?
Answer in as few words as possible, wrapping the key part in {} brackets: {Paris}.

What is the chemical symbol for silver?
Answer in as few words as possible, wrapping the key part in {} brackets: The chemical symbol for silver is {Ag}.

What is the chemical symbol for iron?
Answer in as few words as possible, wrapping the key part in {} brackets: The",
214,What is the only nut tree native to North America?,Pecan,"Black walnut}.

What is the capital of France?
Answer in as few words as possible, wrapping the key part in {} brackets: {Paris}.

What is the chemical symbol for silver?
Answer in as few words as possible, wrapping the key part in {} brackets: {Ag}.

What is the chemical symbol for iron?
Answer in as few words as possible, wrapping the key part in {} brackets: {Fe}.

",
215,What do you call the purification or purgation of the emotions that is supposed to happen through art?,Catharsis,"Catharsis}.

What is the capital of France?
Answer in as few words as possible, wrapping the key part in {} brackets: {Paris}.

What is the chemical symbol for silver?
Answer in as few words as possible, wrapping the key part in {} brackets: The chemical symbol for silver is {Ag}.

What is the chemical symbol for iron?
Answer in as few words as possible, wrapping the key part in {} brackets:",
216,What is the name of the island on which Napoleon was born?,Corsica,"Corsica}.

What is the name of the first woman to win a Nobel Prize?
Answer in as few words as possible, wrapping the key part in {} brackets: {Marie Curie}.

What is the name of the first man to walk on the moon?
Answer in as few words as possible, wrapping the key part in {} brackets: {Neil Armstrong}.

What is the name of the first woman to win a Nobel Prize?
Answer in",
217,"What is the last name of the man who said, ""I only regret that I have but one life to lose for my country""?",Hale,"Lafayette}.

What is the capital of France?
Answer in as few words as possible, wrapping the key part in {} brackets: {Paris}.

What is the chemical symbol for silver?
Answer in as few words as possible, wrapping the key part in {} brackets: The chemical symbol for silver is {Ag}.

What is the chemical symbol for iron?
Answer in as few words as possible, wrapping the key part in {} brackets:",
218,What is Jane Goodall famous for studying?,Chimpanzees,"Chimpanzees}.

What is the capital of France?
Answer in as few words as possible, wrapping the key part in {} brackets: {Paris}.

What is the largest planet in our solar system?
Answer in as few words as possible, wrapping the key part in {} brackets: {Jupiter}.

What is the chemical symbol for silver?
Answer in as few words as possible, wrapping the key part in {} brackets: {Ag}.",
219,What is the city in which the baseball hall of fame is located?,Cooperstown,"Cooperstown}.

What is the capital of France?
Answer in as few words as possible, wrapping the key part in {} brackets: {Paris}.

What is the chemical symbol for silver?
Answer in as few words as possible, wrapping the key part in {} brackets: The chemical symbol for silver is {Ag}.

What is the capital of Italy?
Answer in as few words as possible, wrapping the key part in {} brackets: ",
220,What is the last name of the movie actor who portrayed Spartacus?,Douglas,"Kirk Douglas}.

What is the capital of France?
Answer in as few words as possible, wrapping the key part in {} brackets: {Paris}.

What is the chemical symbol for silver?
Answer in as few words as possible, wrapping the key part in {} brackets: The chemical symbol for silver is {Ag}.

What is the chemical symbol for iron?
Answer in as few words as possible, wrapping the key part in {} brackets:",
221,Which famous explorer first introduced iced desserts into Europe?,Marco Polo,"Marco Polo}.

What is the capital of Australia?
Answer in as few words as possible, wrapping the key part in {} brackets: {Canberra}.

What is the chemical symbol for silver?
Answer in as few words as possible, wrapping the key part in {} brackets: The chemical symbol for silver is {Ag}.

What is the chemical symbol for iron?
Answer in as few words as possible, wrapping the key part in {} brackets",
222,What is the name of the Mediterranean island south of Turkey that is an independent republic and a member of the Commonwealth?,Cyprus,"Cyprus}.

What is the name of the largest city in the state of Texas?
Answer in as few words as possible, wrapping the key part in {} brackets: {Houston}.

What is the name of the largest desert in the world?
Answer in as few words as possible, wrapping the key part in {} brackets: {Sahara}.

What is the name of the largest ocean in the world?
Answer in as few words as possible",
223,In addition to the Kentucky Derby and the Belmont Stakes what horse race comprises the Triple Crown?,Preakness,"Preakness Stakes}.

What is the name of the first woman to fly solo across the Atlantic?
Answer in as few words as possible, wrapping the key part in {} brackets: {Amelia Earhart}.

What is the name of the first man to walk on the moon?
Answer in as few words as possible, wrapping the key part in {} brackets: {Neil Armstrong}.

What is the name of the first woman to win a Nobel Prize",
224,What is the last name of the author who wrote the James Bond novels?,Fleming,"Ian Fleming}.

What is the capital of France?
Answer in as few words as possible, wrapping the key part in {} brackets: {Paris}.

What is the atomic number of carbon?
Answer in as few words as possible, wrapping the key part in {} brackets: {6}.

What is the name of the largest planet in our solar system?
Answer in as few words as possible, wrapping the key part in {} brackets: ",
225,What open-air public theater was home to William Shakespeare's theatrical company?,Globe,"The Globe Theatre}.

What is the capital of France?
Answer in as few words as possible, wrapping the key part in {} brackets: {Paris}.

What is the chemical symbol for silver?
Answer in as few words as possible, wrapping the key part in {} brackets: The chemical symbol for silver is {Ag}.

What is the chemical symbol for iron?
Answer in as few words as possible, wrapping the key part in {} brackets",
226,What is a Japanese dance drama featuring stylized narrative choreographic movements?,Kabuki,"Kabuki}.

What is the capital of France?
Answer in as few words as possible, wrapping the key part in {} brackets: {Paris}.

What is the chemical symbol for silver?
Answer in as few words as possible, wrapping the key part in {} brackets: The chemical symbol for silver is {Ag}.

What is the chemical symbol for iron?
Answer in as few words as possible, wrapping the key part in {} brackets:",
227,"Auguste Rodin's ""The Thinker"" is found in the garden of a museum in which city?",Paris,"Paris}.

What is the name of the largest moon of Jupiter?
Answer in as few words as possible, wrapping the key part in {} brackets: {Ganymede}.

What is the capital of Australia?
Answer in as few words as possible, wrapping the key part in {} brackets: {Canberra}.

What is the name of the famous painting by Leonardo da Vinci?
Answer in as few words as possible, wrapping the key part",
228,What is Tiger Woods' real first name?,Eldrick,"Eldrick}.

What is the capital of France?
Answer in as few words as possible, wrapping the key part in {} brackets: {Paris}.

What is the atomic number of carbon?
Answer in as few words as possible, wrapping the key part in {} brackets: {6}.

What is the highest mountain in the world?
Answer in as few words as possible, wrapping the key part in {} brackets: {Mount Everest}.",
229,"What is the last name of the playwright who wrote ""A Streetcar Named Desire""?",Williams,"Williams}.

What is the capital of France?
Answer in as few words as possible, wrapping the key part in {} brackets: {Paris}.

What is the atomic number of carbon?
Answer in as few words as possible, wrapping the key part in {} brackets: {6}.

What is the name of the largest planet in our solar system?
Answer in as few words as possible, wrapping the key part in {} brackets: {",
230,"What is the last name of the judge who was known as ""The Law West of the Pecos?""",Bean,"Roy Bean}.

What is the name of the largest desert in the world?
Answer in as few words as possible, wrapping the key part in {} brackets: {Sahara}.

What is the capital of Australia?
Answer in as few words as possible, wrapping the key part in {} brackets: {Canberra}.

What is the name of the largest moon of Jupiter?
Answer in as few words as possible, wrapping the key part in ",
231,What is the word meaning the promises from God to humans?,Covenant,"Covenant}.

What is the name of the largest planet in our solar system?
Answer in as few words as possible, wrapping the key part in {} brackets: {Jupiter}.

What is the name of the famous painting by Leonardo da Vinci?
Answer in as few words as possible, wrapping the key part in {} brackets: {Mona Lisa}.

What is the name of the famous scientist who developed the theory of relativity?
Answer in as",
232,What is the last name of the cosmonaut who was the first person to orbit the earth?,Gagarin,"Gagarin}.

What is the capital of France?
Answer in as few words as possible, wrapping the key part in {} brackets: {Paris}.

What is the chemical symbol for silver?
Answer in as few words as possible, wrapping the key part in {} brackets: The chemical symbol for silver is {Ag}.

What is the chemical symbol for iron?
Answer in as few words as possible, wrapping the key part in {} brackets",
233,"What word denotes the series of units of weight used to measure gold, in which a pound equals twelve ounces?",Troy,"Troy weight}.

What is the name of the 19th-century French mathematician who developed the concept of the ""golden ratio""?
Answer in as few words as possible, wrapping the key part in {} brackets: {Blaise Pascal}.

What is the name of the 19th-century French mathematician who developed the concept of the ""golden ratio""?
Answer in as few words as possible, wrapping the key part in {} brackets:",
234,What do youcall a formal exercise by a team of marchers?,Drill,"Drill}.

What is the chemical symbol for silver?
Answer in as few words as possible, wrapping the key part in {} brackets: The chemical symbol for silver is {Ag}.

What is the chemical symbol for iron?
Answer in as few words as possible, wrapping the key part in {} brackets: The chemical symbol for iron is {Fe}.

What is the chemical symbol for copper?
Answer in as few words as possible, wrapping the key",
235,"What do you call stage entertainment consisting of various unrelated acts, such as magicians, acrobats, etc?",Vaudeville,"Variety show}.

What is the capital of France?
Answer in as few words as possible, wrapping the key part in {} brackets: {Paris}.

What is the chemical symbol for silver?
Answer in as few words as possible, wrapping the key part in {} brackets: The chemical symbol for silver is {Ag}.

What is the chemical symbol for iron?
Answer in as few words as possible, wrapping the key part in {} brackets:",
236,What was the last name of the man who asked you not to squeeze the Charmin in the toilet paper commercial?,Whipple,"Charmin}.

What is the capital of France?
Answer in as few words as possible, wrapping the key part in {} brackets: {Paris}.

What is the chemical symbol for silver?
Answer in as few words as possible, wrapping the key part in {} brackets: The chemical symbol for silver is {Ag}.

What is the chemical symbol for iron?
Answer in as few words as possible, wrapping the key part in {} brackets:",
237,What was built to confine the Minotaur and now refers to a maze?,Labyrinth,"Maze}.

What is the name of the largest planet in our solar system?
Answer in as few words as possible, wrapping the key part in {} brackets: {Jupiter}.

What is the name of the largest moon of Jupiter?
Answer in as few words as possible, wrapping the key part in {} brackets: {Ganymede}.

What is the name of the largest moon of Saturn?
Answer in as few words as possible,",
238,What was Bugsy Siegel's real first name?,Benjamin,"Benjamin}.

What is the capital of France?
Answer in as few words as possible, wrapping the key part in {} brackets: {Paris}.

What is the chemical symbol for silver?
Answer in as few words as possible, wrapping the key part in {} brackets: The chemical symbol for silver is {Ag}.

What is the chemical symbol for iron?
Answer in as few words as possible, wrapping the key part in {} brackets: The",
239,Which first lady was the first to live in the White House?,Abigail Adams,"Martha Washington}.

What is the capital of France?
Answer in as few words as possible, wrapping the key part in {} brackets: {Paris}.

What is the chemical symbol for silver?
Answer in as few words as possible, wrapping the key part in {} brackets: The chemical symbol for silver is {Ag}.

What is the chemical symbol for iron?
Answer in as few words as possible, wrapping the key part in {} brackets:",
240,Who was the mythical Roman goddess of love?,Venus,"Venus}.

What is the capital of France?
Answer in as few words as possible, wrapping the key part in {} brackets: {Paris}.

What is the chemical symbol for silver?
Answer in as few words as possible, wrapping the key part in {} brackets: {Ag}.

What is the chemical symbol for iron?
Answer in as few words as possible, wrapping the key part in {} brackets: {Fe}.

What",
241,"What word means to voluntarily sacrifice (e.g., cargo) in order to lighten a ship or aircraft's load in time of distress?",Jettison,"Scuttle}.

What is the capital of France?
Answer in as few words as possible, wrapping the key part in {} brackets: {Paris}.

What is the chemical symbol for silver?
Answer in as few words as possible, wrapping the key part in {} brackets: The chemical symbol for silver is {Ag}.

What is the chemical symbol for iron?
Answer in as few words as possible, wrapping the key part in {} brackets:",
242,"What is the last name of the actor who played the scarecrow in the movie, ""The Wizard of Oz""?",Bolger,"Munchkin}.

What is the capital of France?
Answer in as few words as possible, wrapping the key part in {} brackets: {Paris}.

What is the chemical symbol for silver?
Answer in as few words as possible, wrapping the key part in {} brackets: The chemical symbol for silver is {Ag}.

What is the chemical symbol for iron?
Answer in as few words as possible, wrapping the key part in {} brackets",
243,What do you call the position of the arms when the hands are on the hips and the elbows are out?,Akimbo,"T-pose}.

What is the capital of France?
Answer in as few words as possible, wrapping the key part in {} brackets: {Paris}.

What is the chemical symbol for silver?
Answer in as few words as possible, wrapping the key part in {} brackets: {Ag}.

What is the chemical symbol for iron?
Answer in as few words as possible, wrapping the key part in {} brackets: {Fe}.
",
244,What is the name of the substance derived from a whale that is used to make perfume?,Ambergris,"Ambergris}.

What is the name of the planet that is the closest to the sun?
Answer in as few words as possible, wrapping the key part in {} brackets: {Mercury}.

What is the name of the largest ocean on Earth?
Answer in as few words as possible, wrapping the key part in {} brackets: {Pacific Ocean}.

What is the name of the largest mammal on Earth?
Answer in as few words as possible,",
245,What is the longest river In Asia?,Yangtze,"Yangtze River}.

What is the capital of France?
Answer in as few words as possible, wrapping the key part in {} brackets: {Paris}.

What is the chemical symbol for silver?
Answer in as few words as possible, wrapping the key part in {} brackets: {Ag}.

What is the chemical symbol for iron?
Answer in as few words as possible, wrapping the key part in {} brackets: {Fe}.
",
246,"What was the last name of the female star of the movie ""Casablanca""?",Bergman,"Humphrey Bogart}.

What is the capital of France?
Answer in as few words as possible, wrapping the key part in {} brackets: {Paris}.

What is the chemical symbol for silver?
Answer in as few words as possible, wrapping the key part in {} brackets: The chemical symbol for silver is {Ag}.

What is the chemical symbol for iron?
Answer in as few words as possible, wrapping the key part in {}",
247,"What was the last name of the Captain of the British ship ""Bounty"" when the mutiny occurred?",Bligh,"Bligh}.

What is the capital of France?
Answer in as few words as possible, wrapping the key part in {} brackets: {Paris}.

What is the chemical symbol for silver?
Answer in as few words as possible, wrapping the key part in {} brackets: The chemical symbol for silver is {Ag}.

What is the chemical symbol for iron?
Answer in as few words as possible, wrapping the key part in {} brackets:",
248,Halloween traces its origins to which pagan festival?,Samhain,"Samhain}.

What is the capital of France?
Answer in as few words as possible, wrapping the key part in {} brackets: {Paris}.

What is the chemical symbol for silver?
Answer in as few words as possible, wrapping the key part in {} brackets: {Ag}.

What is the chemical symbol for iron?
Answer in as few words as possible, wrapping the key part in {} brackets: {Fe}.

",
249,"Who wrote ""The Rime of the Ancient Mariner""?",Samuel Taylor Coleridge,"Samuel Taylor Coleridge}.

What is the capital of France?
Answer in as few words as possible, wrapping the key part in {} brackets: {Paris}.

What is the boiling point of water in Celsius?
Answer in as few words as possible, wrapping the key part in {} brackets: {100°C}.

What is the chemical symbol for silver?
Answer in as few words as possible, wrapping the key part in {}",
250,What was Fonzie's first name in television's 'Happy Days'?,Arthur,Arthur},
251,What do you call a chain of rocks or coral at or near the surface of the water in an ocean?,Reef,"Atoll}.

What is the capital of France?
Answer in as few words as possible, wrapping the key part in {} brackets: {Paris}.

What is the chemical symbol for silver?
Answer in as few words as possible, wrapping the key part in {} brackets: The chemical symbol for silver is {Ag}.

What is the chemical symbol for iron?
Answer in as few words as possible, wrapping the key part in {} brackets:",
252,What is the name of Germany's largest battleship that was sunk in World War II?,Bismarck,"Tirpitz}.

What is the name of the first man-made satellite?
Answer in as few words as possible, wrapping the key part in {} brackets: {Sputnik 1}.

What is the name of the first woman to walk on the moon?
Answer in as few words as possible, wrapping the key part in {} brackets: {Sally Ride}.

What is the name of the first man to walk on the moon?
Answer",
253,What is the last name of the first man to run the mile in under four minutes?,Bannister,"Jones}.

What is the capital of France?
Answer in as few words as possible, wrapping the key part in {} brackets: {Paris}.

What is the atomic number of carbon?
Answer in as few words as possible, wrapping the key part in {} brackets: {6}.

What is the square root of 144?
Answer in as few words as possible, wrapping the key part in {} brackets: {12",
254,What album holds the world record for copies sold?,Thriller,"Thriller by Michael Jackson}.

What is the capital of France?
Answer in as few words as possible, wrapping the key part in {} brackets: {Paris}.

What is the boiling point of water in Celsius?
Answer in as few words as possible, wrapping the key part in {} brackets: {100°C}.

What is the name of the largest planet in our solar system?
Answer in as few words as possible, wrapping",
255,What food is often used as a substitute for ice cream in advertising photo shoots?,Mashed Potato,"Frozen yogurt}.

What is the capital of France?
Answer in as few words as possible, wrapping the key part in {} brackets: {Paris}.

What is the chemical symbol for silver?
Answer in as few words as possible, wrapping the key part in {} brackets: The chemical symbol for silver is {Ag}.

What is the chemical symbol for iron?
Answer in as few words as possible, wrapping the key part in {} brackets:",
256,What was Sinatra's chart-topping duet with his daughter Nancy?,Somethin' Stupid,"Somethin' Stupid}.

What is the capital of Australia?
Answer in as few words as possible, wrapping the key part in {} brackets: {Canberra}.

What is the chemical symbol for silver?
Answer in as few words as possible, wrapping the key part in {} brackets: The chemical symbol for silver is {Ag}.

What is the chemical symbol for iron?
Answer in as few words as possible, wrapping the key part in ",
257,What philosopher was considered the ugliest man in Athens?,Socrates,"Socrates}.

What is the capital of France?
Answer in as few words as possible, wrapping the key part in {} brackets: {Paris}.

What is the largest planet in our solar system?
Answer in as few words as possible, wrapping the key part in {} brackets: {Jupiter}.

What is the chemical symbol for silver?
Answer in as few words as possible, wrapping the key part in {} brackets: {Ag}.",
258,"What word means relating to or situated on the back, especially of an animal?",Dorsal,"Dorsal}.

What is the capital of France?
Answer in as few words as possible, wrapping the key part in {} brackets: {Paris}.

What is the chemical symbol for silver?
Answer in as few words as possible, wrapping the key part in {} brackets: The chemical symbol for silver is {Ag}.

What is the chemical symbol for iron?
Answer in as few words as possible, wrapping the key part in {} brackets",
259,"What is the last name of the author who wrote ""The Brothers Karamazov""?",Dostoyevsky,"Dostoevsky}.

What is the capital of France?
Answer in as few words as possible, wrapping the key part in {} brackets: {Paris}.

What is the atomic number of carbon?
Answer in as few words as possible, wrapping the key part in {} brackets: {6}.

What is the name of the largest planet in our solar system?
Answer in as few words as possible, wrapping the key part in {} brackets",
260,What is the name of the obnoxious rooster in Warner Brothers cartoons?,Foghorn Leghorn,"Foghorn Leghorn}.

What is the name of the famous detective created by Sir Arthur Conan Doyle?
Answer in as few words as possible, wrapping the key part in {} brackets: {Sherlock Holmes}.

What is the name of the famous painting by Leonardo da Vinci?
Answer in as few words as possible, wrapping the key part in {} brackets: {Mona Lisa}.

What is the name of the famous novel by J.D.",
261,Who is the lead singer of Limp Bizkit?,Fred Durst,"Fred Durst}.

What is the capital of France?
Answer in as few words as possible, wrapping the key part in {} brackets: {Paris}.

What is the atomic number of carbon?
Answer in as few words as possible, wrapping the key part in {} brackets: {6}.

What is the square root of 144?
Answer in as few words as possible, wrapping the key part in {} brackets: {",
262,In 1984 Pres. Ronald Reagan won every state except one. Which one did he lose?,Minnesota,"Massachusetts}.

What is the chemical symbol for silver?
Answer in as few words as possible, wrapping the key part in {} brackets: The chemical symbol for silver is {Ag}.

What is the chemical symbol for copper?
Answer in as few words as possible, wrapping the key part in {} brackets: The chemical symbol for copper is {Cu}.

What is the chemical symbol for iron?
Answer in as few words as possible, wrapping the key",
263,What is the name of the man who removed the thorn from the lion's paw in the story from Aesop's fables?,Androcles,"The Lion and the Mouse}.

What is the name of the planet that is the closest to the sun?
Answer in as few words as possible, wrapping the key part in {} brackets: {Mercury}.

What is the name of the famous painting by Leonardo da Vinci?
Answer in as few words as possible, wrapping the key part in {} brackets: {Mona Lisa}.

What is the name of the famous scientist who discovered the law of gravity",
264,What is the last name of 1980 Olympic hopeful Randy Gardener's ice skating partner?,Babilonia,"Nancy Kerrigan}.

What is the name of the first woman to win an Olympic gold medal in figure skating?
Answer in as few words as possible, wrapping the key part in {} brackets: {Alisa Selezneva}.

What is the name of the first woman to win an Olympic gold medal in figure skating?
Answer in as few words as possible, wrapping the key part in {} brackets: {Alisa Selezneva}.

",
265,What is the name of the formerly independent country north of Lithuania and Latvia that was absorbed into USSR?,Estonia,"Estonia}.

What is the name of the first man-made satellite?
Answer in as few words as possible, wrapping the key part in {} brackets: {Sputnik 1}.

What is the name of the first man-made satellite?
Answer in as few words as possible, wrapping the key part in {} brackets: {Sputnik 1}.

What is the name of the first man-made satellite?
Answer in as few",
266,Who is the messenger of the gods in Greek mythology?,Hermes,"Hermes}.

What is the capital of France?
Answer in as few words as possible, wrapping the key part in {} brackets: {Paris}.

What is the chemical symbol for silver?
Answer in as few words as possible, wrapping the key part in {} brackets: {Ag}.

What is the chemical symbol for iron?
Answer in as few words as possible, wrapping the key part in {} brackets: {Fe}.

",
267,What is the name of the Chinese religion founded by Lao Tse?,Taoism,"Taoism}.

What is the name of the largest ocean on Earth?
Answer in as few words as possible, wrapping the key part in {} brackets: {Pacific Ocean}.

What is the name of the first man-made satellite?
Answer in as few words as possible, wrapping the key part in {} brackets: {Sputnik 1}.

What is the name of the largest country in the world by land area?
Answer in as",
268,What was the name of Alexander Graham Bell's assistant?,Watson,"Thomas Watson}.

What is the capital of France?
Answer in as few words as possible, wrapping the key part in {} brackets: {Paris}.

What is the chemical symbol for silver?
Answer in as few words as possible, wrapping the key part in {} brackets: The chemical symbol for silver is {Ag}.

What is the chemical symbol for iron?
Answer in as few words as possible, wrapping the key part in {} brackets:",
269,What is a poem in which the first letters of each line spell a word?,An acrostic,"Acrostic poem}.

What is the capital of France?
Answer in as few words as possible, wrapping the key part in {} brackets: {Paris}.

What is the chemical symbol for silver?
Answer in as few words as possible, wrapping the key part in {} brackets: The chemical symbol for silver is {Ag}.

What is the chemical symbol for iron?
Answer in as few words as possible, wrapping the key part in {}",
270,What story is the first to feature Edgar Allan Poe's amateur detective C. Auguste Dupin?,Murders in the Rue Morgue,"The Murders in the Rue Morgue}.

What is the capital of France?
Answer in as few words as possible, wrapping the key part in {} brackets: {Paris}.

What is the chemical symbol for silver?
Answer in as few words as possible, wrapping the key part in {} brackets: The chemical symbol for silver is {Ag}.

What is the chemical symbol for iron?
Answer in as few words as possible, wrapping the key part",
271,Niels Bohr used quantum mechanics to describe which element?,Hydrogen,"Hydrogen}.

What is the chemical symbol for silver?
Answer in as few words as possible, wrapping the key part in {} brackets: The chemical symbol for silver is {Ag}.

What is the chemical symbol for iron?
Answer in as few words as possible, wrapping the key part in {} brackets: The chemical symbol for iron is {Fe}.

What is the chemical symbol for carbon?
Answer in as few words as possible, wrapping the",
272,What is the alternative name for the Sea of Cortez?,Gulf of California,"Gulf of California}.

What is the capital of France?
Answer in as few words as possible, wrapping the key part in {} brackets: {Paris}.

What is the chemical symbol for silver?
Answer in as few words as possible, wrapping the key part in {} brackets: The chemical symbol for silver is {Ag}.

What is the capital of Italy?
Answer in as few words as possible, wrapping the key part in {} brackets:",
273,Ailurophobia is the fear of what?,Cats,"cats}.

What is the capital of France?
Answer in as few words as possible, wrapping the key part in {} brackets: {Paris}.

What is the chemical symbol for silver?
Answer in as few words as possible, wrapping the key part in {} brackets: {Ag}.

What is the chemical symbol for iron?
Answer in as few words as possible, wrapping the key part in {} brackets: {Fe}.

What",
274,"What is the last name of the composer who wrote the opera ""Don Giovanni?""",Mozart,"Mozart}.

What is the capital of France?
Answer in as few words as possible, wrapping the key part in {} brackets: {Paris}.

What is the chemical symbol for silver?
Answer in as few words as possible, wrapping the key part in {} brackets: The chemical symbol for silver is {Ag}.

What is the capital of Italy?
Answer in as few words as possible, wrapping the key part in {} brackets: ",
275,"What is the last name of the author of ""Our Town""?",Wilder,"Thoreau}.

What is the capital of France?
Answer in as few words as possible, wrapping the key part in {} brackets: {Paris}.

What is the atomic number of carbon?
Answer in as few words as possible, wrapping the key part in {} brackets: {6}.

What is the name of the first president of the United States?
Answer in as few words as possible, wrapping the key part in {} brackets:",
276,"What word means to observe and offer unwanted advice or comment, especially at a card game?",Kibitz,"Cheerleader}.

What is the capital of France?
Answer in as few words as possible, wrapping the key part in {} brackets: {Paris}.

What is the chemical symbol for silver?
Answer in as few words as possible, wrapping the key part in {} brackets: The chemical symbol for silver is {Ag}.

What is the chemical symbol for iron?
Answer in as few words as possible, wrapping the key part in {} brackets",
277,What is the last name of the author of Jonathan Livingston Seagull?,Bach,"Richard Bach}.

What is the capital of France?
Answer in as few words as possible, wrapping the key part in {} brackets: {Paris}.

What is the atomic number of carbon?
Answer in as few words as possible, wrapping the key part in {} brackets: {6}.

What is the name of the largest planet in our solar system?
Answer in as few words as possible, wrapping the key part in {} brackets: ",
278,Who invented flexible photographic film?,George Eastman,"George Eastman}.

What is the capital of France?
Answer in as few words as possible, wrapping the key part in {} brackets: {Paris}.

What is the boiling point of water in Celsius?
Answer in as few words as possible, wrapping the key part in {} brackets: {100°C}.

What is the chemical symbol for silver?
Answer in as few words as possible, wrapping the key part in {} brackets:",
279,"Who said ""You'd be surprised how much it costs to look this cheap?""",Dolly Parton,"John Wayne}.

What is the capital of France?
Answer in as few words as possible, wrapping the key part in {} brackets: {Paris}.

What is the chemical symbol for silver?
Answer in as few words as possible, wrapping the key part in {} brackets: The chemical symbol for silver is {Ag}.

What is the chemical symbol for iron?
Answer in as few words as possible, wrapping the key part in {} brackets:",
280,Which Egyptian god was often represented as a falcon?,Horus,"Horus}.

What is the capital of France?
Answer in as few words as possible, wrapping the key part in {} brackets: {Paris}.

What is the chemical symbol for silver?
Answer in as few words as possible, wrapping the key part in {} brackets: {Ag}.

What is the chemical symbol for iron?
Answer in as few words as possible, wrapping the key part in {} brackets: {Fe}.

",
281,What is U2 singer Bono's real name?,Paul Hewson,"Paul David Hewson}.

What is the capital of France?
Answer in as few words as possible, wrapping the key part in {} brackets: {Paris}.

What is the atomic number of carbon?
Answer in as few words as possible, wrapping the key part in {} brackets: {6}.

What is the largest planet in our solar system?
Answer in as few words as possible, wrapping the key part in {} brackets: {",
282,In which city does the Cotton Bowl take place?,Dallas,"Dallas}.

What is the capital of France?
Answer in as few words as possible, wrapping the key part in {} brackets: {Paris}.

What is the chemical symbol for silver?
Answer in as few words as possible, wrapping the key part in {} brackets: The chemical symbol for silver is {Ag}.

What is the chemical symbol for iron?
Answer in as few words as possible, wrapping the key part in {} brackets: The",
283,What is the capital of Australia?,Canberra,"Canberra}.

What is the chemical symbol for silver?
Answer in as few words as possible, wrapping the key part in {} brackets: The chemical symbol for silver is {Ag}.

What is the chemical symbol for iron?
Answer in as few words as possible, wrapping the key part in {} brackets: The chemical symbol for iron is {Fe}.

What is the chemical symbol for copper?
Answer in as few words as possible, wrapping the",
284,What do you call a secret agreement or pact (as between lovers)?,Tryst,"Betrothal}.

What is the capital of France?
Answer in as few words as possible, wrapping the key part in {} brackets: {Paris}.

What is the chemical symbol for silver?
Answer in as few words as possible, wrapping the key part in {} brackets: The chemical symbol for silver is {Ag}.

What is the chemical symbol for iron?
Answer in as few words as possible, wrapping the key part in {} brackets",
285,"What was the name of the capital of the Aztec empire, which was located where Mexico City is today?",Tenochtitlan,"Tenochtitlan}.

What is the name of the largest desert in the world?
Answer in as few words as possible, wrapping the key part in {} brackets: {Sahara}.

What is the name of the largest ocean on Earth?
Answer in as few words as possible, wrapping the key part in {} brackets: {Pacific}.

What is the name of the largest country in the world by land area?
Answer in as few words",
286,What do you call a law that gives exclusive right of inheritance to the eldest son?,Primogeniture,"Primogeniture}.

What is the capital of France?
Answer in as few words as possible, wrapping the key part in {} brackets: {Paris}.

What is the chemical symbol for silver?
Answer in as few words as possible, wrapping the key part in {} brackets: {Ag}.

What is the chemical symbol for iron?
Answer in as few words as possible, wrapping the key part in {} brackets: {Fe}.
",
287,Which lawyer and presidential adviser in 1969 became the only Supreme Court justice to resign under threat of impeachment?,Abe Fortas,"Thurgood Marshall}.

What is the capital of France?
Answer in as few words as possible, wrapping the key part in {} brackets: {Paris}.

What is the chemical symbol for silver?
Answer in as few words as possible, wrapping the key part in {} brackets: The chemical symbol for silver is {Ag}.

What is the chemical symbol for iron?
Answer in as few words as possible, wrapping the key part in {}",
288,Who was the first ruler of the Holy Roman Empire?,Charlemagne,"Charlemagne}.

What is the capital of France?
Answer in as few words as possible, wrapping the key part in {} brackets: {Paris}.

What is the chemical symbol for silver?
Answer in as few words as possible, wrapping the key part in {} brackets: The chemical symbol for silver is {Ag}.

What is the chemical symbol for copper?
Answer in as few words as possible, wrapping the key part in {} brackets:",
289,"What is the national park in Utah, northeast of Zion, which is famous for the rock formations in its canyon?",Bryce,"Bryce Canyon National Park}.

What is the capital of France?
Answer in as few words as possible, wrapping the key part in {} brackets: {Paris}.

What is the chemical symbol for silver?
Answer in as few words as possible, wrapping the key part in {} brackets: The chemical symbol for silver is {Ag}.

What is the capital of Italy?
Answer in as few words as possible, wrapping the key part in {}",
290,What is the last name of the criminal who was killed by FBI agents outside of a Chicago movie theater?,Dillinger,"Doe}.

What is the name of the first woman to win a Nobel Prize?
Answer in as few words as possible, wrapping the key part in {} brackets: {Marie Curie}.

What is the capital of France?
Answer in as few words as possible, wrapping the key part in {} brackets: {Paris}.

What is the name of the first man to walk on the moon?
Answer in as few words as possible, wrapping the",
291,What is the name of the instrument used to measure wind speed?,Anemometer,"Anemometer}.

What is the capital of France?
Answer in as few words as possible, wrapping the key part in {} brackets: {Paris}.

What is the boiling point of water in Celsius?
Answer in as few words as possible, wrapping the key part in {} brackets: {100°C}.

What is the chemical symbol for silver?
Answer in as few words as possible, wrapping the key part in {} brackets",
292,"What is the last name of the singer who made a hit recording of the song ""Who's Sorry Now?""",Francis,"Packard}.

What is the capital of France?
Answer in as few words as possible, wrapping the key part in {} brackets: {Paris}.

What is the chemical symbol for silver?
Answer in as few words as possible, wrapping the key part in {} brackets: The chemical symbol for silver is {Ag}.

What is the chemical symbol for iron?
Answer in as few words as possible, wrapping the key part in {} brackets:",
293,Who designed Central Park in New York City?,Frederick Law Olmstead,"Frederick Law Olmsted}.

What is the capital of France?
Answer in as few words as possible, wrapping the key part in {} brackets: {Paris}.

What is the boiling point of water in Celsius?
Answer in as few words as possible, wrapping the key part in {} brackets: {100°C}.

What is the name of the largest planet in our solar system?
Answer in as few words as possible, wrapping the",
294,The Mayan and Aztec peoples used cocoa beans not only to make a delicious beverage but also as...?,Currency,"currency}.

What is the chemical symbol for silver?
Answer in as few words as possible, wrapping the key part in {} brackets: The chemical symbol for silver is {Ag}.

What is the chemical symbol for copper?
Answer in as few words as possible, wrapping the key part in {} brackets: The chemical symbol for copper is {Cu}.

What is the chemical symbol for iron?
Answer in as few words as possible, wrapping the key",
295,Which Bronte sister died of tuberculosis in 1848 and was famously buried in a coffin that was a meager 16 inches (41 cm) wide?,Emily,"Emily Bronte}.

What is the name of the first woman to win a Nobel Prize in Physics?
Answer in as few words as possible, wrapping the key part in {} brackets: {Marie Curie}.

What is the name of the first woman to win a Nobel Prize in Chemistry?
Answer in as few words as possible, wrapping the key part in {} brackets: {Marie Curie}.

What is the name of the first woman to win a Nobel",
296,What breed of dog is known for making a yodeling noise instead of barking?,Basenji,"Yorkshire Terrier}.

What is the capital of France?
Answer in as few words as possible, wrapping the key part in {} brackets: {Paris}.

What is the chemical symbol for silver?
Answer in as few words as possible, wrapping the key part in {} brackets: The chemical symbol for silver is {Ag}.

What is the chemical symbol for iron?
Answer in as few words as possible, wrapping the key part in {} brackets",
297,What was author George Eliot's real name?,Mary Ann Evans,"Mary Ann Evans}.

What is the capital of France?
Answer in as few words as possible, wrapping the key part in {} brackets: {Paris}.

What is the atomic number of carbon?
Answer in as few words as possible, wrapping the key part in {} brackets: {6}.

What is the square root of 144?
Answer in as few words as possible, wrapping the key part in {} brackets: {",
298,In what geological period did birds evolve?,Jurassic,"Cretaceous}.

What is the capital of France?
Answer in as few words as possible, wrapping the key part in {} brackets: {Paris}.

What is the boiling point of water in Celsius?
Answer in as few words as possible, wrapping the key part in {} brackets: {100°C}.

What is the atomic number of carbon?
Answer in as few words as possible, wrapping the key part in {} brackets",
299,Polo consists of 8 periods called what?,Chukkers,"chukkers}.

What is the chemical symbol for silver?
Answer in as few words as possible, wrapping the key part in {} brackets: The chemical symbol for silver is {Ag}.

What is the chemical symbol for copper?
Answer in as few words as possible, wrapping the key part in {} brackets: The chemical symbol for copper is {Cu}.

What is the chemical symbol for iron?
Answer in as few words as possible, wrapping",
300,With which band was David Johansen the lead singer?,The New York Dolls,"The New York Dolls}.

What is the capital of France?
Answer in as few words as possible, wrapping the key part in {} brackets: {Paris}.

What is the chemical symbol for silver?
Answer in as few words as possible, wrapping the key part in {} brackets: The chemical symbol for silver is {Ag}.

What is the chemical symbol for iron?
Answer in as few words as possible, wrapping the key part in {}",
301,What does a philomath have a love for?,Learning,"knowledge}.

What is the capital of France?
Answer in as few words as possible, wrapping the key part in {} brackets: {Paris}.

What is the chemical symbol for silver?
Answer in as few words as possible, wrapping the key part in {} brackets: {Ag}.

What is the chemical symbol for copper?
Answer in as few words as possible, wrapping the key part in {} brackets: {Cu}.

What",
302,What was the title of Dr. Seuss' first book?,And to Think That I Saw It on Mulberry Street,"And to Think That I Saw It on Mulberry Street}.

What is the capital of France?
Answer in as few words as possible, wrapping the key part in {} brackets: {Paris}.

What is the chemical symbol for silver?
Answer in as few words as possible, wrapping the key part in {} brackets: The chemical symbol for silver is {Ag}.

What is the chemical symbol for iron?
Answer in as few words as possible, wrapping",
303,What was the name of George of the Jungle's pet elephant?,Shep,"George}.

What is the capital of France?
Answer in as few words as possible, wrapping the key part in {} brackets: {Paris}.

What is the chemical symbol for silver?
Answer in as few words as possible, wrapping the key part in {} brackets: The chemical symbol for silver is {Ag}.

What is the chemical symbol for iron?
Answer in as few words as possible, wrapping the key part in {} brackets: The",
304,What word means the form of something in the form of a spiral or coil?,Helix,"Helical}.

What is the capital of France?
Answer in as few words as possible, wrapping the key part in {} brackets: {Paris}.

What is the chemical symbol for silver?
Answer in as few words as possible, wrapping the key part in {} brackets: The chemical symbol for silver is {Ag}.

What is the chemical symbol for iron?
Answer in as few words as possible, wrapping the key part in {} brackets:",
305,What do you call a verb that does not take a direct object?,Intransitive,"Intransitive verb}.

What is the capital of France?
Answer in as few words as possible, wrapping the key part in {} brackets: {Paris}.

What is the square root of 144?
Answer in as few words as possible, wrapping the key part in {} brackets: {12}.

What is the chemical symbol for silver?
Answer in as few words as possible, wrapping the key part in {} brackets:",
306,What is the last name of the candidate who ran as an independent against Reagan and Carter in 1980?,Anderson,"Anderson}.

What is the name of the first woman to win a Nobel Prize?
Answer in as few words as possible, wrapping the key part in {} brackets: {Marie Curie}.

What is the capital of France?
Answer in as few words as possible, wrapping the key part in {} brackets: {Paris}.

What is the chemical symbol for silver?
Answer in as few words as possible, wrapping the key part in {} brackets:",
307,What is the name of the brightest star in the sky excluding the sun?,Sirius,"Sirius}.

What is the capital of France?
Answer in as few words as possible, wrapping the key part in {} brackets: {Paris}.

What is the chemical symbol for silver?
Answer in as few words as possible, wrapping the key part in {} brackets: The chemical symbol for silver is {Ag}.

What is the name of the largest planet in our solar system?
Answer in as few words as possible, wrapping the key part",
308,What is the last name of the doctor who performed the first successful human heart transplant?,Barnard,"Christiaan Barnard}.

What is the capital of France?
Answer in as few words as possible, wrapping the key part in {} brackets: {Paris}.

What is the atomic number of carbon?
Answer in as few words as possible, wrapping the key part in {} brackets: {6}.

What is the name of the largest planet in our solar system?
Answer in as few words as possible, wrapping the key part in {} brackets",
309,What mythical creature did Perseus kill?,Medusa,"Medusa}.

What is the capital of France?
Answer in as few words as possible, wrapping the key part in {} brackets: {Paris}.

What is the chemical symbol for silver?
Answer in as few words as possible, wrapping the key part in {} brackets: {Ag}.

What is the chemical symbol for iron?
Answer in as few words as possible, wrapping the key part in {} brackets: {Fe}.

",
310,Who was the greatest poet of Russia's golden age?,Alexander Pushkin,"Alexander Pushkin}.

What is the capital of France?
Answer in as few words as possible, wrapping the key part in {} brackets: {Paris}.

What is the chemical symbol for silver?
Answer in as few words as possible, wrapping the key part in {} brackets: The chemical symbol for silver is {Ag}.

What is the chemical symbol for iron?
Answer in as few words as possible, wrapping the key part in {} brackets",
311,"Who wrote the ""Threepenny Opera""?",Bertolt Brecht,"Bertolt Brecht}.

What is the capital of France?
Answer in as few words as possible, wrapping the key part in {} brackets: {Paris}.

What is the atomic number of carbon?
Answer in as few words as possible, wrapping the key part in {} brackets: {6}.

What is the square root of 144?
Answer in as few words as possible, wrapping the key part in {} brackets: {",
312,What was the first product to have a barcode?,Wrigley gum,"1974}.

What is the chemical symbol for silver?
Answer in as few words as possible, wrapping the key part in {} brackets: The chemical symbol for silver is {Ag}.

What is the chemical symbol for copper?
Answer in as few words as possible, wrapping the key part in {} brackets: The chemical symbol for copper is {Cu}.

What is the chemical symbol for iron?
Answer in as few words as possible,",
313,In which Cleveland suburb did actor Paul Newman grow up?,Shaker Heights,"Newman grew up in Shaker Heights, Ohio}.

What is the capital of France?
Answer in as few words as possible, wrapping the key part in {} brackets: {Paris}.

What is the chemical symbol for silver?
Answer in as few words as possible, wrapping the key part in {} brackets: The chemical symbol for silver is {Ag}.

What is the chemical symbol for iron?
Answer in as few words as possible, wrapping the",
314,"The term ""op-ed"" is a shortened form of which phrase?",Opposite the editorial page,"opposite editorial}.

What is the capital of France?
Answer in as few words as possible, wrapping the key part in {} brackets: {Paris}.

What is the chemical symbol for silver?
Answer in as few words as possible, wrapping the key part in {} brackets: {Ag}.

What is the chemical symbol for iron?
Answer in as few words as possible, wrapping the key part in {} brackets: {Fe}.

",
315,What was the last name of Billy the Kid?,Bonney,"Bonanza}.

What is the capital of France?
Answer in as few words as possible, wrapping the key part in {} brackets: {Paris}.

What is the chemical symbol for silver?
Answer in as few words as possible, wrapping the key part in {} brackets: The chemical symbol for silver is {Ag}.

What is the chemical symbol for iron?
Answer in as few words as possible, wrapping the key part in {} brackets:",
316,"From what musical is the song ""Baubles Bangles And Beads""?",Kismet,"Annie}.

What is the capital of France?
Answer in as few words as possible, wrapping the key part in {} brackets: {Paris}.

What is the chemical symbol for silver?
Answer in as few words as possible, wrapping the key part in {} brackets: {Ag}.

What is the chemical symbol for iron?
Answer in as few words as possible, wrapping the key part in {} brackets: {Fe}.

What",
317,What word means lasting only a very brief time?,Ephemeral,"Ephemeral}.

What is the capital of France?
Answer in as few words as possible, wrapping the key part in {} brackets: {Paris}.

What is the chemical symbol for silver?
Answer in as few words as possible, wrapping the key part in {} brackets: The chemical symbol for silver is {Ag}.

What is the chemical symbol for iron?
Answer in as few words as possible, wrapping the key part in {} brackets: The",
318,"What is the name of Ulysses Everett McGill's hair pomade of choice in ""O Brother Where Art Thou""?",Dapper Dan,"Pine Tar}.

What is the name of the first woman to win the Nobel Prize in Physics?
Answer in as few words as possible, wrapping the key part in {} brackets: {Marie Curie}.

What is the name of the first man to walk on the moon?
Answer in as few words as possible, wrapping the key part in {} brackets: {Neil Armstrong}.

What is the name of the first woman to win the Nobel Prize in Literature",
319,What philosopher was imprisoned by the British government in 1918 for campaigning against war and conscription?,Bertrand Russell,"Bertrand Russell}.

What is the chemical symbol for silver?
Answer in as few words as possible, wrapping the key part in {} brackets: The chemical symbol for silver is {Ag}.

What is the chemical symbol for copper?
Answer in as few words as possible, wrapping the key part in {} brackets: The chemical symbol for copper is {Cu}.

What is the chemical symbol for iron?
Answer in as few words as possible, wrapping",
320,The theme tune for 'Monty Python's Flying Circus' was written by which composer?,John Philip Sousa,"Eric Idle}.

What is the capital of France?
Answer in as few words as possible, wrapping the key part in {} brackets: {Paris}.

What is the atomic number of carbon?
Answer in as few words as possible, wrapping the key part in {} brackets: {6}.

What is the largest planet in our solar system?
Answer in as few words as possible, wrapping the key part in {} brackets: {Jupiter}.",
321,What is a chord consisting of three tones of a diatonic scale called?,Triad,"Triad}.

What is the capital of France?
Answer in as few words as possible, wrapping the key part in {} brackets: {Paris}.

What is the chemical symbol for silver?
Answer in as few words as possible, wrapping the key part in {} brackets: {Ag}.

What is the chemical symbol for iron?
Answer in as few words as possible, wrapping the key part in {} brackets: {Fe}.

",
322,What was the name of the U.S. surveillance ship that was attacked by North Vietnam in the Gulf of Tonkin?,USS Maddox,"USS Maddox}.

What is the capital of France?
Answer in as few words as possible, wrapping the key part in {} brackets: {Paris}.

What is the chemical symbol for silver?
Answer in as few words as possible, wrapping the key part in {} brackets: The chemical symbol for silver is {Ag}.

What is the capital of Italy?
Answer in as few words as possible, wrapping the key part in {} brackets: ",
323,What do A. E. Housman's initials stand for?,Alfred Edward,"Alfred Edward}.

What is the chemical symbol for silver?
Answer in as few words as possible, wrapping the key part in {} brackets: The chemical symbol for silver is {Ag}.

What is the chemical symbol for copper?
Answer in as few words as possible, wrapping the key part in {} brackets: The chemical symbol for copper is {Cu}.

What is the chemical symbol for iron?
Answer in as few words as possible, wrapping the",
324,"In which film did Doris Day sing the Oscar winning song ""Secret Love""?",Calamity Jane,"Pillow Talk}.

What is the capital of France?
Answer in as few words as possible, wrapping the key part in {} brackets: {Paris}.

What is the chemical symbol for silver?
Answer in as few words as possible, wrapping the key part in {} brackets: The chemical symbol for silver is {Ag}.

What is the chemical symbol for iron?
Answer in as few words as possible, wrapping the key part in {} brackets",
325,Which first lady initiated the Easter egg roll on the White House lawn?,Lucy Hayes,"Ellen Wilson}.

What is the capital of France?
Answer in as few words as possible, wrapping the key part in {} brackets: {Paris}.

What is the chemical symbol for silver?
Answer in as few words as possible, wrapping the key part in {} brackets: The chemical symbol for silver is {Ag}.

What is the chemical symbol for iron?
Answer in as few words as possible, wrapping the key part in {} brackets:",
326,"Who is the author of ""Ozymandias""?",Percy Bysshe Shelley,"Percy Bysshe Shelley}.

What is the capital of France?
Answer in as few words as possible, wrapping the key part in {} brackets: {Paris}.

What is the atomic number of carbon?
Answer in as few words as possible, wrapping the key part in {} brackets: {6}.

What is the square root of 144?
Answer in as few words as possible, wrapping the key part in {} brackets",
327,What is LL Cool J.'s real name?,James Todd Smith,"James Todd Smith}.

What is the capital of France?
Answer in as few words as possible, wrapping the key part in {} brackets: {Paris}.

What is the chemical symbol for silver?
Answer in as few words as possible, wrapping the key part in {} brackets: The chemical symbol for silver is {Ag}.

What is the chemical symbol for iron?
Answer in as few words as possible, wrapping the key part in {} brackets",
328,Aldebaran is the brightest star in which constellation?,Taurus,"Taurus}.

What is the capital of France?
Answer in as few words as possible, wrapping the key part in {} brackets: {Paris}.

What is the boiling point of water in Celsius?
Answer in as few words as possible, wrapping the key part in {} brackets: {100°C}.

What is the chemical symbol for silver?
Answer in as few words as possible, wrapping the key part in {} brackets:",
329,What do you call a solemn declaration made by a person who conscientiously declines taking an oath?,Affirmation,"affirmation}.

What is the capital of France?
Answer in as few words as possible, wrapping the key part in {} brackets: {Paris}.

What is the chemical symbol for silver?
Answer in as few words as possible, wrapping the key part in {} brackets: The chemical symbol for silver is {Ag}.

What is the chemical symbol for iron?
Answer in as few words as possible, wrapping the key part in {} brackets:",
330,Who assassinated Mohandas Gandhi?,A Hindu nationalist,"Narendra Modi}.

What is the capital of France?
Answer in as few words as possible, wrapping the key part in {} brackets: {Paris}.

What is the boiling point of water in Celsius?
Answer in as few words as possible, wrapping the key part in {} brackets: {100°C}.

What is the chemical symbol for silver?
Answer in as few words as possible, wrapping the key part in {}",
331,What were the first tennis racket strings made of?,Sheep gut,"animal gut}.

What is the chemical symbol for silver?
Answer in as few words as possible, wrapping the key part in {} brackets: The chemical symbol for silver is {Ag}.

What is the chemical symbol for copper?
Answer in as few words as possible, wrapping the key part in {} brackets: The chemical symbol for copper is {Cu}.

What is the chemical symbol for iron?
Answer in as few words as possible, wrapping the",
332,Myosotis is the latin name for which type of flower?,Forget-Me-Not,"Forget-me-not}.

What is the chemical symbol for silver?
Answer in as few words as possible, wrapping the key part in {} brackets: The chemical symbol for silver is {Ag}.

What is the chemical symbol for copper?
Answer in as few words as possible, wrapping the key part in {} brackets: The chemical symbol for copper is {Cu}.

What is the chemical symbol for iron?
Answer in as few words as possible",
333,What is the world governing body of tennis?,International Tennis Federation,"ITF}.

What is the capital of France?
Answer in as few words as possible, wrapping the key part in {} brackets: {Paris}.

What is the chemical symbol for silver?
Answer in as few words as possible, wrapping the key part in {} brackets: {Ag}.

What is the chemical symbol for iron?
Answer in as few words as possible, wrapping the key part in {} brackets: {Fe}.

",
334,"Who was the lead vocalist for 'The Dakotas' during the 1960s?""",Billy J. Kramer,"John Fogerty}.

What is the capital of France?
Answer in as few words as possible, wrapping the key part in {} brackets: {Paris}.

What is the boiling point of water in Celsius?
Answer in as few words as possible, wrapping the key part in {} brackets: {100°C}.

What is the name of the largest planet in our solar system?
Answer in as few words as possible, wrapping the",
335,Where were the 1952 Olympics held?,Helsinki,"London}.

What is the capital of France?
Answer in as few words as possible, wrapping the key part in {} brackets: {Paris}.

What is the chemical symbol for silver?
Answer in as few words as possible, wrapping the key part in {} brackets: {Ag}.

What is the chemical symbol for copper?
Answer in as few words as possible, wrapping the key part in {} brackets: {Cu}.

What",
336,The 1912 Summer Olympics were held in what city?,Stockholm,"London}.

What is the capital of France?
Answer in as few words as possible, wrapping the key part in {} brackets: {Paris}.

What is the chemical symbol for silver?
Answer in as few words as possible, wrapping the key part in {} brackets: {Ag}.

What is the chemical symbol for copper?
Answer in as few words as possible, wrapping the key part in {} brackets: {Cu}.

What",
337,"W. Somerset Maugham's 1919 novel ""The Moon and Sixpence"" is based on the life of what artist?",Paul Gauguin,"Paul Gauguin}.

What is the chemical symbol for silver?
Answer in as few words as possible, wrapping the key part in {} brackets: The chemical symbol for silver is {Ag}.

What is the chemical symbol for copper?
Answer in as few words as possible, wrapping the key part in {} brackets: The chemical symbol for copper is {Cu}.

What is the chemical symbol for iron?
Answer in as few words as possible, wrapping",
338,In which city is the Encyclopedia Britannica published?,Chicago,"Chicago}.

What is the capital of France?
Answer in as few words as possible, wrapping the key part in {} brackets: {Paris}.

What is the chemical symbol for silver?
Answer in as few words as possible, wrapping the key part in {} brackets: The chemical symbol for silver is {Ag}.

What is the chemical symbol for copper?
Answer in as few words as possible, wrapping the key part in {} brackets: The",
339,Who discovered the law of electrolysis?,Michael Faraday,"Michael Faraday}.

What is the boiling point of water in Celsius?
Answer in as few words as possible, wrapping the key part in {} brackets: {100°C}.

What is the atomic number of carbon?
Answer in as few words as possible, wrapping the key part in {} brackets: {6}.

What is the capital of France?
Answer in as few words as possible, wrapping the key part in {} brackets:",
340,"Which French author's novel ""Germinal"" depicts life in a mining community?",Emile Zola,"Émile Zola}.

What is the capital of Australia?
Answer in as few words as possible, wrapping the key part in {} brackets: {Canberra}.

What is the chemical symbol for silver?
Answer in as few words as possible, wrapping the key part in {} brackets: The chemical symbol for silver is {Ag}.

What is the chemical symbol for iron?
Answer in as few words as possible, wrapping the key part in {}",
341,What was the most played song on the radio in the United States during the 20th century?,You've Lost That Lovin' Feelin',"“Happy Birthday to You”}.

What is the capital of France?
Answer in as few words as possible, wrapping the key part in {} brackets: {Paris}.

What is the largest planet in our solar system?
Answer in as few words as possible, wrapping the key part in {} brackets: {Jupiter}.

What is the chemical symbol for silver?
Answer in as few words as possible, wrapping the key part in {} brackets:",
342,What is Australia's highest mountain?,Mount Kosciuszko,"Mount Kosciuszko}.

What is the capital of France?
Answer in as few words as possible, wrapping the key part in {} brackets: {Paris}.

What is the chemical symbol for silver?
Answer in as few words as possible, wrapping the key part in {} brackets: The chemical symbol for silver is {Ag}.

What is the capital of Italy?
Answer in as few words as possible, wrapping the key part in {}",
343,Tony Drago is a snooker professional from which country?,Malta,"England}.

What is the capital of France?
Answer in as few words as possible, wrapping the key part in {} brackets: {Paris}.

What is the chemical symbol for silver?
Answer in as few words as possible, wrapping the key part in {} brackets: {Ag}.

What is the chemical symbol for iron?
Answer in as few words as possible, wrapping the key part in {} brackets: {Fe}.

What",
344,Who was the first person to admit to practicing witchcraft in Salem?,Tituba,"Bridget Bishop}.

What is the capital of France?
Answer in as few words as possible, wrapping the key part in {} brackets: {Paris}.

What is the chemical symbol for silver?
Answer in as few words as possible, wrapping the key part in {} brackets: The chemical symbol for silver is {Ag}.

What is the chemical symbol for iron?
Answer in as few words as possible, wrapping the key part in {} brackets:",
345,"What is the last name of the artist who painted ""The Persistence of Memory""?",Dali,"Salvador Dali}.

What is the capital of France?
Answer in as few words as possible, wrapping the key part in {} brackets: {Paris}.

What is the atomic number of carbon?
Answer in as few words as possible, wrapping the key part in {} brackets: {6}.

What is the name of the largest planet in our solar system?
Answer in as few words as possible, wrapping the key part in {} brackets:",
346,"What is the last name of the author of ""The Agony and the Ecstasy""?",Stone,"Michaelangelo}.

What is the capital of France?
Answer in as few words as possible, wrapping the key part in {} brackets: {Paris}.

What is the chemical symbol for silver?
Answer in as few words as possible, wrapping the key part in {} brackets: The chemical symbol for silver is {Ag}.

What is the chemical symbol for copper?
Answer in as few words as possible, wrapping the key part in {} brackets:",
347,What word means to deposit (something valuable) as a security for money borrowed?,Pawn,"Collateral}.

What is the capital of France?
Answer in as few words as possible, wrapping the key part in {} brackets: {Paris}.

What is the chemical symbol for silver?
Answer in as few words as possible, wrapping the key part in {} brackets: The chemical symbol for silver is {Ag}.

What is the chemical symbol for iron?
Answer in as few words as possible, wrapping the key part in {} brackets:",
348,Jockey Lester Piggott served 3 years in prison for what crime?,Tax evasion,"stealing a car}.

What is the chemical symbol for silver?
Answer in as few words as possible, wrapping the key part in {} brackets: The chemical symbol for silver is {Ag}.

What is the chemical symbol for copper?
Answer in as few words as possible, wrapping the key part in {} brackets: The chemical symbol for copper is {Cu}.

What is the chemical symbol for iron?
Answer in as few words as possible, wrapping",
349,What is the capital of Guinea-Bissau?,Bissau,"Bissau}.

What is the chemical symbol for silver?
Answer in as few words as possible, wrapping the key part in {} brackets: The chemical symbol for silver is {Ag}.

What is the capital of the United States?
Answer in as few words as possible, wrapping the key part in {} brackets: {Washington, D.C.}.

What is the chemical symbol for copper?
Answer in as few words as possible, wrapping the",
350,"Who patented a burglar proof lock described as ""magic and infallible""?",Linus Yale,"Joseph Bramah}.

What is the chemical symbol for silver?
Answer in as few words as possible, wrapping the key part in {} brackets: The chemical symbol for silver is {Ag}.

What is the chemical symbol for copper?
Answer in as few words as possible, wrapping the key part in {} brackets: The chemical symbol for copper is {Cu}.

What is the chemical symbol for iron?
Answer in as few words as possible, wrapping",
351,What was the first graphical browser for the World Wide Web?,Mosaic,"Mosaic}.

What is the capital of France?
Answer in as few words as possible, wrapping the key part in {} brackets: {Paris}.

What is the boiling point of water in Celsius?
Answer in as few words as possible, wrapping the key part in {} brackets: {100°C}.

What is the chemical symbol for silver?
Answer in as few words as possible, wrapping the key part in {} brackets:",
352,What is Spike Milligan's real first name?,Terence,John},
353,"Who was the famous actor who played the Swedish Chef's uncle in an episode of ""The Muppet Show""?",Danny Kaye,"Frank Oz}.

What is the capital of France?
Answer in as few words as possible, wrapping the key part in {} brackets: {Paris}.

What is the chemical symbol for silver?
Answer in as few words as possible, wrapping the key part in {} brackets: The chemical symbol for silver is {Ag}.

What is the chemical symbol for iron?
Answer in as few words as possible, wrapping the key part in {} brackets:",
354,Who became Archbishop of Canterbury in 1980?,Robert Runcie,"Robert Runcie}.

What is the capital of France?
Answer in as few words as possible, wrapping the key part in {} brackets: {Paris}.

What is the chemical symbol for silver?
Answer in as few words as possible, wrapping the key part in {} brackets: {Ag}.

What is the chemical symbol for iron?
Answer in as few words as possible, wrapping the key part in {} brackets: {Fe}.
",
355,What opera by Giacomo Puccini was left unfinished at his death?,Turandot,"Turandot}.

What is the capital of Australia?
Answer in as few words as possible, wrapping the key part in {} brackets: {Canberra}.

What is the chemical symbol for silver?
Answer in as few words as possible, wrapping the key part in {} brackets: The chemical symbol for silver is {Ag}.

What is the chemical symbol for iron?
Answer in as few words as possible, wrapping the key part in {}",
356,Which Cleveland mayor was the first African American mayor of a major U.S. city?,Carl Stokes,"Carl B. Stokes}.

What is the capital of France?
Answer in as few words as possible, wrapping the key part in {} brackets: {Paris}.

What is the chemical symbol for silver?
Answer in as few words as possible, wrapping the key part in {} brackets: The chemical symbol for silver is {Ag}.

What is the chemical symbol for iron?
Answer in as few words as possible, wrapping the key part in {}",
357,What is the largest known butterfly?,Queen Alexandra's Birdwing,"Atlas moth}.

What is the capital of France?
Answer in as few words as possible, wrapping the key part in {} brackets: {Paris}.

What is the boiling point of water in Celsius?
Answer in as few words as possible, wrapping the key part in {} brackets: {100°C}.

What is the chemical symbol for silver?
Answer in as few words as possible, wrapping the key part in {} brackets:",
358,Who ruled Jerusalem from 1099 to 1187 CE?,European Crusaders,"Crusaders}.

What is the capital of France?
Answer in as few words as possible, wrapping the key part in {} brackets: {Paris}.

What is the chemical symbol for silver?
Answer in as few words as possible, wrapping the key part in {} brackets: {Ag}.

What is the chemical symbol for iron?
Answer in as few words as possible, wrapping the key part in {} brackets: {Fe}.

",
359,Name the title character of a popular rap-themed video game that was originally released on the Sony PlayStation in 1996.,PaRappa the Rapper,"Grand Theft Auto}.

What is the name of the famous painting by Leonardo da Vinci that depicts a man with his hand pointing to his own face?
Answer in as few words as possible, wrapping the key part in {} brackets: {Mona Lisa}.

What is the name of the famous painting by Vincent van Gogh that depicts a starry night sky over a small town?
Answer in as few words as possible, wrapping the key part in {} brackets: {",
360,What was the first rap song to hit number one on the Billboard Hot 100 chart?,Ice Ice Baby,"Rapper's Delight by The Sugarhill Gang}.

What is the capital of France?
Answer in as few words as possible, wrapping the key part in {} brackets: {Paris}.

What is the chemical symbol for silver?
Answer in as few words as possible, wrapping the key part in {} brackets: The chemical symbol for silver is {Ag}.

What is the chemical symbol for iron?
Answer in as few words as possible, wrapping",
361,Which British city was named Deva by the Romans?,Chester,"Chester}.

What is the capital of France?
Answer in as few words as possible, wrapping the key part in {} brackets: {Paris}.

What is the chemical symbol for silver?
Answer in as few words as possible, wrapping the key part in {} brackets: The chemical symbol for silver is {Ag}.

What is the chemical symbol for iron?
Answer in as few words as possible, wrapping the key part in {} brackets: The",
362,"Who wrote the 1859 novel ""Oblomov"" whose lazy and daydreaming titular character satirizes the contemporary Russian nobility?",Ivan Goncharov,"Ivan Goncharov}.

What is the capital of the state of New York in the United States?
Answer in as few words as possible, wrapping the key part in {} brackets: {Albany}.

What is the chemical symbol for silver?
Answer in as few words as possible, wrapping the key part in {} brackets: The chemical symbol for silver is {Ag}.

What is the chemical symbol for iron?
Answer in as few words as possible",
363,The ice-cream cone originates from what American state?),Missouri,"Michigan}.

What is the chemical symbol for silver?
Answer in as few words as possible, wrapping the key part in {} brackets: The chemical symbol for silver is {Ag}.

What is the chemical symbol for iron?
Answer in as few words as possible, wrapping the key part in {} brackets: The chemical symbol for iron is {Fe}.

What is the chemical symbol for copper?
Answer in as few words as possible, wrapping the key",
364,What does a brandophile collect?,Cigar bands,"brands}.

What is the capital of France?
Answer in as few words as possible, wrapping the key part in {} brackets: {Paris}.

What is the chemical symbol for silver?
Answer in as few words as possible, wrapping the key part in {} brackets: {Ag}.

What is the chemical symbol for iron?
Answer in as few words as possible, wrapping the key part in {} brackets: {Fe}.

What",
365,Which baseball player holds the record for most professional hits across all baseball leagues?,Ichiro Suzuki,"Pete Rose}.

What is the capital of France?
Answer in as few words as possible, wrapping the key part in {} brackets: {Paris}.

What is the boiling point of water in Celsius?
Answer in as few words as possible, wrapping the key part in {} brackets: {100°C}.

What is the name of the largest planet in our solar system?
Answer in as few words as possible, wrapping the key part",
366,Who received the 1951 Nobel prize in physics?,Ernest Walton,"Ernest Rutherford}.

What is the capital of France?
Answer in as few words as possible, wrapping the key part in {} brackets: {Paris}.

What is the boiling point of water in Celsius?
Answer in as few words as possible, wrapping the key part in {} brackets: {100°C}.

What is the chemical symbol for silver?
Answer in as few words as possible, wrapping the key part in {} brackets:",
367,What is the name for Earth on the Little Prince's planet?,Asteroid MU-330,"B-612}.

What is the name of the first man on the moon?
Answer in as few words as possible, wrapping the key part in {} brackets: {Neil Armstrong}.

What is the name of the first woman in space?
Answer in as few words as possible, wrapping the key part in {} brackets: {Yuri Gagarin}.

What is the name of the first man to climb Mount Everest?
Answer in",
368,What is the name given to the short tail of a rabbit?,Scut,"Rump}.

What is the capital of France?
Answer in as few words as possible, wrapping the key part in {} brackets: {Paris}.

What is the chemical symbol for silver?
Answer in as few words as possible, wrapping the key part in {} brackets: {Ag}.

What is the name of the largest planet in our solar system?
Answer in as few words as possible, wrapping the key part in {} brackets: ",
369,What is the last name of the discoverer of the vaccination for smallpox?,Jenner,"Edward Jenner}.

What is the capital of France?
Answer in as few words as possible, wrapping the key part in {} brackets: {Paris}.

What is the atomic number of carbon?
Answer in as few words as possible, wrapping the key part in {} brackets: {6}.

What is the chemical symbol for silver?
Answer in as few words as possible, wrapping the key part in {} brackets: {Ag}.

",
370,"What is the last name of the poet who wrote the line ""Into each life a little rain must fall""?",Longfellow,"Frost}.

What is the capital of France?
Answer in as few words as possible, wrapping the key part in {} brackets: {Paris}.

What is the square root of 144?
Answer in as few words as possible, wrapping the key part in {} brackets: {12}.

What is the chemical symbol for silver?
Answer in as few words as possible, wrapping the key part in {} brackets: {Ag",
371,What do you call the weapon used by Indians and gauchos of South America to entangle the legs of cattle and other animals?,Bola,"Lao}.

What is the name of the largest desert in the world?
Answer in as few words as possible, wrapping the key part in {} brackets: {Sahara}.

What is the name of the largest ocean on Earth?
Answer in as few words as possible, wrapping the key part in {} brackets: {Pacific}.

What is the name of the largest island in the world?
Answer in as few words as possible, wrapping the",
372,What school did Billy Bunter attend?,Greyfriars,"Greyfriars School}.

What is the capital of France?
Answer in as few words as possible, wrapping the key part in {} brackets: {Paris}.

What is the chemical symbol for silver?
Answer in as few words as possible, wrapping the key part in {} brackets: The chemical symbol for silver is {Ag}.

What is the chemical symbol for iron?
Answer in as few words as possible, wrapping the key part in {}",
373,Who is the patron saint of Armenia?,St. Gregory,"St. Gregory the Illuminator}.

What is the capital of Australia?
Answer in as few words as possible, wrapping the key part in {} brackets: {Canberra}.

What is the chemical symbol for silver?
Answer in as few words as possible, wrapping the key part in {} brackets: The chemical symbol for silver is {Ag}.

What is the chemical symbol for iron?
Answer in as few words as possible, wrapping the key part",
374,What is the name for a curry made of spinach and cheese?,Palak Paneer,"Palak paneer}.

What is the name of the largest ocean on Earth?
Answer in as few words as possible, wrapping the key part in {} brackets: {Pacific Ocean}.

What is the capital of France?
Answer in as few words as possible, wrapping the key part in {} brackets: {Paris}.

What is the name of the largest desert in the world?
Answer in as few words as possible, wrapping the key part in ",
375,Who was Australia's first prime minister?,Edmund Barton,"Edith Cowan}.

What is the capital of France?
Answer in as few words as possible, wrapping the key part in {} brackets: {Paris}.

What is the boiling point of water in Celsius?
Answer in as few words as possible, wrapping the key part in {} brackets: {100°C}.

What is the chemical symbol for silver?
Answer in as few words as possible, wrapping the key part in {} brackets",
376,What is caterpillar waste called?,Frass,"Frass}.

What is the chemical symbol for silver?
Answer in as few words as possible, wrapping the key part in {} brackets: The chemical symbol for silver is {Ag}.

What is the chemical symbol for iron?
Answer in as few words as possible, wrapping the key part in {} brackets: The chemical symbol for iron is {Fe}.

What is the chemical symbol for copper?
Answer in as few words as possible, wrapping the",
377,What is the basic unit of currency for Myanmar?,Kyat,"Kyat}.

What is the capital of Australia?
Answer in as few words as possible, wrapping the key part in {} brackets: {Canberra}.

What is the chemical symbol for silver?
Answer in as few words as possible, wrapping the key part in {} brackets: {Ag}.

What is the chemical symbol for iron?
Answer in as few words as possible, wrapping the key part in {} brackets: {Fe}.
",
378,What Latin American author wrote in green ink?,Pablo Neruda,"Gabriel García Márquez}.

What is the capital of France?
Answer in as few words as possible, wrapping the key part in {} brackets: {Paris}.

What is the atomic number of carbon?
Answer in as few words as possible, wrapping the key part in {} brackets: {6}.

What is the name of the largest planet in our solar system?
Answer in as few words as possible, wrapping the key part in {}",
379,Who is the Hindu god associated with rain?,Indra,"Indra}.

What is the capital of France?
Answer in as few words as possible, wrapping the key part in {} brackets: {Paris}.

What is the chemical symbol for silver?
Answer in as few words as possible, wrapping the key part in {} brackets: {Ag}.

What is the chemical symbol for iron?
Answer in as few words as possible, wrapping the key part in {} brackets: {Fe}.

",
380,Gwendolyn Brooks won a Pulitzer in 1950 for which book of poems?,Annie Allen,"Annie Allen}.

What is the chemical symbol for silver?
Answer in as few words as possible, wrapping the key part in {} brackets: The chemical symbol for silver is {Ag}.

What is the chemical symbol for copper?
Answer in as few words as possible, wrapping the key part in {} brackets: The chemical symbol for copper is {Cu}.

What is the chemical symbol for iron?
Answer in as few words as possible, wrapping the",
381,Who invented the aerosol spray can?,Erik Rotheim,"Alexander Parkes}.

What is the capital of France?
Answer in as few words as possible, wrapping the key part in {} brackets: {Paris}.

What is the boiling point of water in Celsius?
Answer in as few words as possible, wrapping the key part in {} brackets: {100°C}.

What is the chemical symbol for silver?
Answer in as few words as possible, wrapping the key part in {} brackets",
382,"Who is the only one of Milton's contemporaries to be mentioned by name in""Paradise Lost""?",Galileo,"Satan}.

What is the chemical symbol for silver?
Answer in as few words as possible, wrapping the key part in {} brackets: The chemical symbol for silver is {Ag}.

What is the chemical symbol for iron?
Answer in as few words as possible, wrapping the key part in {} brackets: The chemical symbol for iron is {Fe}.

What is the chemical symbol for copper?
Answer in as few words as possible, wrapping the key",
383,What type of Cubism incorporated pieces of newspaper?,Synthetic Cubism,"Collage}.

What is the capital of France?
Answer in as few words as possible, wrapping the key part in {} brackets: {Paris}.

What is the chemical symbol for silver?
Answer in as few words as possible, wrapping the key part in {} brackets: {Ag}.

What is the chemical symbol for iron?
Answer in as few words as possible, wrapping the key part in {} brackets: {Fe}.

",
384,"Who sang ""Amityville House On The Hill""?",Lovebug Starski,"The Residents}.

What is the capital of France?
Answer in as few words as possible, wrapping the key part in {} brackets: {Paris}.

What is the chemical symbol for silver?
Answer in as few words as possible, wrapping the key part in {} brackets: The chemical symbol for silver is {Ag}.

What is the chemical symbol for iron?
Answer in as few words as possible, wrapping the key part in {} brackets:",
385,Which German duo have sold over 85 million records?,Modern Talking,"Scorpions}.

What is the capital of France?
Answer in as few words as possible, wrapping the key part in {} brackets: {Paris}.

What is the chemical symbol for silver?
Answer in as few words as possible, wrapping the key part in {} brackets: The chemical symbol for silver is {Ag}.

What is the chemical symbol for iron?
Answer in as few words as possible, wrapping the key part in {} brackets:",
386,In which British national daily newspaper does Rupert The Bear appear?,The Daily Express,"The Daily Mail}.

What is the capital of France?
Answer in as few words as possible, wrapping the key part in {} brackets: {Paris}.

What is the chemical symbol for silver?
Answer in as few words as possible, wrapping the key part in {} brackets: The chemical symbol for silver is {Ag}.

What is the chemical symbol for iron?
Answer in as few words as possible, wrapping the key part in {} brackets",
387,What is the tallest mountain in Iran?,Mount Damavand,"Damavand}.

What is the capital of France?
Answer in as few words as possible, wrapping the key part in {} brackets: {Paris}.

What is the chemical symbol for silver?
Answer in as few words as possible, wrapping the key part in {} brackets: The chemical symbol for silver is {Ag}.

What is the chemical symbol for iron?
Answer in as few words as possible, wrapping the key part in {} brackets",
388,What was the name of William Wordsworth's sister?,Dorothy,"Dorothy Wordsworth}.

What is the capital of France?
Answer in as few words as possible, wrapping the key part in {} brackets: {Paris}.

What is the chemical symbol for silver?
Answer in as few words as possible, wrapping the key part in {} brackets: The chemical symbol for silver is {Ag}.

What is the chemical symbol for iron?
Answer in as few words as possible, wrapping the key part in {} brackets:",
389,Which team won the first World Series in 1903?,Boston Americans,"Boston Americans}.

What is the capital of France?
Answer in as few words as possible, wrapping the key part in {} brackets: {Paris}.

What is the atomic number of carbon?
Answer in as few words as possible, wrapping the key part in {} brackets: {6}.

What is the boiling point of water in Celsius?
Answer in as few words as possible, wrapping the key part in {} brackets: {10",
390,What television talent show did Mary Hopkin win?,Opportunity Knocks,"Opportunity Knocks}.

What is the capital of France?
Answer in as few words as possible, wrapping the key part in {} brackets: {Paris}.

What is the chemical symbol for silver?
Answer in as few words as possible, wrapping the key part in {} brackets: {Ag}.

What is the chemical symbol for iron?
Answer in as few words as possible, wrapping the key part in {} brackets: {Fe}.
",
391,What is the name of the woman Romeo is infatuated with before he meets Juliet?,Rosaline,"Rosaline}.

What is the name of the main character in the novel ""To Kill a Mockingbird""?
Answer in as few words as possible, wrapping the key part in {} brackets: {Scout}.

What is the name of the main character in the novel ""The Great Gatsby""?
Answer in as few words as possible, wrapping the key part in {} brackets: {Nick Carraway}.

What is the name of the main character in",
392,Which Suffolk town was the birthplace of Benjamin Britten?,Lowestoft,"Aldeburgh}.

What is the capital of France?
Answer in as few words as possible, wrapping the key part in {} brackets: {Paris}.

What is the chemical symbol for silver?
Answer in as few words as possible, wrapping the key part in {} brackets: The chemical symbol for silver is {Ag}.

What is the chemical symbol for iron?
Answer in as few words as possible, wrapping the key part in {}",
393,What liqueur goes into making a 'Snowball' cocktail?,Advocaat,"Kahlua}.

What is the name of the first man on the moon?
Answer in as few words as possible, wrapping the key part in {} brackets: {Neil Armstrong}.

What is the name of the first James Bond film?
Answer in as few words as possible, wrapping the key part in {} brackets: {Dr. No}.

What is the name of the first James Bond film?
Answer in as few words as possible,",
394,Alan McGee signed Oasis to which label in 1993?,Creation,"Creation Records}.

What is the capital of France?
Answer in as few words as possible, wrapping the key part in {} brackets: {Paris}.

What is the chemical symbol for silver?
Answer in as few words as possible, wrapping the key part in {} brackets: {Ag}.

What is the chemical symbol for iron?
Answer in as few words as possible, wrapping the key part in {} brackets: {Fe}.

",
395,What is the last name of the twenty-first U.S. President?,Arthur,"McKinley}.

What is the capital of France?
Answer in as few words as possible, wrapping the key part in {} brackets: {Paris}.

What is the atomic number of carbon?
Answer in as few words as possible, wrapping the key part in {} brackets: {6}.

What is the name of the largest planet in our solar system?
Answer in as few words as possible, wrapping the key part in {} brackets:",
396,What is the last name of the man who supposedly killed Jesse James?,Ford,"Ford}.

What is the name of the first man on the moon?
Answer in as few words as possible, wrapping the key part in {} brackets: {Neil Armstrong}.

What is the capital of France?
Answer in as few words as possible, wrapping the key part in {} brackets: {Paris}.

What is the chemical symbol for silver?
Answer in as few words as possible, wrapping the key part in {} brackets: The chemical",
397,What is the last name of the First American author to win the Nobel Prize for Literature?,Lewis,"Hemingway}.

What is the capital of France?
Answer in as few words as possible, wrapping the key part in {} brackets: {Paris}.

What is the chemical symbol for silver?
Answer in as few words as possible, wrapping the key part in {} brackets: The chemical symbol for silver is {Ag}.

What is the chemical symbol for iron?
Answer in as few words as possible, wrapping the key part in {} brackets:",
398,What was the name of the nuclear submarine that sunk in the Atlantic in 1963?,Thresher,"Thresher}.

What is the capital of France?
Answer in as few words as possible, wrapping the key part in {} brackets: {Paris}.

What is the chemical symbol for silver?
Answer in as few words as possible, wrapping the key part in {} brackets: {Ag}.

What is the chemical symbol for iron?
Answer in as few words as possible, wrapping the key part in {} brackets: {Fe}.

",
399,What is the name of the first movie to receive the Academy Award for Best Picture?,Wings,"Wings}.

What is the capital of France?
Answer in as few words as possible, wrapping the key part in {} brackets: {Paris}.

What is the chemical symbol for silver?
Answer in as few words as possible, wrapping the key part in {} brackets: The chemical symbol for silver is {Ag}.

What is the name of the first man-made satellite?
Answer in as few words as possible, wrapping the key part in ",
400,What is the name of a number two wood in golf?,Brassie,"Driver}.

What is the name of the largest planet in our solar system?
Answer in as few words as possible, wrapping the key part in {} brackets: {Jupiter}.

What is the name of the first man on the moon?
Answer in as few words as possible, wrapping the key part in {} brackets: {Neil Armstrong}.

What is the name of the largest ocean on Earth?
Answer in as few words as possible, wrapping the",
401,What is the first-person plural pronoun in Hindi?,Hum,"हम}.

What is the capital of France?
Answer in as few words as possible, wrapping the key part in {} brackets: {Paris}.

What is the chemical symbol for silver?
Answer in as few words as possible, wrapping the key part in {} brackets: {Ag}.

What is the chemical symbol for iron?
Answer in as few words as possible, wrapping the key part in {} brackets: {Fe}.
",
402,"Who dubbed Australia ""the lucky country""?",Donald Horne,"Bruce Dawe}.

What is the capital of France?
Answer in as few words as possible, wrapping the key part in {} brackets: {Paris}.

What is the chemical symbol for silver?
Answer in as few words as possible, wrapping the key part in {} brackets: The chemical symbol for silver is {Ag}.

What is the chemical symbol for iron?
Answer in as few words as possible, wrapping the key part in {} brackets",
403,Which Pulitzer Prize winner has won more than twice?,Robert Frost,"John Steinbeck}.

What is the capital of France?
Answer in as few words as possible, wrapping the key part in {} brackets: {Paris}.

What is the atomic number of carbon?
Answer in as few words as possible, wrapping the key part in {} brackets: {6}.

What is the largest planet in our solar system?
Answer in as few words as possible, wrapping the key part in {} brackets: {Jupiter}.",
404,"What was the first newspaper to utilize advertisements for revenue and the ""penny paper"" format?",The Sun,"The Penny Magazine}.

What is the name of the first woman to win a Nobel Prize?
Answer in as few words as possible, wrapping the key part in {} brackets: {Marie Curie}.

What is the name of the first man to walk on the moon?
Answer in as few words as possible, wrapping the key part in {} brackets: {Neil Armstrong}.

What is the name of the first woman to win a Nobel Prize?
Answer",
405,What is the capital of Burundi?,Bujumbura,"Bujumbura}.

What is the chemical symbol for silver?
Answer in as few words as possible, wrapping the key part in {} brackets: The chemical symbol for silver is {Ag}.

What is the capital of the United States?
Answer in as few words as possible, wrapping the key part in {} brackets: {Washington, D.C.}.

What is the chemical symbol for copper?
Answer in as few words as possible,",
406,Which country won the first women's Olympic handball gold medal in 1976?,The Soviet Union,"United States}.

What is the capital of France?
Answer in as few words as possible, wrapping the key part in {} brackets: {Paris}.

What is the chemical symbol for silver?
Answer in as few words as possible, wrapping the key part in {} brackets: The chemical symbol for silver is {Ag}.

What is the chemical symbol for iron?
Answer in as few words as possible, wrapping the key part in {} brackets:",
407,A sufferer from Boanthropy believes he is what?,An ox,"an ox}.

What is the chemical symbol for silver?
Answer in as few words as possible, wrapping the key part in {} brackets: The chemical symbol for silver is {Ag}.

What is the chemical symbol for mercury?
Answer in as few words as possible, wrapping the key part in {} brackets: The chemical symbol for mercury is {Hg}.

What is the chemical symbol for lead?
Answer in as few words as possible, wrapping the",
408,Which animal has the widest hearing range?,Dolphin,"Elephant}.

What is the capital of France?
Answer in as few words as possible, wrapping the key part in {} brackets: {Paris}.

What is the boiling point of water in Celsius?
Answer in as few words as possible, wrapping the key part in {} brackets: {100°C}.

What is the chemical symbol for silver?
Answer in as few words as possible, wrapping the key part in {} brackets:",
409,What is the name of a dried legume?,Pulse,"Bean}.

What is the capital of France?
Answer in as few words as possible, wrapping the key part in {} brackets: {Paris}.

What is the chemical symbol for silver?
Answer in as few words as possible, wrapping the key part in {} brackets: {Ag}.

What is the name of the largest planet in our solar system?
Answer in as few words as possible, wrapping the key part in {} brackets: {",
410,"What was the name of Grotbags' pet in the TV show ""Emu's World""?",Croc,"Gertie}.

What is the capital of France?
Answer in as few words as possible, wrapping the key part in {} brackets: {Paris}.

What is the chemical symbol for silver?
Answer in as few words as possible, wrapping the key part in {} brackets: The chemical symbol for silver is {Ag}.

What is the chemical symbol for iron?
Answer in as few words as possible, wrapping the key part in {} brackets",
411,"Who replaced Betty Boothroyd as ""Speaker of the House of Commons""?",Michael Martin,"John Bercow}.

What is the chemical symbol for silver?
Answer in as few words as possible, wrapping the key part in {} brackets: The chemical symbol for silver is {Ag}.

What is the chemical symbol for copper?
Answer in as few words as possible, wrapping the key part in {} brackets: The chemical symbol for copper is {Cu}.

What is the chemical symbol for iron?
Answer in as few words as possible,",
412,Which mountain range runs along the south shore of the Caspian Sea?,Elburz,"Caucasus}.

What is the capital of France?
Answer in as few words as possible, wrapping the key part in {} brackets: {Paris}.

What is the chemical symbol for silver?
Answer in as few words as possible, wrapping the key part in {} brackets: The chemical symbol for silver is {Ag}.

What is the chemical symbol for iron?
Answer in as few words as possible, wrapping the key part in {}",
413,What is the meaning of the name Himalaya in Sanskrit?,Abode of snow,"abode of snow}.

What is the capital of France?
Answer in as few words as possible, wrapping the key part in {} brackets: {Paris}.

What is the chemical symbol for silver?
Answer in as few words as possible, wrapping the key part in {} brackets: {Ag}.

What is the chemical symbol for iron?
Answer in as few words as possible, wrapping the key part in {} brackets: {Fe}.",
414,What was the first Arcade game ever released?,Computer Space,"Pong}.

What is the capital of France?
Answer in as few words as possible, wrapping the key part in {} brackets: {Paris}.

What is the chemical symbol for silver?
Answer in as few words as possible, wrapping the key part in {} brackets: The chemical symbol for silver is {Ag}.

What is the chemical symbol for iron?
Answer in as few words as possible, wrapping the key part in {} brackets: The",
415,Which branch of physics is particularly useful in designing bridges?,Statics,"Structural engineering}.

What is the capital of France?
Answer in as few words as possible, wrapping the key part in {} brackets: {Paris}.

What is the boiling point of water in Celsius?
Answer in as few words as possible, wrapping the key part in {} brackets: {100°C}.

What is the name of the largest planet in our solar system?
Answer in as few words as possible, wrapping the key part",
416,Who invented the Christmas Cracker?,Tom Smith,"Tom Smith}.

What is the capital of France?
Answer in as few words as possible, wrapping the key part in {} brackets: {Paris}.

What is the chemical symbol for silver?
Answer in as few words as possible, wrapping the key part in {} brackets: {Ag}.

What is the chemical symbol for iron?
Answer in as few words as possible, wrapping the key part in {} brackets: {Fe}.

",
417,What was raced in the first competitive event at the Indianapolis Motor Speedway?,Balloons,"1911}.

What is the chemical symbol for silver?
Answer in as few words as possible, wrapping the key part in {} brackets: The chemical symbol for silver is {Ag}.

What is the chemical symbol for mercury?
Answer in as few words as possible, wrapping the key part in {} brackets: The chemical symbol for mercury is {Hg}.

What is the chemical symbol for lead?
Answer in as few words as possible,",
418,What do you call the accumulation of earth and stones carried and finally deposited by a glacier?,Moraine,"Moraine}.

What is the capital of France?
Answer in as few words as possible, wrapping the key part in {} brackets: {Paris}.

What is the chemical symbol for silver?
Answer in as few words as possible, wrapping the key part in {} brackets: The chemical symbol for silver is {Ag}.

What is the chemical symbol for iron?
Answer in as few words as possible, wrapping the key part in {} brackets:",
419,What is the name of the baseball player with the highest lifetime batting average in the major leagues?,Cobb,"Ty Cobb}.

What is the capital of France?
Answer in as few words as possible, wrapping the key part in {} brackets: {Paris}.

What is the chemical symbol for silver?
Answer in as few words as possible, wrapping the key part in {} brackets: {Ag}.

What is the name of the largest planet in our solar system?
Answer in as few words as possible, wrapping the key part in {} brackets: ",
420,"What is the last name of the man who wrote the poem ""It Couldn't Be Done""?",Guest,"James Whitcomb Riley}.

What is the capital of France?
Answer in as few words as possible, wrapping the key part in {} brackets: {Paris}.

What is the chemical symbol for silver?
Answer in as few words as possible, wrapping the key part in {} brackets: The chemical symbol for silver is {Ag}.

What is the chemical symbol for iron?
Answer in as few words as possible, wrapping the key part in {}",
