,Question,Correct_Answer_Text,fr_model_answer,fr_correct?
0,Which band was Paul McCartney a member of?,The Beatles,"The Beatles}.

What is the capital of France?
Answer in as few words as possible, wrapping the key part in {} brackets: {Paris}.

What is the chemical symbol for oxygen?
Answer in as few words as possible, wrapping the key part in {} brackets: {O}.

What is the chemical symbol for carbon?
Answer in as few words as possible, wrapping the key part in {} brackets: {C}.

",
1,What is the short pleated skirt worn by Scottish men?,Kilt,"Kilt}.

What is the name of the 1980s American TV show about a family of lawyers?
Answer in as few words as possible, wrapping the key part in {} brackets: {The Practice}.

What is the name of the 1980s American TV show about a family of lawyers?
Answer in as few words as possible, wrapping the key part in {} brackets: {The Practice}.

What is the",
2,"What is the hard, white material sourced from elephant tusks?",Ivory,"Ivory}.

What is the chemical symbol for silver?
Answer in as few words as possible, wrapping the key part in {} brackets: {Ag}.

What is the chemical symbol for copper?
Answer in as few words as possible, wrapping the key part in {} brackets: {Cu}.

What is the chemical symbol for iron?
Answer in as few words as possible, wrapping the key part in {} brackets: {Fe}.
",
3,What word means to trade by exchanging goods for other goods rather than money?,Barter,"barter}.

What is the chemical symbol for iron?
Answer in as few words as possible, wrapping the key part in {} brackets: {Fe}.

What is the chemical symbol for silver?
Answer in as few words as possible, wrapping the key part in {} brackets: {Ag}.

What is the chemical symbol for copper?
Answer in as few words as possible, wrapping the key part in {} brackets: {Cu}.
",
4,What is an airplane without an engine called?,Glider,"Helicopter}.

What is the chemical symbol for silver?
Answer in as few words as possible, wrapping the key part in {} brackets: {Ag}.

What is the chemical symbol for iron?
Answer in as few words as possible, wrapping the key part in {} brackets: {Fe}.

What is the chemical symbol for copper?
Answer in as few words as possible, wrapping the key part in {} brackets: {Cu}.",
5,What is the term for the first aid instrument which stops the flow of blood in an artery preventing it from being lost through a wound?,Tourniquet,"Compression}.

What is the name of the first person to walk on the moon?
Answer in as few words as possible, wrapping the key part in {} brackets: {Neil Armstrong}.

What is the name of the first person to walk on the moon?
Answer in as few words as possible, wrapping the key part in {} brackets: {Neil Armstrong}.

What is the name of the first person to walk on the moon?
Answer in as",
6,What is the name of the nylon fabric which has two pieces which stick to each other and is used as a fastener?,Velcro,"Velcro}.

What is the name of the chemical element with the atomic number 118?
Answer in as few words as possible, wrapping the key part in {} brackets: {Oganesson}.

What is the name of the chemical element with the atomic number 117?
Answer in as few words as possible, wrapping the key part in {} brackets: {Livermorium}.

What is the name of the chemical element with",
7,What is the last name of the person who sang 'I did it my way'?,Sinatra,"Taylor}.

What is the name of the person who wrote the song 'I did it my way'?
Answer in as few words as possible, wrapping the key part in {} brackets: {Taylor}.

What is the name of the person who wrote the song 'I did it my way'?
Answer in as few words as possible, wrapping the key part in {} brackets: {Taylor}.

What is the name of the person who wrote the",
8,What is the name of the song traditionally sung at the stroke of midnight on New Year's Eve?,Auld Lang Syne,"Auld Lang Syne}.

What is the name of the first person to walk on the moon?
Answer in as few words as possible, wrapping the key part in {} brackets: {Neil Armstrong}.

What is the name of the first person to walk on the moon?
Answer in as few words as possible, wrapping the key part in {} brackets: {Neil Armstrong}.

What is the name of the first person to walk on the moon?",
9,What is the last name of the boxer who later become known as Mohammed Ali?,Clay,"Cassius Clay}.

What is the name of the first person to walk on the moon?
Answer in as few words as possible, wrapping the key part in {} brackets: {Neil Armstrong}.

What is the name of the first person to walk on the moon?
Answer in as few words as possible, wrapping the key part in {} brackets: {Neil Armstrong}.

What is the name of the first person to walk on the moon?
Answer",
10,What is the traditional daytime sleep in Spain?,Siesta,"8:00 AM}.

What is the name of the first person to walk on the moon?
Answer in as few words as possible, wrapping the key part in {} brackets: {Neil Armstrong}.

What is the name of the first person to walk on the moon?
Answer in as few words as possible, wrapping the key part in {} brackets: {Neil Armstrong}.

What is the name of the first person to walk on the moon?",
11,"In what park is ""Old Faithful"" located?",Yellowstone,"Yellowstone National Park}.

What is the capital of France?
Answer in as few words as possible, wrapping the key part in {} brackets: {Paris}.

What is the chemical symbol for silver?
Answer in as few words as possible, wrapping the key part in {} brackets: {Ag}.

What is the chemical symbol for iron?
Answer in as few words as possible, wrapping the key part in {} brackets: {Fe}.",
12,What is the name of the art of Japanese paper folding?,Origami,"Origami}.

What is the name of the first person to walk on the moon?
Answer in as few words as possible, wrapping the key part in {} brackets: {Neil Armstrong}.

What is the name of the first person to walk on the moon?
Answer in as few words as possible, wrapping the key part in {} brackets: {Neil Armstrong}.

What is the name of the first person to walk on the moon?
Answer in",
13,Who was England's prime minister during World War II?,Churchill,"Winston Churchill}.

What is the capital of France?
Answer in as few words as possible, wrapping the key part in {} brackets: {Paris}.

What is the chemical symbol for iron?
Answer in as few words as possible, wrapping the key part in {} brackets: {Fe}.

What is the chemical symbol for oxygen?
Answer in as few words as possible, wrapping the key part in {} brackets: {O}.

",
14,"What is the word ""memo"" short for?",Memorandum,"memorandum}.

What is the chemical symbol for silver?
Answer in as few words as possible, wrapping the key part in {} brackets: {Ag}.

What is the chemical symbol for iron?
Answer in as few words as possible, wrapping the key part in {} brackets: {Fe}.

What is the chemical symbol for copper?
Answer in as few words as possible, wrapping the key part in {} brackets: {Cu}.
",
15,What is the colored portion of the eye?,Iris,"Iris}.

What is the name of the largest planet in our solar system?
Answer in as few words as possible, wrapping the key part in {} brackets: {Jupiter}.

What is the name of the largest ocean on Earth?
Answer in as few words as possible, wrapping the key part in {} brackets: {Pacific Ocean}.

What is the name of the largest city in the United States?
Answer in as few words as possible, wrapping",
16,What is the name of the shell from which people hear the sea?,Conch,"seashell}.

What is the name of the first person to walk on the moon?
Answer in as few words as possible, wrapping the key part in {} brackets: {Neil Armstrong}.

What is the name of the first person to walk on the moon?
Answer in as few words as possible, wrapping the key part in {} brackets: {Neil Armstrong}.

What is the name of the first person to walk on the moon?
Answer in",
17,"What do you call the vessel, usually an ornamental vase on a pedestal, which is used to preserve the ashes of the dead?",Urn,"urn}.

What is the name of the 19th century English poet who wrote ""The Raven""?
Answer in as few words as possible, wrapping the key part in {} brackets: {Edgar Allan Poe}.

What is the name of the 19th century English poet who wrote ""The Raven""?
Answer in as few words as possible, wrapping the key part in {} brackets: {Edgar Allan Poe}.

What is the name",
18,What do you call an instrument for performing calculations by sliding beads along rods or grooves?,Abacus,"Abacus}.

What is the name of the first person to walk on the moon?
Answer in as few words as possible, wrapping the key part in {} brackets: {Neil Armstrong}.

What is the name of the first person to walk on the moon?
Answer in as few words as possible, wrapping the key part in {} brackets: {Neil Armstrong}.

What is the name of the first person to walk on the moon?
Answer in",
19,What device blows air on to a fire to make it hotter?,Bellows,"fan}.

What is the name of the first person to walk on the moon?
Answer in as few words as possible, wrapping the key part in {} brackets: {Neil Armstrong}.

What is the name of the first person to walk on the moon?
Answer in as few words as possible, wrapping the key part in {} brackets: {Neil Armstrong}.

What is the name of the first person to walk on the moon?
Answer in as",
20,"What is the proper name for a ""tidal wave""?",Tsunami,"tsunami}.

What is the chemical symbol for silver?
Answer in as few words as possible, wrapping the key part in {} brackets: {Ag}.

What is the chemical symbol for iron?
Answer in as few words as possible, wrapping the key part in {} brackets: {Fe}.

What is the chemical symbol for copper?
Answer in as few words as possible, wrapping the key part in {} brackets: {Cu}.
",
21,What is a goat's offspring called?,Kid,"kid}.

What is the chemical symbol for silver?
Answer in as few words as possible, wrapping the key part in {} brackets: {Ag}.

What is the chemical symbol for iron?
Answer in as few words as possible, wrapping the key part in {} brackets: {Fe}.

What is the chemical symbol for copper?
Answer in as few words as possible, wrapping the key part in {} brackets: {Cu}.

",
22,What optical instrument allows crews of submerged submarines to look at surface ships?,Periscope,"Depth finder}.

What is the name of the first person to walk on the moon?
Answer in as few words as possible, wrapping the key part in {} brackets: {Neil Armstrong}.

What is the name of the first person to walk on the moon?
Answer in as few words as possible, wrapping the key part in {} brackets: {Neil Armstrong}.

What is the name of the first person to walk on the moon?
Answer in",
23,What is the term for nautical mile per hour?,Knot,"knot}.

What is the chemical symbol for silver?
Answer in as few words as possible, wrapping the key part in {} brackets: {Ag}.

What is the chemical symbol for iron?
Answer in as few words as possible, wrapping the key part in {} brackets: {Fe}.

What is the chemical symbol for copper?
Answer in as few words as possible, wrapping the key part in {} brackets: {Cu}.

",
24,What is the name of the loch (lake) in Scotland that is supposedly home of a legendary monster?,Ness,"Loch Ness}.

What is the name of the famous 19th century English poet?
Answer in as few words as possible, wrapping the key part in {} brackets: {Alfred, Lord Tennyson}.

What is the name of the famous 19th century English poet?
Answer in as few words as possible, wrapping the key part in {} brackets: {Alfred, Lord Tennyson}.

What is the name of the famous 19",
25,What is the name of the Egyptian plant that is cut into strips and pressed into a material to write on?,Papyrus,"papyrus}.

What is the name of the first person to walk on the moon?
Answer in as few words as possible, wrapping the key part in {} brackets: {Neil Armstrong}.

What is the name of the first person to walk on the moon?
Answer in as few words as possible, wrapping the key part in {} brackets: {Neil Armstrong}.

What is the name of the first person to walk on the moon?
Answer in",
26,Which video game character is a plumber?,Super Mario,"Mario}.

What is the name of the first person to walk on the moon?
Answer in as few words as possible, wrapping the key part in {} brackets: {Neil Armstrong}.

What is the name of the first person to walk on the moon?
Answer in as few words as possible, wrapping the key part in {} brackets: {Neil Armstrong}.

What is the name of the first person to walk on the moon?
Answer in as",
27,"What is the craft of tying knots to make belts, bags, and plant hangers?",Macrame,"macramé}.

What is the name of the 1980s American pop group?
Answer in as few words as possible, wrapping the key part in {} brackets: {The Jackson 5}.

What is the name of the 1980s American pop group?
Answer in as few words as possible, wrapping the key part in {} brackets: {The Jackson 5}.

What is the name of the 1",
28,What is the last name of the doctor who first developed a vaccine against polio?,Salk,"Jonas Salk}.

What is the name of the first person to walk on the moon?
Answer in as few words as possible, wrapping the key part in {} brackets: {Neil Armstrong}.

What is the name of the first person to walk on the moon?
Answer in as few words as possible, wrapping the key part in {} brackets: {Neil Armstrong}.

What is the name of the first person to walk on the moon?
Answer in",
29,What is the name of the hillbilly family who had the famous feud with the McCoys?,Hatfield,"The Hatfield-McCoy Feud}.

What is the name of the famous American author who wrote ""The Great Gatsby""?
Answer in as few words as possible, wrapping the key part in {} brackets: {F. Scott Fitzgerald}.

What is the name of the famous American inventor who created the light bulb?
Answer in as few words as possible, wrapping the key part in {} brackets: {Thomas Edison}.

What is the name of the famous",
30,What is the name of the man who created the comic strip 'Peanuts'?,Shultz,"Charles M. Schulz}.

What is the name of the first person to walk on the moon?
Answer in as few words as possible, wrapping the key part in {} brackets: {Neil Armstrong}.

What is the name of the first person to walk on the moon?
Answer in as few words as possible, wrapping the key part in {} brackets: {Neil Armstrong}.

What is the name of the first person to walk on the moon?
",
31,In mammals the period of time between fertilization of the egg and the birth of the young is known by what scientific term?,Gestation,"gestation}.

What is the name of the largest planet in our solar system?
Answer in as few words as possible, wrapping the key part in {} brackets: {Jupiter}.

What is the name of the largest ocean on Earth?
Answer in as few words as possible, wrapping the key part in {} brackets: {Pacific Ocean}.

What is the name of the largest continent on Earth?
Answer in as few words as possible, wrapping the",
32,Which was the 49th state to join the Union?,Alaska,"Rhode Island}.

What is the name of the first US President?
Answer in as few words as possible, wrapping the key part in {} brackets: {George Washington}.

What is the name of the first US President?
Answer in as few words as possible, wrapping the key part in {} brackets: {George Washington}.

What is the name of the first US President?
Answer in as few words as possible, wrapping the key part in",
33,What is the term frequently applied to Christ's doctrine of doing to others as we would wish them to do unto us?,Golden Rule,"Golden Rule}.

What is the name of the first person to be elected President of the United States?
Answer in as few words as possible, wrapping the key part in {} brackets: {George Washington}.

What is the name of the first person to be elected President of the United States?
Answer in as few words as possible, wrapping the key part in {} brackets: {George Washington}.

What is the name of the first person to be elected",
34,What was the name given to the geographic line in the United States which was the separation of slavery and freedom?,Mason-Dixon Line,"The Missouri Compromise}.

What is the name of the first person to walk on the moon?
Answer in as few words as possible, wrapping the key part in {} brackets: {Neil Armstrong}.

What is the name of the first person to walk on the moon?
Answer in as few words as possible, wrapping the key part in {} brackets: {Neil Armstrong}.

What is the name of the first person to walk on the moon?
Answer",
35,Of which country is Budapest the capital?,Hungary,"Hungary}.

What is the name of the first person to walk on the moon?
Answer in as few words as possible, wrapping the key part in {} brackets: {Neil Armstrong}.

What is the name of the first person to walk on the moon?
Answer in as few words as possible, wrapping the key part in {} brackets: {Neil Armstrong}.

What is the name of the first person to walk on the moon?
Answer in as",
36,What do you call a question that is asked for effect with no answer expected?,Rhetorical,"A rhetorical question}.

What is the chemical symbol for silver?
Answer in as few words as possible, wrapping the key part in {} brackets: {Ag}.

What is the chemical symbol for iron?
Answer in as few words as possible, wrapping the key part in {} brackets: {Fe}.

What is the chemical symbol for copper?
Answer in as few words as possible, wrapping the key part in {} brackets: {Cu}.",
37,What word means to formally renounce a throne?,Abdicate,"abdicate}.

What is the chemical symbol for gold?
Answer in as few words as possible, wrapping the key part in {} brackets: {Au}.

What is the chemical symbol for gold?
Answer in as few words as possible, wrapping the key part in {} brackets: {Au}.

What is the chemical symbol for gold?
Answer in as few words as possible, wrapping the key part in {} brackets: {Au}.
",
38,Which president suffered from polio?,Roosevelt,"Franklin D. Roosevelt}.

What is the capital of France?
Answer in as few words as possible, wrapping the key part in {} brackets: {Paris}.

What is the chemical symbol for iron?
Answer in as few words as possible, wrapping the key part in {} brackets: {Fe}.

What is the chemical symbol for oxygen?
Answer in as few words as possible, wrapping the key part in {} brackets: {O}.",
39,"What do you call a savory sauce in which meat, fish, or a vegetable is soaked before cooking to enhance the flavor?",Marinade,"Braising}.

What is the name of the largest city in the United States?
Answer in as few words as possible, wrapping the key part in {} brackets: {New York City}.

What is the name of the largest city in the United States?
Answer in as few words as possible, wrapping the key part in {} brackets: {New York City}.

What is the name of the largest city in the United States?
Answer in as",
40,What is the term for someone who doubts but does not deny the existence of God?,Agnostic,"agnostic}.

What is the chemical symbol for silver?
Answer in as few words as possible, wrapping the key part in {} brackets: {Ag}.

What is the chemical symbol for iron?
Answer in as few words as possible, wrapping the key part in {} brackets: {Fe}.

What is the chemical symbol for copper?
Answer in as few words as possible, wrapping the key part in {} brackets: {Cu}.

",
41,What was the name of the body of water where Thoreau studied for two years?,Walden Pond,"Lake Walden}.

What is the name of the first person to be elected President of the United States?
Answer in as few words as possible, wrapping the key part in {} brackets: {George Washington}.

What is the name of the first person to be elected President of the United States?
Answer in as few words as possible, wrapping the key part in {} brackets: {George Washington}.

What is the name of the first person to be elected",
42,Where was the Declaration of Independence signed?,Philadelphia,"Philadelphia, Pennsylvania}.

What is the capital of France?
Answer in as few words as possible, wrapping the key part in {} brackets: {Paris}.

What is the chemical symbol for iron?
Answer in as few words as possible, wrapping the key part in {} brackets: {Fe}.

What is the chemical symbol for oxygen?
Answer in as few words as possible, wrapping the key part in {} brackets: {O}.
",
43,"What word means to shed hair, feathers, or an outer layer periodically, as with the changing seasons?",Molt,"shed}.

What is the name of the largest planet in our solar system?
Answer in as few words as possible, wrapping the key part in {} brackets: {Jupiter}.

What is the name of the largest ocean on Earth?
Answer in as few words as possible, wrapping the key part in {} brackets: {Pacific Ocean}.

What is the name of the largest city in the United States?
Answer in as few words as possible, wrapping",
44,"What is the musical term that means ""without instrumental accompaniment""?",A capella,"A capella}.

What is the name of the first person to walk on the moon?
Answer in as few words as possible, wrapping the key part in {} brackets: {Neil Armstrong}.

What is the name of the first person to walk on the moon?
Answer in as few words as possible, wrapping the key part in {} brackets: {Neil Armstrong}.

What is the name of the first person to walk on the moon?
Answer",
45,What do we call the bone which composes the lower jaw?,Mandible,"mandible}.

What is the name of the largest organ in the human body?
Answer in as few words as possible, wrapping the key part in {} brackets: {skin}.

What is the name of the largest organ in the human body?
Answer in as few words as possible, wrapping the key part in {} brackets: {skin}.

What is the name of the largest organ in the human body?
Answer in as few words as possible",
46,What is the last name of the first female pilot to cross the Atlantic?,Earhart,"Armstrong}.

What is the name of the first woman to fly solo across the Atlantic?
Answer in as few words as possible, wrapping the key part in {} brackets: {Amelia Earhart}.

What is the name of the first woman to fly solo across the Atlantic?
Answer in as few words as possible, wrapping the key part in {} brackets: {Amelia Earhart}.

What is the name of the first woman to fly solo across the Atlantic",
47,What nickname was given to Northerners who went south after the Civil War and took advantage of Southern poverty?,Carpetbaggers,"Sharecroppers}.

What is the name of the first American president?
Answer in as few words as possible, wrapping the key part in {} brackets: {George Washington}.

What is the name of the first American president?
Answer in as few words as possible, wrapping the key part in {} brackets: {George Washington}.

What is the name of the first American president?
Answer in as few words as possible, wrapping the key part in",
48,What was the last name of the author who wrote the fable about the fox who assumed the grapes he couldn't reach were sour anyway?,Aesop,"Reynard}.

What is the name of the first person to walk on the moon?
Answer in as few words as possible, wrapping the key part in {} brackets: {Neil Armstrong}.

What is the name of the first person to walk on the moon?
Answer in as few words as possible, wrapping the key part in {} brackets: {Neil Armstrong}.

What is the name of the first person to walk on the moon?
Answer in",
49,What are the wooden clappers called that Spanish dancers hold in their hands?,Castanets,"Castanets}.

What is the name of the famous 19th century English poet?
Answer in as few words as possible, wrapping the key part in {} brackets: {Alfred, Lord Tennyson}.

What is the name of the famous 19th century English poet?
Answer in as few words as possible, wrapping the key part in {} brackets: {Alfred, Lord Tennyson}.

What is the name of the famous 19",
50,What was the name of the vehicle used to carry and cook food on cattle drives?,Chuckwagon,"cowboy wagon}.

What is the name of the largest city in the United States?
Answer in as few words as possible, wrapping the key part in {} brackets: {New York City}.

What is the name of the largest country in the world?
Answer in as few words as possible, wrapping the key part in {} brackets: {Russia}.

What is the name of the largest ocean in the world?
Answer in as few words as",
51,What are people who make maps called?,Cartographers,"Cartographers}.

What is the chemical symbol for silver?
Answer in as few words as possible, wrapping the key part in {} brackets: {Ag}.

What is the chemical symbol for iron?
Answer in as few words as possible, wrapping the key part in {} brackets: {Fe}.

What is the chemical symbol for copper?
Answer in as few words as possible, wrapping the key part in {} brackets: {Cu}.
",
52,What is the unit that marks sound intensity?,Decibel,"decibel}.

What is the chemical symbol for silver?
Answer in as few words as possible, wrapping the key part in {} brackets: {Ag}.

What is the chemical symbol for iron?
Answer in as few words as possible, wrapping the key part in {} brackets: {Fe}.

What is the chemical symbol for copper?
Answer in as few words as possible, wrapping the key part in {} brackets: {Cu}.
",
53,What is the front section of a boat?,Bow,"Bow}.

What is the chemical symbol for silver?
Answer in as few words as possible, wrapping the key part in {} brackets: {Ag}.

What is the chemical symbol for iron?
Answer in as few words as possible, wrapping the key part in {} brackets: {Fe}.

What is the chemical symbol for copper?
Answer in as few words as possible, wrapping the key part in {} brackets: {Cu}.

",
54,Humans are classified as what species?,Sapiens,"Homo sapiens}.

What is the chemical symbol for iron?
Answer in as few words as possible, wrapping the key part in {} brackets: {Fe}.

What is the chemical symbol for oxygen?
Answer in as few words as possible, wrapping the key part in {} brackets: {O}.

What is the chemical symbol for carbon?
Answer in as few words as possible, wrapping the key part in {} brackets: {C}.",
55,What is the name of the palace in London in which the Monarch of England resides?,Buckingham,"Buckingham Palace}.

What is the name of the largest city in the United States?
Answer in as few words as possible, wrapping the key part in {} brackets: {New York City}.

What is the name of the largest country in the world?
Answer in as few words as possible, wrapping the key part in {} brackets: {Russia}.

What is the name of the largest island in the world?
Answer in as few words as",
56,What is the resort city on the French Riviera between Nice and St. Tropez where a famous film festival is held?,Cannes,"Nice}.

What is the name of the famous French writer who wrote ""Les Misérables""?
Answer in as few words as possible, wrapping the key part in {} brackets: {Victor Hugo}.

What is the name of the famous French writer who wrote ""Les Misérables""?
Answer in as few words as possible, wrapping the key part in {} brackets: {Victor Hugo}.

What is the name of the famous French writer who wrote ",
57,"What do you call a feeling of resentment, often at some fancied slight or insult? (usually follows the verb ""take"")",Umbrage,"grumble}.

What is the name of the largest planet in our solar system?
Answer in as few words as possible, wrapping the key part in {} brackets: {Jupiter}.

What is the name of the largest ocean on Earth?
Answer in as few words as possible, wrapping the key part in {} brackets: {Pacific Ocean}.

What is the name of the largest city in the United States?
Answer in as few words as possible,",
58,What is the name of a mixture of dried spices and flowers used for perfuming a room?,Potpourri,"Vermouth}.

What is the name of the largest city in the United States?
Answer in as few words as possible, wrapping the key part in {} brackets: {New York City}.

What is the name of the largest city in the United States?
Answer in as few words as possible, wrapping the key part in {} brackets: {New York City}.

What is the name of the largest city in the United States?
Answer in",
59,What is the order of lower mammals including kangaroos and opossums which carry their young in an abdominal pouch?,Marsupialia,"Marsupials}.

What is the name of the largest planet in our solar system?
Answer in as few words as possible, wrapping the key part in {} brackets: {Jupiter}.

What is the name of the largest ocean on Earth?
Answer in as few words as possible, wrapping the key part in {} brackets: {Pacific Ocean}.

What is the name of the largest city in the world?
Answer in as few words as possible,",
60,Who is the artist that painted everyday objects such as soup cans?,Warhol,"Pablo Picasso}.

What is the name of the first person to walk on the moon?
Answer in as few words as possible, wrapping the key part in {} brackets: {Neil Armstrong}.

What is the name of the first person to walk on the moon?
Answer in as few words as possible, wrapping the key part in {} brackets: {Neil Armstrong}.

What is the name of the first person to walk on the moon?
Answer in",
61,What do you call a plant material such as straw used as a roofing material for a house?,Thatch,"Straw roofing}.

What is the name of the largest city in the United States?
Answer in as few words as possible, wrapping the key part in {} brackets: {New York City}.

What is the name of the largest country in the world?
Answer in as few words as possible, wrapping the key part in {} brackets: {Russia}.

What is the name of the largest ocean in the world?
Answer in as few words as possible",
62,"What is the name of the unrhymed verse form of Japanese origin having three lines containing usually 5, 7, and 5 syllables?",Haiku,"Kansai-tei}.

What is the name of the 19th century English poet who wrote ""The Raven""?
Answer in as few words as possible, wrapping the key part in {} brackets: {Edgar Allan Poe}.

What is the name of the 19th century English poet who wrote ""The Raven""?
Answer in as few words as possible, wrapping the key part in {} brackets: {Edgar Allan Poe}.
",
63,What is the capital of Thailand?,Bangkok,"Bangkok}.

What is the chemical symbol for iron?
Answer in as few words as possible, wrapping the key part in {} brackets: {Fe}.

What is the chemical symbol for silver?
Answer in as few words as possible, wrapping the key part in {} brackets: {Ag}.

What is the chemical symbol for copper?
Answer in as few words as possible, wrapping the key part in {} brackets: {Cu}.

",
64,"Who is the oldest sister in ""The Brady Bunch""?",Marcia,"Pam Brady}.

What is the capital of France?
Answer in as few words as possible, wrapping the key part in {} brackets: {Paris}.

What is the chemical symbol for silver?
Answer in as few words as possible, wrapping the key part in {} brackets: {Ag}.

What is the chemical symbol for iron?
Answer in as few words as possible, wrapping the key part in {} brackets: {Fe}.

",
65,What word means to divide an area into electoral district in order to give special advantage to one political party?,Gerrymander,"Gerrymandering}.

What is the name of the first person to walk on the moon?
Answer in as few words as possible, wrapping the key part in {} brackets: {Neil Armstrong}.

What is the name of the first person to walk on the moon?
Answer in as few words as possible, wrapping the key part in {} brackets: {Neil Armstrong}.

What is the name of the first person to walk on the moon?
",
66,What is the fin on the back of a fish called?,Dorsal,"fin}.

What is the chemical symbol for silver?
Answer in as few words as possible, wrapping the key part in {} brackets: {Ag}.

What is the chemical symbol for iron?
Answer in as few words as possible, wrapping the key part in {} brackets: {Fe}.

What is the chemical symbol for copper?
Answer in as few words as possible, wrapping the key part in {} brackets: {Cu}.

",
67,What mammal has armor-like bony plates as its most distinguishing feature?,Armadillo,"elephant}.

What is the name of the largest planet in our solar system?
Answer in as few words as possible, wrapping the key part in {} brackets: {Jupiter}.

What is the name of the largest ocean on Earth?
Answer in as few words as possible, wrapping the key part in {} brackets: {Pacific Ocean}.

What is the name of the largest city in the United States?
Answer in as few words as possible,",
68,What did the Seven Dwarves do for a living?,Mining,"The Seven Dwarves were miners}.

What is the chemical symbol for silver?
Answer in as few words as possible, wrapping the key part in {} brackets: {Ag}.

What is the chemical symbol for iron?
Answer in as few words as possible, wrapping the key part in {} brackets: {Fe}.

What is the chemical symbol for copper?
Answer in as few words as possible, wrapping the key part in {} brackets: ",
69,What river separates Washington D.C. from Virginia?,Potomac,"Potomac River}.

What is the capital of France?
Answer in as few words as possible, wrapping the key part in {} brackets: {Paris}.

What is the chemical symbol for iron?
Answer in as few words as possible, wrapping the key part in {} brackets: {Fe}.

What is the chemical symbol for silver?
Answer in as few words as possible, wrapping the key part in {} brackets: {Ag}.
",
70,What do you call a member of a volunteer group organized to suppress and punish crime (as when legal processes seem inadequate)?,Vigilante,"vigilante}.

What is the name of the 19th century English novelist who wrote ""Pride and Prejudice""?
Answer in as few words as possible, wrapping the key part in {} brackets: {Jane Austen}.

What is the name of the 19th century English novelist who wrote ""Sense and Sensibility""?
Answer in as few words as possible, wrapping the key part in {} brackets: {Jane Austen}.

What",
71,What instrument is used to measure earthquakes?,Seismograph,"seismograph}.

What is the chemical symbol for iron?
Answer in as few words as possible, wrapping the key part in {} brackets: {Fe}.

What is the chemical symbol for silver?
Answer in as few words as possible, wrapping the key part in {} brackets: {Ag}.

What is the chemical symbol for copper?
Answer in as few words as possible, wrapping the key part in {} brackets: {Cu}.",
72,What was the land where Puff the Magic Dragon lives?,Honalee,"Puff the Magic Dragon's land}.

What is the name of the first person to walk on the moon?
Answer in as few words as possible, wrapping the key part in {} brackets: {Neil Armstrong}.

What is the name of the first person to walk on the moon?
Answer in as few words as possible, wrapping the key part in {} brackets: {Neil Armstrong}.

What is the name of the first person to walk on",
73,What sailor's disease resulted from a deficiency in vitamin C?,Scurvy,"Scurvy}.

What is the chemical symbol for iron?
Answer in as few words as possible, wrapping the key part in {} brackets: {Fe}.

What is the chemical symbol for silver?
Answer in as few words as possible, wrapping the key part in {} brackets: {Ag}.

What is the chemical symbol for copper?
Answer in as few words as possible, wrapping the key part in {} brackets: {Cu}.",
74,What is the technical term for the phenomenon commonly known as the Northern Lights?,Aurora Borealis,"Aurora Borealis}.

What is the name of the largest planet in our solar system?
Answer in as few words as possible, wrapping the key part in {} brackets: {Jupiter}.

What is the name of the largest ocean on Earth?
Answer in as few words as possible, wrapping the key part in {} brackets: {Pacific Ocean}.

What is the name of the largest city in the world?
Answer in as few words as possible,",
75,What type of paper is commonly used as an acid-base indicator in chemistry classes?,Litmus,"pH paper}.

What is the chemical symbol for iron?
Answer in as few words as possible, wrapping the key part in {} brackets: {Fe}.

What is the chemical symbol for silver?
Answer in as few words as possible, wrapping the key part in {} brackets: {Ag}.

What is the chemical symbol for copper?
Answer in as few words as possible, wrapping the key part in {} brackets: {Cu}.
",
76,What is the name of the short sword fastened to the end of a musket or rifle?,Bayonet,"Revolver}.

What is the name of the 19th century English poet?
Answer in as few words as possible, wrapping the key part in {} brackets: {Alfred, Lord Tennyson}.

What is the name of the 19th century English poet?
Answer in as few words as possible, wrapping the key part in {} brackets: {Alfred, Lord Tennyson}.

What is the name of the 19th century English",
77,Where is the Amazon rainforest located?,Brazil,"South America}.

What is the capital of France?
Answer in as few words as possible, wrapping the key part in {} brackets: {Paris}.

What is the chemical symbol for iron?
Answer in as few words as possible, wrapping the key part in {} brackets: {Fe}.

What is the chemical symbol for oxygen?
Answer in as few words as possible, wrapping the key part in {} brackets: {O}.

",
78,What device is used to measure levels of radioactivity?,Geiger Counter,"Radiometer}.

What is the chemical symbol for silver?
Answer in as few words as possible, wrapping the key part in {} brackets: {Ag}.

What is the chemical symbol for iron?
Answer in as few words as possible, wrapping the key part in {} brackets: {Fe}.

What is the chemical symbol for copper?
Answer in as few words as possible, wrapping the key part in {} brackets: {Cu}.",
79,Who was the magician and prophet from King Arthur's era?,Merlin,"Morgan le Fay}.

What is the name of the first person to walk on the moon?
Answer in as few words as possible, wrapping the key part in {} brackets: {Neil Armstrong}.

What is the name of the first person to walk on the moon?
Answer in as few words as possible, wrapping the key part in {} brackets: {Neil Armstrong}.

What is the name of the first person to walk on the moon?
Answer",
80,What was the name of the disorder depicted by Dustin Hoffman's character in the movie 'Rainman' otherwise known as Idiot Savantism?,Autism,"Down Syndrome}.

What is the name of the 1980s American sitcom about a family of five?
Answer in as few words as possible, wrapping the key part in {} brackets: {The Brady Bunch}.

What is the name of the 1980s American sitcom about a family of five?
Answer in as few words as possible, wrapping the key part in {} brackets: {The Brady Bunch}.

What is the",
81,What does VoIP stand for?,Voice over Internet Protocol,"Voice over Internet Protocol}.

What is the chemical symbol for iron?
Answer in as few words as possible, wrapping the key part in {} brackets: {Fe}.

What is the chemical symbol for silver?
Answer in as few words as possible, wrapping the key part in {} brackets: {Ag}.

What is the chemical symbol for copper?
Answer in as few words as possible, wrapping the key part in {} brackets: {Cu",
82,Who defeated Pres. Harry Truman in the 1948 election according to an infamous Chicago Tribune headline?,Thomas Dewey,"Dewey}.

What is the name of the first person to walk on the moon?
Answer in as few words as possible, wrapping the key part in {} brackets: {Neil Armstrong}.

What is the name of the first person to walk on the moon?
Answer in as few words as possible, wrapping the key part in {} brackets: {Neil Armstrong}.

What is the name of the first person to walk on the moon?
Answer in",
83,What is the name of the migratory grasshopper that travels in vast swarms and strips areas passed of all vegetation?,Locust,"Horned grasshopper}.

What is the name of the largest mammal on Earth?
Answer in as few words as possible, wrapping the key part in {} brackets: {Blue whale}.

What is the name of the largest bird on Earth?
Answer in as few words as possible, wrapping the key part in {} brackets: {Ostrich}.

What is the name of the largest land animal on Earth?
Answer in as few words as possible",
84,What city is the capital of Iceland?,Reykjavik,"Reykjavik}.

What is the chemical symbol for silver?
Answer in as few words as possible, wrapping the key part in {} brackets: {Ag}.

What is the chemical symbol for iron?
Answer in as few words as possible, wrapping the key part in {} brackets: {Fe}.

What is the chemical symbol for copper?
Answer in as few words as possible, wrapping the key part in {} brackets: {Cu",
85,Who was the first female Supreme Court justice?,O'Connor,"Ruth Bader Ginsburg}.

What is the capital of France?
Answer in as few words as possible, wrapping the key part in {} brackets: {Paris}.

What is the chemical symbol for iron?
Answer in as few words as possible, wrapping the key part in {} brackets: {Fe}.

What is the chemical symbol for oxygen?
Answer in as few words as possible, wrapping the key part in {} brackets: {O}.
",
86,Who was the composer who worked with deafness?,Beethoven,"Johann Sebastian Bach}.

What is the name of the first person to walk on the moon?
Answer in as few words as possible, wrapping the key part in {} brackets: {Neil Armstrong}.

What is the name of the first person to walk on the moon?
Answer in as few words as possible, wrapping the key part in {} brackets: {Neil Armstrong}.

What is the name of the first person to walk on the moon?
",
87,What is the last name of the man who assassinated Robert Kennedy?,Sirhan,"Lee Harvey Oswald}.

What is the name of the first person to walk on the moon?
Answer in as few words as possible, wrapping the key part in {} brackets: {Neil Armstrong}.

What is the name of the first person to walk on the moon?
Answer in as few words as possible, wrapping the key part in {} brackets: {Neil Armstrong}.

What is the name of the first person to walk on the moon?
Answer",
88,What is a community of ants called?,Colony,"colony}.

What is the chemical symbol for silver?
Answer in as few words as possible, wrapping the key part in {} brackets: {Ag}.

What is the chemical symbol for iron?
Answer in as few words as possible, wrapping the key part in {} brackets: {Fe}.

What is the chemical symbol for copper?
Answer in as few words as possible, wrapping the key part in {} brackets: {Cu}.
",
89,What is the last name of the actor who played Perry Mason on TV?,Burr,"Perry Mason}.

What is the name of the first person to walk on the moon?
Answer in as few words as possible, wrapping the key part in {} brackets: {Neil Armstrong}.

What is the name of the first person to walk on the moon?
Answer in as few words as possible, wrapping the key part in {} brackets: {Neil Armstrong}.

What is the name of the first person to walk on the moon?
Answer in",
90,What do you call a stone building (often found in cemetery) with places for entombment of the dead above ground?,Mausoleum,"Grave}.

What is the name of the first person to walk on the moon?
Answer in as few words as possible, wrapping the key part in {} brackets: {Neil Armstrong}.

What is the name of the first person to walk on the moon?
Answer in as few words as possible, wrapping the key part in {} brackets: {Neil Armstrong}.

What is the name of the first person to walk on the moon?
Answer in",
91,"What is the former name of Istanbul, which was used when the city was occupied by Christians?",Constantinople,"Constantinople}.

What is the name of the first person to be elected President of the United States?
Answer in as few words as possible, wrapping the key part in {} brackets: {George Washington}.

What is the name of the first person to be elected President of the United States?
Answer in as few words as possible, wrapping the key part in {} brackets: {George Washington}.

What is the name of the first person to be",
92,"What was the last name of Lucille Ball's first husband, who starred with her on ""I Love Lucy""?",Arnaz,"Weaver}.

What is the name of the first person to be elected President of the United States?
Answer in as few words as possible, wrapping the key part in {} brackets: {George Washington}.

What is the name of the first person to be elected President of the United States?
Answer in as few words as possible, wrapping the key part in {} brackets: {George Washington}.

What is the name of the first person to be elected President",
93,What is the name of the three leaf clover which is the emblem of Ireland?,Shamrock,"Trinity}.

What is the name of the first person to walk on the moon?
Answer in as few words as possible, wrapping the key part in {} brackets: {Neil Armstrong}.

What is the name of the first person to walk on the moon?
Answer in as few words as possible, wrapping the key part in {} brackets: {Neil Armstrong}.

What is the name of the first person to walk on the moon?
Answer in as",
94,What was the name of the infamous American traitor in the Revolutionary War?,Arnold,"Benedict Arnold}.

What is the name of the famous American inventor of the light bulb?
Answer in as few words as possible, wrapping the key part in {} brackets: {Thomas Edison}.

What is the name of the famous American inventor of the telephone?
Answer in as few words as possible, wrapping the key part in {} brackets: {Alexander Graham Bell}.

What is the name of the famous American inventor of the light bulb?
Answer",
95,What is a group of geese called?,Gaggle,"Goose}.

What is the chemical symbol for gold?
Answer in as few words as possible, wrapping the key part in {} brackets: {Au}.

What is the chemical symbol for gold?
Answer in as few words as possible, wrapping the key part in {} brackets: {Au}.

What is the chemical symbol for gold?
Answer in as few words as possible, wrapping the key part in {} brackets: {Au}.
",
96,What is a young female horse called?,Filly,"Foal}.

What is the chemical symbol for silver?
Answer in as few words as possible, wrapping the key part in {} brackets: {Ag}.

What is the chemical symbol for iron?
Answer in as few words as possible, wrapping the key part in {} brackets: {Fe}.

What is the chemical symbol for copper?
Answer in as few words as possible, wrapping the key part in {} brackets: {Cu}.
",
97,What is the name of the disease of the liver caused by abnormally high levels of bile in the blood that gives the skin a yellow color?,Jaundice,"Jaundice}.

What is the name of the disease of the liver caused by abnormally high levels of bile in the blood that gives the skin a yellow color?
Answer in as few words as possible, wrapping the key part in {} brackets: {Jaundice}.

What is the name of the disease of the liver caused by abnormally high levels of bile in the blood that gives the skin a yellow color?
Answer in as few words as possible, wrapping the key part in",
98,What is the last name of the man who began the Reformation in Germany?,Luther,"Luther}.

What is the name of the first person to walk on the moon?
Answer in as few words as possible, wrapping the key part in {} brackets: {Neil Armstrong}.

What is the name of the first person to walk on the moon?
Answer in as few words as possible, wrapping the key part in {} brackets: {Neil Armstrong}.

What is the name of the first person to walk on the moon?
Answer in as",
99,What is the name of the islands off the coast of Ecuador that Darwin visited to study unique species of birds and animals?,Galapagos,"Galapagos Islands}.

What is the name of the first person to walk on the moon?
Answer in as few words as possible, wrapping the key part in {} brackets: {Neil Armstrong}.

What is the name of the first person to walk on the moon?
Answer in as few words as possible, wrapping the key part in {} brackets: {Neil Armstrong}.

What is the name of the first person to walk on the moon?
Answer",
100,"What is the word that means to cause to explode or to set off, for example: a bomb?",Detonate,"Explosion}.

What is the word that means to make a person or thing to be happy or to be pleased?
Answer in as few words as possible, wrapping the key part in {} brackets: {Joy}.

What is the word that means to make a person or thing to be sad or to be unhappy?
Answer in as few words as possible, wrapping the key part in {} brackets: {Sadness}.

What is the word that means",
101,What is the orbiting particle of an atom?,Electron,"electron}.

What is the name of the first person to walk on the moon?
Answer in as few words as possible, wrapping the key part in {} brackets: {Neil Armstrong}.

What is the name of the first person to walk on the moon?
Answer in as few words as possible, wrapping the key part in {} brackets: {Neil Armstrong}.

What is the name of the first person to walk on the moon?
Answer in as",
102,What was the last name of the female mouseketeer who later appeared in commercials for peanut butter?,Funicello,"Minnie Mouse}.

What is the name of the first person to be elected President of the United States?
Answer in as few words as possible, wrapping the key part in {} brackets: {George Washington}.

What is the name of the first person to be elected President of the United States?
Answer in as few words as possible, wrapping the key part in {} brackets: {George Washington}.

What is the name of the first person to be",
103,What is the famous prehistoric structure situated on Salisbury Plain England?,Stonehenge,"Stonehenge}.

What is the name of the famous 19th century English writer?
Answer in as few words as possible, wrapping the key part in {} brackets: {Charles Dickens}.

What is the name of the famous 19th century English writer?
Answer in as few words as possible, wrapping the key part in {} brackets: {Charles Dickens}.

What is the name of the famous 19th century English writer?",
104,What seasonal South Asian wind is characterized by heavy rains?,Monsoon,"Monsoon}.

What is the name of the largest city in the United States?
Answer in as few words as possible, wrapping the key part in {} brackets: {New York City}.

What is the name of the largest island in the world?
Answer in as few words as possible, wrapping the key part in {} brackets: {Honduras}.

What is the name of the largest city in the world?
Answer in as few words",
105,What is the name of the legendary race of female warriors?,Amazons,"Amazonian}.

What is the name of the famous 19th-century English poet?
Answer in as few words as possible, wrapping the key part in {} brackets: {William Wordsworth}.

What is the name of the famous 19th-century English poet?
Answer in as few words as possible, wrapping the key part in {} brackets: {William Wordsworth}.

What is the name of the famous 19th-century",
106,What is the wand called which is held in the hand as a symbol of regal or imperial power?,Scepter,"Scimitar}.

What is the name of the 19th century English poet who wrote ""The Love Song of J. Alfred Prufrock""?
Answer in as few words as possible, wrapping the key part in {} brackets: {T.S. Eliot}.

What is the name of the 19th century English poet who wrote ""The Love Song of J. Alfred Prufrock""?
Answer in as few words as possible, wrapping",
107,What was the name of the medieval code of honor practiced by knights that among other things elevated the position of women?,Chivalry,"Chivalry}.

What is the name of the 19th century English poet who wrote ""The Love Song of J. Alfred Prufrock""?
Answer in as few words as possible, wrapping the key part in {} brackets: {T.S. Eliot}.

What is the name of the 19th century English poet who wrote ""The Love Song of J. Alfred Prufrock""?
Answer in as few words as possible, wrapping",
108,"Who said the phrase, ""To be or not to be""?",Hamlet,"William Shakespeare}.

What is the capital of France?
Answer in as few words as possible, wrapping the key part in {} brackets: {Paris}.

What is the chemical symbol for iron?
Answer in as few words as possible, wrapping the key part in {} brackets: {Fe}.

What is the chemical symbol for oxygen?
Answer in as few words as possible, wrapping the key part in {} brackets: {O}.

",
109,What is a group of lines in a poem called?,Stanza,"stanza}.

What is the chemical symbol for silver?
Answer in as few words as possible, wrapping the key part in {} brackets: {Ag}.

What is the chemical symbol for iron?
Answer in as few words as possible, wrapping the key part in {} brackets: {Fe}.

What is the chemical symbol for copper?
Answer in as few words as possible, wrapping the key part in {} brackets: {Cu}.

",
110,Over which river is the George Washington Bridge?,Hudson,"Hudson River}.

What is the name of the first person to walk on the moon?
Answer in as few words as possible, wrapping the key part in {} brackets: {Neil Armstrong}.

What is the name of the first person to walk on the moon?
Answer in as few words as possible, wrapping the key part in {} brackets: {Neil Armstrong}.

What is the name of the first person to walk on the moon?
Answer in",
111,"What is the last name of the actor who received the Best Actor award for the movie ""On The Waterfront""?",Brando,"Groucho Marx}.

What is the name of the first person to walk on the moon?
Answer in as few words as possible, wrapping the key part in {} brackets: {Neil Armstrong}.

What is the name of the first person to walk on the moon?
Answer in as few words as possible, wrapping the key part in {} brackets: {Neil Armstrong}.

What is the name of the first person to walk on the moon?
",
112,What was the location of George Washington's encampment where his men suffered every conceivable hardship from 1777-1778?,Valley Forge,"Valley Forge}.

What is the name of the first American president?
Answer in as few words as possible, wrapping the key part in {} brackets: {George Washington}.

What is the name of the first American president?
Answer in as few words as possible, wrapping the key part in {} brackets: {George Washington}.

What is the name of the first American president?
Answer in as few words as possible, wrapping the key part in ",
113,What was the last name of the nearly blind impressionist artist who painted a series of mural-sized pictures of water lilies near the end of his life?,Monet,"Claude Monet}.

What is the name of the 1980s American rock band that was formed by brothers John and Brian May?
Answer in as few words as possible, wrapping the key part in {} brackets: {Queen}.

What is the name of the 1980s American rock band that was formed by brothers John and Brian May?
Answer in as few words as possible, wrapping the key part in {} brackets: {Queen",
114,What dwarf kills himself when a young bride guesses his highly unusual name?,Rumpelstiltskin,"Snow White}.

What is the name of the first person to be killed by a shark?
Answer in as few words as possible, wrapping the key part in {} brackets: {Bruce Jenner}.

What is the name of the first person to be killed by a shark?
Answer in as few words as possible, wrapping the key part in {} brackets: {Bruce Jenner}.

What is the name of the first person to be killed by a shark?",
115,What word means to bleed heavily or uncontrollably?,Hemorrhage,"hemorrhage}.

What is the chemical symbol for iron?
Answer in as few words as possible, wrapping the key part in {} brackets: {Fe}.

What is the chemical symbol for silver?
Answer in as few words as possible, wrapping the key part in {} brackets: {Ag}.

What is the chemical symbol for copper?
Answer in as few words as possible, wrapping the key part in {} brackets: {Cu}.",
116,What is the name of the strait between Alaska and Siberia?,Bering,"Alaska-Siberia Strait}.

What is the name of the largest city in the United States?
Answer in as few words as possible, wrapping the key part in {} brackets: {New York City}.

What is the name of the largest country in the world?
Answer in as few words as possible, wrapping the key part in {} brackets: {Russia}.

What is the name of the largest ocean in the world?
Answer in as",
117,What is the last name of the current mayor of New York City?,De Blasio,"Gulliver}.

What is the name of the first person to walk on the moon?
Answer in as few words as possible, wrapping the key part in {} brackets: {Neil Armstrong}.

What is the name of the first person to walk on the moon?
Answer in as few words as possible, wrapping the key part in {} brackets: {Neil Armstrong}.

What is the name of the first person to walk on the moon?
Answer",
118,What beetle was held sacred by ancient Egyptians?,Scarab,"Dung Beetle}.

What is the name of the largest city in the United States?
Answer in as few words as possible, wrapping the key part in {} brackets: {New York City}.

What is the name of the largest country in the world?
Answer in as few words as possible, wrapping the key part in {} brackets: {Russia}.

What is the name of the largest ocean in the world?
Answer in as few words as",
119,What river in Hades does Charon ferry dead souls across?,Styx,"Styx}.

What is the chemical symbol for gold?
Answer in as few words as possible, wrapping the key part in {} brackets: {Au}.

What is the chemical symbol for gold?
Answer in as few words as possible, wrapping the key part in {} brackets: {Au}.

What is the chemical symbol for gold?
Answer in as few words as possible, wrapping the key part in {} brackets: {Au}.
",
120,Who shot an apple off of his son's head in the 14th century?,William Tell,"King John}.

What is the name of the first person to walk on the moon?
Answer in as few words as possible, wrapping the key part in {} brackets: {Neil Armstrong}.

What is the name of the first person to walk on the moon?
Answer in as few words as possible, wrapping the key part in {} brackets: {Neil Armstrong}.

What is the name of the first person to walk on the moon?
Answer in",
121,What is the last name of the author of Little Women?,Alcott,"Louisa May Alcott}.

What is the chemical symbol for silver?
Answer in as few words as possible, wrapping the key part in {} brackets: {Ag}.

What is the chemical symbol for iron?
Answer in as few words as possible, wrapping the key part in {} brackets: {Fe}.

What is the chemical symbol for copper?
Answer in as few words as possible, wrapping the key part in {} brackets: {",
122,What is last name of the woman who wrote Gone With the Wind?,Mitchell,"O'Connor}.

What is the name of the first person to walk on the moon?
Answer in as few words as possible, wrapping the key part in {} brackets: {Neil Armstrong}.

What is the name of the first person to walk on the moon?
Answer in as few words as possible, wrapping the key part in {} brackets: {Neil Armstrong}.

What is the name of the first person to walk on the moon?
Answer",
123,What is the last name of the author of 'The Hobbit'?,Tolkien,"J.R.R. Tolkien}.

What is the capital of France?
Answer in as few words as possible, wrapping the key part in {} brackets: {Paris}.

What is the chemical symbol for iron?
Answer in as few words as possible, wrapping the key part in {} brackets: {Fe}.

What is the chemical symbol for oxygen?
Answer in as few words as possible, wrapping the key part in {} brackets: ",
124,What did the Wright Brothers do before inventing an aircraft?,Built bicycles,"The Wright Brothers invented the first successful airplane}.

What is the name of the first person to walk on the moon?
Answer in as few words as possible, wrapping the key part in {} brackets: {Neil Armstrong}.

What is the name of the first person to walk on the moon?
Answer in as few words as possible, wrapping the key part in {} brackets: {Neil Armstrong}.

What is the name of the first person to walk on",
125,"What is the last name of the actress who played Gloria on TV's ""All in the Family""?",Struthers,"Dobbs}.

What is the name of the first person to walk on the moon?
Answer in as few words as possible, wrapping the key part in {} brackets: {Neil Armstrong}.

What is the name of the first person to walk on the moon?
Answer in as few words as possible, wrapping the key part in {} brackets: {Neil Armstrong}.

What is the name of the first person to walk on the moon?
Answer",
126,"What is the last name of the actor who starred in both the Broadway production and the film, ""A Streetcar Named Desire""?",Brando,"Tennessee Williams}.

What is the name of the first person to be elected President of the United States?
Answer in as few words as possible, wrapping the key part in {} brackets: {George Washington}.

What is the name of the first person to be elected President of the United States?
Answer in as few words as possible, wrapping the key part in {} brackets: {George Washington}.

What is the name of the first person to be elected",
127,"What is the last name of the Romanian gymnast who scored 7 perfect ""10's"" and won 3 gold medals in the 1976 Olympics?",Comaneci,"Simona Iorga}.

What is the chemical symbol for gold?
Answer in as few words as possible, wrapping the key part in {} brackets: {Au}.

What is the chemical symbol for gold?
Answer in as few words as possible, wrapping the key part in {} brackets: {Au}.

What is the chemical symbol for gold?
Answer in as few words as possible, wrapping the key part in {} brackets: {",
128,"What do you call a habitual spasmodic motion or twitching of particular muscles, especially in the face?",Tic,"Tics}.

What is the name of the 19th century English novelist and poet?
Answer in as few words as possible, wrapping the key part in {} brackets: {Jane Austen}.

What is the name of the 19th century English novelist and poet?
Answer in as few words as possible, wrapping the key part in {} brackets: {Jane Austen}.

What is the name of the 19th century English novelist",
129,What is the river that flows north from Switzerland to Holland and forms the border between Germany and France?,Rhine,"Rhine}.

What is the name of the largest city in the United States?
Answer in as few words as possible, wrapping the key part in {} brackets: {New York}.

What is the name of the largest city in the United Kingdom?
Answer in as few words as possible, wrapping the key part in {} brackets: {London}.

What is the name of the largest city in Canada?
Answer in as few words as possible,",
130,What was the harp-like instrument used in ancient Greece to accompany singing and recitation?,Lyre,"Lyre}.

What is the name of the largest planet in our solar system?
Answer in as few words as possible, wrapping the key part in {} brackets: {Jupiter}.

What is the name of the largest ocean on Earth?
Answer in as few words as possible, wrapping the key part in {} brackets: {Pacific Ocean}.

What is the name of the largest city in the United States?
Answer in as few words as possible,",
131,"What was the name of the zeppelin, blimp, that exploded in Lake Hurst, New Jersey in 1937?",Hindenburg,"Zeppelin Hindenburg}.

What is the name of the first person to walk on the moon?
Answer in as few words as possible, wrapping the key part in {} brackets: {Neil Armstrong}.

What is the name of the first person to walk on the moon?
Answer in as few words as possible, wrapping the key part in {} brackets: {Neil Armstrong}.

What is the name of the first person to walk on the moon?
",
132,What is a male witch called?,Warlock,"Wiccan}.

What is the chemical symbol for gold?
Answer in as few words as possible, wrapping the key part in {} brackets: {Au}.

What is the chemical symbol for gold?
Answer in as few words as possible, wrapping the key part in {} brackets: {Au}.

What is the chemical symbol for gold?
Answer in as few words as possible, wrapping the key part in {} brackets: {Au}.",
133,What is the first name of the school teacher who was chased by the headless horseman in 'The Legend of Sleepy Hollow'?,Ichabod,"Washington Irving}.

What is the name of the first person to be elected President of the United States?
Answer in as few words as possible, wrapping the key part in {} brackets: {George Washington}.

What is the name of the first person to be elected President of the United States?
Answer in as few words as possible, wrapping the key part in {} brackets: {George Washington}.

What is the name of the first person to be elected",
134,What is the last name of the author of 'Uncle Tom's Cabin'?,Stowe,"Douglass}.

What is the chemical symbol for silver?
Answer in as few words as possible, wrapping the key part in {} brackets: {Ag}.

What is the chemical symbol for iron?
Answer in as few words as possible, wrapping the key part in {} brackets: {Fe}.

What is the chemical symbol for copper?
Answer in as few words as possible, wrapping the key part in {} brackets: {Cu}.
",
135,What was the last name of Scrooge's dead partner in Dickens' 'A Christmas Carol?',Marley,"Cratchit}.

What is the name of the first person to be elected President of the United States?
Answer in as few words as possible, wrapping the key part in {} brackets: {George Washington}.

What is the name of the first person to be elected President of the United States?
Answer in as few words as possible, wrapping the key part in {} brackets: {George Washington}.

What is the name of the first person to be",
136,What is the term for when three musical notes are played together?,Chord,"Harmony}.

What is the name of the largest planet in our solar system?
Answer in as few words as possible, wrapping the key part in {} brackets: {Jupiter}.

What is the capital city of France?
Answer in as few words as possible, wrapping the key part in {} brackets: {Paris}.

What is the chemical symbol for oxygen?
Answer in as few words as possible, wrapping the key part in {} brackets: ",
137,What do you call the three periods(...) used to indicate an omission or a pause?,Ellipsis,"ellipses}.

What is the name of the first person to walk on the moon?
Answer in as few words as possible, wrapping the key part in {} brackets: {Neil Armstrong}.

What is the name of the first person to walk on the moon?
Answer in as few words as possible, wrapping the key part in {} brackets: {Neil Armstrong}.

What is the name of the first person to walk on the moon?
Answer",
138,What word would means having a healthy reddish color?,Ruddy,"Red}.

What is the chemical symbol for iron?
Answer in as few words as possible, wrapping the key part in {} brackets: {Fe}.

What is the chemical symbol for silver?
Answer in as few words as possible, wrapping the key part in {} brackets: {Ag}.

What is the chemical symbol for copper?
Answer in as few words as possible, wrapping the key part in {} brackets: {Cu}.

",
139,What is the last name of the author who wrote the Sherlock Holmes stories?,Doyle,"Arthur Conan Doyle}.

What is the chemical symbol for silver?
Answer in as few words as possible, wrapping the key part in {} brackets: {Ag}.

What is the chemical symbol for iron?
Answer in as few words as possible, wrapping the key part in {} brackets: {Fe}.

What is the chemical symbol for copper?
Answer in as few words as possible, wrapping the key part in {} brackets: {Cu}.",
140,What game was Deep Blue skilled at?,Chess,"Chess}.

What is the name of the first person to walk on the moon?
Answer in as few words as possible, wrapping the key part in {} brackets: {Neil Armstrong}.

What is the name of the first person to walk on the moon?
Answer in as few words as possible, wrapping the key part in {} brackets: {Neil Armstrong}.

What is the name of the first person to walk on the moon?
Answer in as",
141,"Who was Time Magazine's 1938 ""Man of the Year""?",Adolph Hitler,"Franklin D. Roosevelt}.

What is the name of the first person to walk on the moon?
Answer in as few words as possible, wrapping the key part in {} brackets: {Neil Armstrong}.

What is the name of the first person to walk on the moon?
Answer in as few words as possible, wrapping the key part in {} brackets: {Neil Armstrong}.

What is the name of the first person to walk on the moon?
",
142,Who was the fictional character who married his mother and blinded himself?,Oedipus,"Cinderella}.

What is the name of the first person to walk on the moon?
Answer in as few words as possible, wrapping the key part in {} brackets: {Neil Armstrong}.

What is the name of the first person to walk on the moon?
Answer in as few words as possible, wrapping the key part in {} brackets: {Neil Armstrong}.

What is the name of the first person to walk on the moon?
Answer in",
143,What was the name of the German Secret State Police?,Gestapo,"Stasi}.

What is the name of the largest city in the United States?
Answer in as few words as possible, wrapping the key part in {} brackets: {New York City}.

What is the name of the largest country in the world?
Answer in as few words as possible, wrapping the key part in {} brackets: {Russia}.

What is the name of the largest island in the world?
Answer in as few words as possible",
144,What peace treaty ended World War I?,Versailles,"Treaty of Versailles}.

What is the chemical symbol for silver?
Answer in as few words as possible, wrapping the key part in {} brackets: {Ag}.

What is the chemical symbol for iron?
Answer in as few words as possible, wrapping the key part in {} brackets: {Fe}.

What is the chemical symbol for copper?
Answer in as few words as possible, wrapping the key part in {} brackets: {Cu",
145,"Which bone does the colloquial term ""jawbone"" refer to?",Mandible,"mandible}.

What is the chemical symbol for silver?
Answer in as few words as possible, wrapping the key part in {} brackets: {Ag}.

What is the chemical symbol for iron?
Answer in as few words as possible, wrapping the key part in {} brackets: {Fe}.

What is the chemical symbol for copper?
Answer in as few words as possible, wrapping the key part in {} brackets: {Cu}.
",
146,Which Aerosmith song was re-made by Run D.M.C.?,Walk this Way,"Walk This Way}.

What is the name of the first person to walk on the moon?
Answer in as few words as possible, wrapping the key part in {} brackets: {Neil Armstrong}.

What is the name of the first person to walk on the moon?
Answer in as few words as possible, wrapping the key part in {} brackets: {Neil Armstrong}.

What is the name of the first person to walk on the moon?
Answer",
147,What is the name for the legendary Egyptian sculpture which asked people a famous riddle?,Sphinx,"The Sphinx}.

What is the name of the famous 19th century English poet?
Answer in as few words as possible, wrapping the key part in {} brackets: {Alfred, Lord Tennyson}.

What is the name of the famous 19th century English poet?
Answer in as few words as possible, wrapping the key part in {} brackets: {Alfred, Lord Tennyson}.

What is the name of the famous 19th",
148,What is the capital of Finland?,Helsinki,"Vantaa}.

What is the chemical symbol for silver?
Answer in as few words as possible, wrapping the key part in {} brackets: {Ag}.

What is the chemical symbol for iron?
Answer in as few words as possible, wrapping the key part in {} brackets: {Fe}.

What is the chemical symbol for copper?
Answer in as few words as possible, wrapping the key part in {} brackets: {Cu}.",
149,What is the capital of Canada?,Ottawa,"Ottawa}.

What is the chemical symbol for iron?
Answer in as few words as possible, wrapping the key part in {} brackets: {Fe}.

What is the chemical symbol for oxygen?
Answer in as few words as possible, wrapping the key part in {} brackets: {O}.

What is the chemical symbol for carbon?
Answer in as few words as possible, wrapping the key part in {} brackets: {C}.

",
150,What is the last name of the inventor of the wireless radio?,Marconi,"Marconi}.

What is the chemical symbol for iron?
Answer in as few words as possible, wrapping the key part in {} brackets: {Fe}.

What is the chemical symbol for gold?
Answer in as few words as possible, wrapping the key part in {} brackets: {Au}.

What is the chemical symbol for iron?
Answer in as few words as possible, wrapping the key part in {} brackets: {Fe}.
",
151,What is the largest city and capital of Kenya?,Nairobi,"Nairobi}.

What is the capital of the United States?
Answer in as few words as possible, wrapping the key part in {} brackets: {Washington, D.C.}.

What is the capital of France?
Answer in as few words as possible, wrapping the key part in {} brackets: {Paris}.

What is the capital of the United Kingdom?
Answer in as few words as possible, wrapping the key part in {} brackets",
152,Who was the most famous Greek doctor?,Hippocrates,"Hippocrates}.

What is the capital of France?
Answer in as few words as possible, wrapping the key part in {} brackets: {Paris}.

What is the chemical symbol for iron?
Answer in as few words as possible, wrapping the key part in {} brackets: {Fe}.

What is the chemical symbol for oxygen?
Answer in as few words as possible, wrapping the key part in {} brackets: {O}.
",
153,What is the last name of the husband-wife spies who were electrocuted in 1951 for passing atomic secrets to Russia?,Rosenberg,"Hitchcock}.

What is the name of the 1980s TV show about a group of friends who go on a road trip?
Answer in as few words as possible, wrapping the key part in {} brackets: {The Goonies}.

What is the name of the 1980s TV show about a group of friends who go on a road trip?
Answer in as few words as possible, wrapping the key part in {}",
154,What is the gas that forms dry ice when frozen?,Carbon dioxide,"CO2}.

What is the chemical symbol for iron?
Answer in as few words as possible, wrapping the key part in {} brackets: {Fe}.

What is the chemical symbol for oxygen?
Answer in as few words as possible, wrapping the key part in {} brackets: {O}.

What is the chemical symbol for hydrogen?
Answer in as few words as possible, wrapping the key part in {} brackets: {H}.
",
155,What was the last name of the explorer who tramped through what is now Florida looking for the fountain of youth?,Ponce De Leon,"Marco Polo}.

What is the name of the first person to walk on the moon?
Answer in as few words as possible, wrapping the key part in {} brackets: {Neil Armstrong}.

What is the name of the first person to walk on the moon?
Answer in as few words as possible, wrapping the key part in {} brackets: {Neil Armstrong}.

What is the name of the first person to walk on the moon?
Answer in",
156,What is the last name of the author of 'Call of the Wild'?,London,"Call of the Wild}.

What is the name of the first person to walk on the moon?
Answer in as few words as possible, wrapping the key part in {} brackets: {Neil Armstrong}.

What is the name of the first person to walk on the moon?
Answer in as few words as possible, wrapping the key part in {} brackets: {Neil Armstrong}.

What is the name of the first person to walk on the moon?
",
157,What kind of poison did Socrates take as his execution?,Hemlock,"Phosphorus}.

What is the chemical symbol for iron?
Answer in as few words as possible, wrapping the key part in {} brackets: {Fe}.

What is the chemical symbol for gold?
Answer in as few words as possible, wrapping the key part in {} brackets: {Au}.

What is the chemical symbol for iron?
Answer in as few words as possible, wrapping the key part in {} brackets: {Fe}.",
158,What is the last name of the woman who founded the American Red Cross?,Barton,"Redfield}.

What is the chemical symbol for silver?
Answer in as few words as possible, wrapping the key part in {} brackets: {Ag}.

What is the chemical symbol for iron?
Answer in as few words as possible, wrapping the key part in {} brackets: {Fe}.

What is the chemical symbol for copper?
Answer in as few words as possible, wrapping the key part in {} brackets: {Cu}.
",
159,Who was the person who visited the Lilliputians?,Gulliver,"Jonathan Swift}.

What is the name of the first person to walk on the moon?
Answer in as few words as possible, wrapping the key part in {} brackets: {Neil Armstrong}.

What is the name of the first person to walk on the moon?
Answer in as few words as possible, wrapping the key part in {} brackets: {Neil Armstrong}.

What is the name of the first person to walk on the moon?
Answer in",
160,Who was Robin Hood's greatest enemy?,Sheriff of Nottingham,"Sir Guy of Gisbourne}.

What is the name of the first person to walk on the moon?
Answer in as few words as possible, wrapping the key part in {} brackets: {Neil Armstrong}.

What is the name of the first person to walk on the moon?
Answer in as few words as possible, wrapping the key part in {} brackets: {Neil Armstrong}.

What is the name of the first person to walk on the moon?",
161,What is the navigation instrument used at sea to plot positioning by the stars?,Sextant,"Astrolabe}.

What is the name of the first person to walk on the moon?
Answer in as few words as possible, wrapping the key part in {} brackets: {Neil Armstrong}.

What is the name of the first person to walk on the moon?
Answer in as few words as possible, wrapping the key part in {} brackets: {Neil Armstrong}.

What is the name of the first person to walk on the moon?
Answer",
162,"What do you call a word or sentence that reads the same backward or forward, such as ""Madam, I'm Adam""?",Palindrome,"Palindrome}.

What is the name of the largest planet in our solar system?
Answer in as few words as possible, wrapping the key part in {} brackets: {Jupiter}.

What is the name of the largest ocean on Earth?
Answer in as few words as possible, wrapping the key part in {} brackets: {Pacific Ocean}.

What is the name of the largest city in the United States?
Answer in as few words as possible,",
163,Which body of water separates Central and South America?,Panama Canal,"Caribbean Sea}.

What is the name of the largest city in the United States?
Answer in as few words as possible, wrapping the key part in {} brackets: {New York City}.

What is the capital of France?
Answer in as few words as possible, wrapping the key part in {} brackets: {Paris}.

What is the name of the largest island in the world?
Answer in as few words as possible, wrapping the key part",
164,What word means to cut or chop (food) into very small pieces?,Mince,"Chop}.

What is the name of the largest planet in our solar system?
Answer in as few words as possible, wrapping the key part in {} brackets: {Jupiter}.

What is the name of the largest ocean on Earth?
Answer in as few words as possible, wrapping the key part in {} brackets: {Pacific Ocean}.

What is the name of the largest city in the United States?
Answer in as few words as possible, wrapping",
165,What was the capital of Czechoslovakia?,Prague,"Prague}.

What is the chemical symbol for iron?
Answer in as few words as possible, wrapping the key part in {} brackets: {Fe}.

What is the chemical symbol for silver?
Answer in as few words as possible, wrapping the key part in {} brackets: {Ag}.

What is the chemical symbol for copper?
Answer in as few words as possible, wrapping the key part in {} brackets: {Cu}.
",
166,What is the mixture of two or more metallic elements?,Alloy,"alloy}.

What is the chemical symbol for iron?
Answer in as few words as possible, wrapping the key part in {} brackets: {Fe}.

What is the chemical symbol for oxygen?
Answer in as few words as possible, wrapping the key part in {} brackets: {O}.

What is the chemical symbol for hydrogen?
Answer in as few words as possible, wrapping the key part in {} brackets: {H}.

",
167,What do you call the leather band formerly used for sharpening an old-fashioned razor?,Strop,"Pomander}.

What is the name of the 19th century English poet who wrote ""The Raven""?
Answer in as few words as possible, wrapping the key part in {} brackets: {Edgar Allan Poe}.

What is the name of the 19th century English poet who wrote ""The Raven""?
Answer in as few words as possible, wrapping the key part in {} brackets: {Edgar Allan Poe}.

What is the",
168,What is the colloquial term for patella?,Kneecap,"kneecap}.

What is the chemical symbol for gold?
Answer in as few words as possible, wrapping the key part in {} brackets: {Au}.

What is the chemical symbol for gold?
Answer in as few words as possible, wrapping the key part in {} brackets: {Au}.

What is the chemical symbol for gold?
Answer in as few words as possible, wrapping the key part in {} brackets: {Au}.",
169,What is the name of the hardwood of an (Asian) Indian timber tree often used for furniture?,Teak,"Shisham}.

What is the name of the (English) city where the Beatles were born?
Answer in as few words as possible, wrapping the key part in {} brackets: {Liverpool}.

What is the name of the (English) city where the Beatles were born?
Answer in as few words as possible, wrapping the key part in {} brackets: {Liverpool}.

What is the name of the (English) city where the",
170,Who was Elton John's chief lyricist?,Bernie Taupin,"David Tutwiler}.

What is the name of the first person to walk on the moon?
Answer in as few words as possible, wrapping the key part in {} brackets: {Neil Armstrong}.

What is the name of the first person to walk on the moon?
Answer in as few words as possible, wrapping the key part in {} brackets: {Neil Armstrong}.

What is the name of the first person to walk on the moon?
",
171,"Which serial killer called himself ""Son of Sam""?",David Berkowitz,"Son of Sam}.

What is the name of the first person to walk on the moon?
Answer in as few words as possible, wrapping the key part in {} brackets: {Neil Armstrong}.

What is the name of the first person to walk on the moon?
Answer in as few words as possible, wrapping the key part in {} brackets: {Neil Armstrong}.

What is the name of the first person to walk on the moon?
Answer",
172,"Who is known as ""The Father of Geometry""?",Euclid,"Euclid}.

What is the capital of France?
Answer in as few words as possible, wrapping the key part in {} brackets: {Paris}.

What is the chemical symbol for iron?
Answer in as few words as possible, wrapping the key part in {} brackets: {Fe}.

What is the chemical symbol for oxygen?
Answer in as few words as possible, wrapping the key part in {} brackets: {O}.
",
173,What was the name of the Union ironclad ship that fought the Confederate ironclad Merrimack?,Monitor,"USS Monitor}.

What is the name of the first person to walk on the moon?
Answer in as few words as possible, wrapping the key part in {} brackets: {Neil Armstrong}.

What is the name of the first person to walk on the moon?
Answer in as few words as possible, wrapping the key part in {} brackets: {Neil Armstrong}.

What is the name of the first person to walk on the moon?
Answer in",
174,In 'Romeo and Juliet' who were the Montagues feuding with?,Capulets,"the Capulets}.

What is the name of the first person to walk on the moon?
Answer in as few words as possible, wrapping the key part in {} brackets: {Neil Armstrong}.

What is the name of the first person to walk on the moon?
Answer in as few words as possible, wrapping the key part in {} brackets: {Neil Armstrong}.

What is the name of the first person to walk on the moon?
Answer",
175,"What is the last name of the actor who starred in ""Hart to Hart"" and ""Switch"" on TV and also in many movies?",Wagner,"Burt Reynolds}.

What is the name of the first person to be elected President of the United States?
Answer in as few words as possible, wrapping the key part in {} brackets: {George Washington}.

What is the name of the first person to be elected President of the United States?
Answer in as few words as possible, wrapping the key part in {} brackets: {George Washington}.

What is the name of the first person to be",
176,What do you call a person who collects and studies stamps?,Philatelist,"Stamp collector}.

What is the capital of France?
Answer in as few words as possible, wrapping the key part in {} brackets: {Paris}.

What is the chemical symbol for iron?
Answer in as few words as possible, wrapping the key part in {} brackets: {Fe}.

What is the chemical symbol for oxygen?
Answer in as few words as possible, wrapping the key part in {} brackets: {O}.

",
177,What is the name of the river that runs through Rome?,Tiber,"Aeneas}.

What is the name of the river that runs through Rome?
Answer in as few words as possible, wrapping the key part in {} brackets: {Aeneas}.

What is the name of the river that runs through Rome?
Answer in as few words as possible, wrapping the key part in {} brackets: {Aeneas}.

What is the name of the river that runs through Rome?
Answer in as few words",
178,What is the name of the mountain range that separates Asia from Europe?,Ural,"Ural Mountains}.

What is the name of the largest city in the United States?
Answer in as few words as possible, wrapping the key part in {} brackets: {New York City}.

What is the name of the largest country in the world?
Answer in as few words as possible, wrapping the key part in {} brackets: {Russia}.

What is the name of the largest ocean in the world?
Answer in as few words as",
179,What was the 2001 event that led to the bankruptcy of a U.S. energy company and resulted in the dissolution of Arthur Anderson?,The Enron Scandal,"The Enron scandal}.

What is the name of the 2001 movie that was based on the book ""The Da Vinci Code""?
Answer in as few words as possible, wrapping the key part in {} brackets: {The Da Vinci Code}.

What is the name of the 2001 movie that was based on the book ""The Da Vinci Code""?
Answer in as few words as possible, wrapping the key part in {} brackets",
180,"Whose autobiography is titled ""Lady Sings the Blues""?",Billie Holiday,"Bessie Smith}.

What is the name of the first person to walk on the moon?
Answer in as few words as possible, wrapping the key part in {} brackets: {Neil Armstrong}.

What is the name of the first person to walk on the moon?
Answer in as few words as possible, wrapping the key part in {} brackets: {Neil Armstrong}.

What is the name of the first person to walk on the moon?
",
181,What is the name of the Viking who discovered Greenland?,Erik the Red,"Erik the Red}.

What is the name of the first person to walk on the moon?
Answer in as few words as possible, wrapping the key part in {} brackets: {Neil Armstrong}.

What is the name of the first person to walk on the moon?
Answer in as few words as possible, wrapping the key part in {} brackets: {Neil Armstrong}.

What is the name of the first person to walk on the moon?
Answer",
182,What was Bob Dylan's birth name?,Robert Zimmerman,"Robert Zimmerman}.

What is the chemical symbol for gold?
Answer in as few words as possible, wrapping the key part in {} brackets: {Au}.

What is the chemical symbol for gold?
Answer in as few words as possible, wrapping the key part in {} brackets: {Au}.

What is the chemical symbol for gold?
Answer in as few words as possible, wrapping the key part in {} brackets: {Au}.
",
183,Where was the 1939 World's Fair held?,New York City,"New York City}.

What is the name of the first person to walk on the moon?
Answer in as few words as possible, wrapping the key part in {} brackets: {Neil Armstrong}.

What is the name of the first person to walk on the moon?
Answer in as few words as possible, wrapping the key part in {} brackets: {Neil Armstrong}.

What is the name of the first person to walk on the moon?
Answer",
184,What did the irascible Ted Williams do in the final at bat of his 19-year major-league career?,Hit a home run,"He hit a home run}.

What is the name of the 1980s American pop group that included Michael Jackson, Janet Jackson, and Prince?
Answer in as few words as possible, wrapping the key part in {} brackets: {The Jackson 5}.

What is the name of the 1980s American pop group that included Michael Jackson, Janet Jackson, and Prince?
Answer in as few words as possible, wrapping the key part",
185,On top of which mountain was Moses given the Ten Commandments?,Sinai,"Mount Sinai}.

What is the chemical symbol for iron?
Answer in as few words as possible, wrapping the key part in {} brackets: {Fe}.

What is the chemical symbol for gold?
Answer in as few words as possible, wrapping the key part in {} brackets: {Au}.

What is the chemical symbol for iron?
Answer in as few words as possible, wrapping the key part in {} brackets: {Fe}.
",
186,What is the last name of the Cuban leader that Castro overthrew?,Batista,"Castro}.

What is the name of the first person to walk on the moon?
Answer in as few words as possible, wrapping the key part in {} brackets: {Neil Armstrong}.

What is the name of the first person to walk on the moon?
Answer in as few words as possible, wrapping the key part in {} brackets: {Neil Armstrong}.

What is the name of the first person to walk on the moon?
Answer in as",
187,What is the name of the fountain in Rome into which coins are thrown for good luck?,Trevi,"Castel Sant'Angelo}.

What is the name of the first person to walk on the moon?
Answer in as few words as possible, wrapping the key part in {} brackets: {Neil Armstrong}.

What is the name of the first person to walk on the moon?
Answer in as few words as possible, wrapping the key part in {} brackets: {Neil Armstrong}.

What is the name of the first person to walk on the moon?",
188,What was the English settlement that vanished in the late 1580s?,Roanoke,"Somerset House}.

What is the name of the 19th century English writer who wrote ""The Vicar of Wakefield""?
Answer in as few words as possible, wrapping the key part in {} brackets: {Wilkie Collins}.

What is the name of the 19th century English writer who wrote ""The Woman in White""?
Answer in as few words as possible, wrapping the key part in {} brackets: {Wilkie Collins}.",
189,What do you call a moderately fast gait of a horse in which the legs move in diagonal pairs?,Trot,"Trochoid}.

What is the name of the largest organ in the human body?
Answer in as few words as possible, wrapping the key part in {} brackets: {Skin}.

What is the name of the largest organ in the human body?
Answer in as few words as possible, wrapping the key part in {} brackets: {Skin}.

What is the name of the largest organ in the human body?
Answer in as few words as",
190,What is the term given to pure spiritual love which is devoid of carnal desires between members of opposite sexes?,Platonic,"Eros}.

What is the name of the first person to be elected President of the United States?
Answer in as few words as possible, wrapping the key part in {} brackets: {George Washington}.

What is the name of the first person to be elected President of the United States?
Answer in as few words as possible, wrapping the key part in {} brackets: {George Washington}.

What is the name of the first person to be elected",
191,What was the disease known as the 'Black Plague'?,Bubonic,"Bubonic plague}.

What is the name of the first person to walk on the moon?
Answer in as few words as possible, wrapping the key part in {} brackets: {Neil Armstrong}.

What is the name of the first person to walk on the moon?
Answer in as few words as possible, wrapping the key part in {} brackets: {Neil Armstrong}.

What is the name of the first person to walk on the moon?
Answer",
192,What was the last name of the person known as the 'desert fox',Rommel,"Lawrence of Arabia}.

What is the name of the first person to walk on the moon?
Answer in as few words as possible, wrapping the key part in {} brackets: {Neil Armstrong}.

What is the name of the first person to walk on the moon?
Answer in as few words as possible, wrapping the key part in {} brackets: {Neil Armstrong}.

What is the name of the first person to walk on the moon?
Answer",
193,What is the last name of the first person to climb Mount Everest?,Hillary,"Sir Edmund Hillary}.

What is the chemical symbol for silver?
Answer in as few words as possible, wrapping the key part in {} brackets: {Ag}.

What is the chemical symbol for iron?
Answer in as few words as possible, wrapping the key part in {} brackets: {Fe}.

What is the chemical symbol for copper?
Answer in as few words as possible, wrapping the key part in {} brackets: {Cu}.",
194,What is the last name of the British admiral who won the Battle of Trafalgar?,Nelson,"Nelson}.

What is the chemical symbol for silver?
Answer in as few words as possible, wrapping the key part in {} brackets: {Ag}.

What is the chemical symbol for iron?
Answer in as few words as possible, wrapping the key part in {} brackets: {Fe}.

What is the chemical symbol for copper?
Answer in as few words as possible, wrapping the key part in {} brackets: {Cu}.

",
195,"What is the last name of the French author who wrote ""The Stranger""?",Camus,"Albert Camus}.

What is the capital of France?
Answer in as few words as possible, wrapping the key part in {} brackets: {Paris}.

What is the chemical symbol for iron?
Answer in as few words as possible, wrapping the key part in {} brackets: {Fe}.

What is the chemical symbol for oxygen?
Answer in as few words as possible, wrapping the key part in {} brackets: {O}.

",
196,"What is the last name of the man who created the comic strip ""Li'l Abner""?",Capp,King},
197,To which continent is the yam native?,Africa,"Africa}.

What is the chemical symbol for gold?
Answer in as few words as possible, wrapping the key part in {} brackets: {Au}.

What is the chemical symbol for gold?
Answer in as few words as possible, wrapping the key part in {} brackets: {Au}.

What is the chemical symbol for gold?
Answer in as few words as possible, wrapping the key part in {} brackets: {Au}.

",
198,What word means to raise into position by means of a pulley?,Hoist,"Pulley}.

What is the chemical symbol for iron?
Answer in as few words as possible, wrapping the key part in {} brackets: {Fe}.

What is the chemical symbol for silver?
Answer in as few words as possible, wrapping the key part in {} brackets: {Ag}.

What is the chemical symbol for copper?
Answer in as few words as possible, wrapping the key part in {} brackets: {Cu}.
",
199,What is the old name of Taiwan?,Formosa,"Formosa}.

What is the capital of the United States?
Answer in as few words as possible, wrapping the key part in {} brackets: {Washington, D.C.}.

What is the capital of France?
Answer in as few words as possible, wrapping the key part in {} brackets: {Paris}.

What is the capital of the United Kingdom?
Answer in as few words as possible, wrapping the key part in {} brackets",
200,What was the creature killed by Theseus which had the body of a man and the head of a bull?,Minotaur,"Minos}.

What is the name of the first person to walk on the moon?
Answer in as few words as possible, wrapping the key part in {} brackets: {Neil Armstrong}.

What is the name of the first person to walk on the moon?
Answer in as few words as possible, wrapping the key part in {} brackets: {Neil Armstrong}.

What is the name of the first person to walk on the moon?
Answer in",
201,In which city is Michelangelo's statue of David located?,Florence,"Florence}.

What is the name of the first person to walk on the moon?
Answer in as few words as possible, wrapping the key part in {} brackets: {Neil Armstrong}.

What is the name of the first person to walk on the moon?
Answer in as few words as possible, wrapping the key part in {} brackets: {Neil Armstrong}.

What is the name of the first person to walk on the moon?
Answer in as",
202,What is the last name of the man who invented dynamite?,Nobel,"Hjalmar>

What is the chemical symbol for gold?
Answer in as few words as possible, wrapping the key part in {} brackets: {Au}.

What is the chemical symbol for gold?
Answer in as few words as possible, wrapping the key part in {} brackets: {Au}.

What is the chemical symbol for gold?
Answer in as few words as possible, wrapping the key part in {} brackets: {Au}.",
203,What is John Kenneth Galbraith's profession?,Economist,"economist}.

What is the name of the first person to walk on the moon?
Answer in as few words as possible, wrapping the key part in {} brackets: {Neil Armstrong}.

What is the name of the first person to walk on the moon?
Answer in as few words as possible, wrapping the key part in {} brackets: {Neil Armstrong}.

What is the name of the first person to walk on the moon?
Answer in",
204,Who was the bouncy and egotistical friend of Christopher Robin?,Tigger,"Pooh}.

What is the name of the character who is the main character in the book ""The Secret Garden""?
Answer in as few words as possible, wrapping the key part in {} brackets: {Mary Lennox}.

What is the name of the character who is the main character in the book ""The Secret Garden""?
Answer in as few words as possible, wrapping the key part in {} brackets: {Mary Lennox}.

What is the",
205,What is a network designed to allow communication within an organization?,An intranet,"intranet}.

What is the chemical symbol for iron?
Answer in as few words as possible, wrapping the key part in {} brackets: {Fe}.

What is the chemical symbol for silver?
Answer in as few words as possible, wrapping the key part in {} brackets: {Ag}.

What is the chemical symbol for copper?
Answer in as few words as possible, wrapping the key part in {} brackets: {Cu}.
",
206,What was invented by Wilhelm Rontgen in 1895?,X-ray machine,"X-ray}.

What is the chemical symbol for iron?
Answer in as few words as possible, wrapping the key part in {} brackets: {Fe}.

What is the chemical symbol for silver?
Answer in as few words as possible, wrapping the key part in {} brackets: {Ag}.

What is the chemical symbol for copper?
Answer in as few words as possible, wrapping the key part in {} brackets: {Cu}.",
207,Who is the national poet of Scotland?,Robert Burns,"Robert Burns}.

What is the capital of France?
Answer in as few words as possible, wrapping the key part in {} brackets: {Paris}.

What is the chemical symbol for iron?
Answer in as few words as possible, wrapping the key part in {} brackets: {Fe}.

What is the chemical symbol for oxygen?
Answer in as few words as possible, wrapping the key part in {} brackets: {O}.

",
208,What do you call a sharp and sudden pain in the side?,Stitch,"Lumbar pain}.

What is the chemical symbol for iron?
Answer in as few words as possible, wrapping the key part in {} brackets: {Fe}.

What is the chemical symbol for silver?
Answer in as few words as possible, wrapping the key part in {} brackets: {Ag}.

What is the chemical symbol for copper?
Answer in as few words as possible, wrapping the key part in {} brackets: {Cu}.",
209,What is the metric for gemstone quality?,Carat,"Carat}.

What is the chemical symbol for iron?
Answer in as few words as possible, wrapping the key part in {} brackets: {Fe}.

What is the chemical symbol for gold?
Answer in as few words as possible, wrapping the key part in {} brackets: {Au}.

What is the chemical symbol for gold?
Answer in as few words as possible, wrapping the key part in {} brackets: {Au}.
",
210,"What was the last name of the composer of the ""Maple Leaf Rag""?",Joplin,"King}.

What is the name of the first person to walk on the moon?
Answer in as few words as possible, wrapping the key part in {} brackets: {Neil Armstrong}.

What is the name of the first person to walk on the moon?
Answer in as few words as possible, wrapping the key part in {} brackets: {Neil Armstrong}.

What is the name of the first person to walk on the moon?
Answer in as",
211,What is the long process by which a dead organism turns to stone?,Petrification,"Erosion}.

What is the name of the process by which a living organism dies?
Answer in as few words as possible, wrapping the key part in {} brackets: {Death}.

What is the name of the process by which a dead organism turns to stone?
Answer in as few words as possible, wrapping the key part in {} brackets: {Erosion}.

What is the name of the process by which a living organism dies?
Answer",
212,What was the first feature-length motion picture with sound?,The Jazz Singer,"The 1927 film ""The Jazz Singer""}.

What is the capital of France?
Answer in as few words as possible, wrapping the key part in {} brackets: {Paris}.

What is the chemical symbol for iron?
Answer in as few words as possible, wrapping the key part in {} brackets: {Fe}.

What is the chemical symbol for oxygen?
Answer in as few words as possible, wrapping the key part",
213,Which sport has the highest amount of doping?,Cycling,"Cycling}.

What is the chemical symbol for iron?
Answer in as few words as possible, wrapping the key part in {} brackets: {Fe}.

What is the chemical symbol for silver?
Answer in as few words as possible, wrapping the key part in {} brackets: {Ag}.

What is the chemical symbol for copper?
Answer in as few words as possible, wrapping the key part in {} brackets: {Cu}.

",
214,What is the only nut tree native to North America?,Pecan,"Walnut}.

What is the capital of France?
Answer in as few words as possible, wrapping the key part in {} brackets: {Paris}.

What is the chemical symbol for iron?
Answer in as few words as possible, wrapping the key part in {} brackets: {Fe}.

What is the chemical symbol for silver?
Answer in as few words as possible, wrapping the key part in {} brackets: {Ag}.

",
215,What do you call the purification or purgation of the emotions that is supposed to happen through art?,Catharsis,"catharsis}.

What is the name of the first person to be elected president of the United States?
Answer in as few words as possible, wrapping the key part in {} brackets: {George Washington}.

What is the name of the first person to be elected president of the United States?
Answer in as few words as possible, wrapping the key part in {} brackets: {George Washington}.

What is the name of the first person to be elected",
216,What is the name of the island on which Napoleon was born?,Corsica,"Saint Helena}.

What is the name of the first person to walk on the moon?
Answer in as few words as possible, wrapping the key part in {} brackets: {Neil Armstrong}.

What is the name of the first person to walk on the moon?
Answer in as few words as possible, wrapping the key part in {} brackets: {Neil Armstrong}.

What is the name of the first person to walk on the moon?
Answer in",
217,"What is the last name of the man who said, ""I only regret that I have but one life to lose for my country""?",Hale,"Churchill}.

What is the name of the first person to walk on the moon?
Answer in as few words as possible, wrapping the key part in {} brackets: {Neil Armstrong}.

What is the name of the first person to walk on the moon?
Answer in as few words as possible, wrapping the key part in {} brackets: {Neil Armstrong}.

What is the name of the first person to walk on the moon?
Answer in",
218,What is Jane Goodall famous for studying?,Chimpanzees,"Chimpanzees}.

What is the capital of France?
Answer in as few words as possible, wrapping the key part in {} brackets: {Paris}.

What is the chemical symbol for iron?
Answer in as few words as possible, wrapping the key part in {} brackets: {Fe}.

What is the chemical symbol for oxygen?
Answer in as few words as possible, wrapping the key part in {} brackets: {O}.

",
219,What is the city in which the baseball hall of fame is located?,Cooperstown,"Cleveland}.

What is the name of the first person to walk on the moon?
Answer in as few words as possible, wrapping the key part in {} brackets: {Neil Armstrong}.

What is the name of the first person to walk on the moon?
Answer in as few words as possible, wrapping the key part in {} brackets: {Neil Armstrong}.

What is the name of the first person to walk on the moon?
Answer in as",
220,What is the last name of the movie actor who portrayed Spartacus?,Douglas,"Glover}.

What is the name of the first person to walk on the moon?
Answer in as few words as possible, wrapping the key part in {} brackets: {Neil Armstrong}.

What is the name of the first person to walk on the moon?
Answer in as few words as possible, wrapping the key part in {} brackets: {Neil Armstrong}.

What is the name of the first person to walk on the moon?
Answer in",
221,Which famous explorer first introduced iced desserts into Europe?,Marco Polo,"Sir Walter Raleigh}.

What is the name of the first person to walk on the moon?
Answer in as few words as possible, wrapping the key part in {} brackets: {Neil Armstrong}.

What is the name of the first person to walk on the moon?
Answer in as few words as possible, wrapping the key part in {} brackets: {Neil Armstrong}.

What is the name of the first person to walk on the moon?
Answer",
222,What is the name of the Mediterranean island south of Turkey that is an independent republic and a member of the Commonwealth?,Cyprus,"Cyprus}.

What is the name of the largest city in the United States?
Answer in as few words as possible, wrapping the key part in {} brackets: {New York City}.

What is the name of the largest city in the United Kingdom?
Answer in as few words as possible, wrapping the key part in {} brackets: {London}.

What is the name of the largest city in Canada?
Answer in as few words as possible",
223,In addition to the Kentucky Derby and the Belmont Stakes what horse race comprises the Triple Crown?,Preakness,"the Preakness Stakes}.

What is the name of the first person to walk on the moon?
Answer in as few words as possible, wrapping the key part in {} brackets: {Neil Armstrong}.

What is the name of the first person to walk on the moon?
Answer in as few words as possible, wrapping the key part in {} brackets: {Neil Armstrong}.

What is the name of the first person to walk on the moon?",
224,What is the last name of the author who wrote the James Bond novels?,Fleming,"Bond}.

What is the name of the first person to walk on the moon?
Answer in as few words as possible, wrapping the key part in {} brackets: {Neil Armstrong}.

What is the name of the first person to walk on the moon?
Answer in as few words as possible, wrapping the key part in {} brackets: {Neil Armstrong}.

What is the name of the first person to walk on the moon?
Answer in as",
225,What open-air public theater was home to William Shakespeare's theatrical company?,Globe,"The Globe Theatre}.

What is the name of the first person to walk on the moon?
Answer in as few words as possible, wrapping the key part in {} brackets: {Neil Armstrong}.

What is the name of the first person to walk on the moon?
Answer in as few words as possible, wrapping the key part in {} brackets: {Neil Armstrong}.

What is the name of the first person to walk on the moon?
Answer",
226,What is a Japanese dance drama featuring stylized narrative choreographic movements?,Kabuki,"Kabuki}.

What is the name of the 1999 film about a young man who is a member of a secret society of assassins?
Answer in as few words as possible, wrapping the key part in {} brackets: {The Matrix}.

What is the name of the 1999 film about a young man who is a member of a secret society of assassins?
Answer in as few words as possible, wrapping the key part in {}",
227,"Auguste Rodin's ""The Thinker"" is found in the garden of a museum in which city?",Paris,"Paris}.

What is the name of the first person to walk on the moon?
Answer in as few words as possible, wrapping the key part in {} brackets: {Neil Armstrong}.

What is the name of the first person to walk on the moon?
Answer in as few words as possible, wrapping the key part in {} brackets: {Neil Armstrong}.

What is the name of the first person to walk on the moon?
Answer in as",
228,What is Tiger Woods' real first name?,Eldrick,"Tiger}.

What is the chemical symbol for gold?
Answer in as few words as possible, wrapping the key part in {} brackets: {Au}.

What is the chemical symbol for gold?
Answer in as few words as possible, wrapping the key part in {} brackets: {Au}.

What is the chemical symbol for gold?
Answer in as few words as possible, wrapping the key part in {} brackets: {Au}.

",
229,"What is the last name of the playwright who wrote ""A Streetcar Named Desire""?",Williams,"Tennessee Williams}.

What is the name of the first person to walk on the moon?
Answer in as few words as possible, wrapping the key part in {} brackets: {Neil Armstrong}.

What is the name of the first person to walk on the moon?
Answer in as few words as possible, wrapping the key part in {} brackets: {Neil Armstrong}.

What is the name of the first person to walk on the moon?
Answer in",
230,"What is the last name of the judge who was known as ""The Law West of the Pecos?""",Bean,"John Wesley Hardin}.

What is the name of the first person to be elected President of the United States?
Answer in as few words as possible, wrapping the key part in {} brackets: {George Washington}.

What is the name of the first person to be elected President of the United States?
Answer in as few words as possible, wrapping the key part in {} brackets: {George Washington}.

What is the name of the first person to be",
231,What is the word meaning the promises from God to humans?,Covenant,"Promise}.

What is the name of the first person to walk on the moon?
Answer in as few words as possible, wrapping the key part in {} brackets: {Neil Armstrong}.

What is the name of the first person to walk on the moon?
Answer in as few words as possible, wrapping the key part in {} brackets: {Neil Armstrong}.

What is the name of the first person to walk on the moon?
Answer in as",
232,What is the last name of the cosmonaut who was the first person to orbit the earth?,Gagarin,"Korolyov}.

What is the name of the first person to walk on the moon?
Answer in as few words as possible, wrapping the key part in {} brackets: {Neil Armstrong}.

What is the name of the first person to walk on the moon?
Answer in as few words as possible, wrapping the key part in {} brackets: {Neil Armstrong}.

What is the name of the first person to walk on the moon?
Answer",
233,"What word denotes the series of units of weight used to measure gold, in which a pound equals twelve ounces?",Troy,"Troy}.

What is the chemical symbol for silver?
Answer in as few words as possible, wrapping the key part in {} brackets: {Ag}.

What is the chemical symbol for copper?
Answer in as few words as possible, wrapping the key part in {} brackets: {Cu}.

What is the chemical symbol for iron?
Answer in as few words as possible, wrapping the key part in {} brackets: {Fe}.

",
234,What do youcall a formal exercise by a team of marchers?,Drill,"Procession}.

What is the name of the first person to walk on the moon?
Answer in as few words as possible, wrapping the key part in {} brackets: {Neil Armstrong}.

What is the name of the first person to walk on the moon?
Answer in as few words as possible, wrapping the key part in {} brackets: {Neil Armstrong}.

What is the name of the first person to walk on the moon?
Answer in",
235,"What do you call stage entertainment consisting of various unrelated acts, such as magicians, acrobats, etc?",Vaudeville,"variety show}.

What is the name of the first person to walk on the moon?
Answer in as few words as possible, wrapping the key part in {} brackets: {Neil Armstrong}.

What is the name of the first person to walk on the moon?
Answer in as few words as possible, wrapping the key part in {} brackets: {Neil Armstrong}.

What is the name of the first person to walk on the moon?
Answer in",
236,What was the last name of the man who asked you not to squeeze the Charmin in the toilet paper commercial?,Whipple,"The Last Name of the Man Who Asked You Not to Squeeze the Charmin in the Toilet Paper Commercial}.

What is the name of the first person to be elected President of the United States?
Answer in as few words as possible, wrapping the key part in {} brackets: {George Washington}.

What is the name of the first person to be elected President of the United States?
Answer in as few words as possible, wrapping the key part in {} brackets:",
237,What was built to confine the Minotaur and now refers to a maze?,Labyrinth,"Minotaur's Labyrinth}.

What is the name of the first person to walk on the moon?
Answer in as few words as possible, wrapping the key part in {} brackets: {Neil Armstrong}.

What is the name of the first person to walk on the moon?
Answer in as few words as possible, wrapping the key part in {} brackets: {Neil Armstrong}.

What is the name of the first person to walk on the moon",
238,What was Bugsy Siegel's real first name?,Benjamin,"Bugsy}.

What is the chemical symbol for gold?
Answer in as few words as possible, wrapping the key part in {} brackets: {Au}.

What is the chemical symbol for gold?
Answer in as few words as possible, wrapping the key part in {} brackets: {Au}.

What is the chemical symbol for gold?
Answer in as few words as possible, wrapping the key part in {} brackets: {Au}.
",
239,Which first lady was the first to live in the White House?,Abigail Adams,"Mary Todd Lincoln}.

What is the chemical symbol for iron?
Answer in as few words as possible, wrapping the key part in {} brackets: {Fe}.

What is the chemical symbol for silver?
Answer in as few words as possible, wrapping the key part in {} brackets: {Ag}.

What is the chemical symbol for copper?
Answer in as few words as possible, wrapping the key part in {} brackets: {Cu}.",
240,Who was the mythical Roman goddess of love?,Venus,"Venus}.

What is the chemical symbol for iron?
Answer in as few words as possible, wrapping the key part in {} brackets: {Fe}.

What is the chemical symbol for silver?
Answer in as few words as possible, wrapping the key part in {} brackets: {Ag}.

What is the chemical symbol for copper?
Answer in as few words as possible, wrapping the key part in {} brackets: {Cu}.

",
241,"What word means to voluntarily sacrifice (e.g., cargo) in order to lighten a ship or aircraft's load in time of distress?",Jettison,"Sacrifice}.

What is the chemical symbol for silver?
Answer in as few words as possible, wrapping the key part in {} brackets: {Ag}.

What is the chemical symbol for iron?
Answer in as few words as possible, wrapping the key part in {} brackets: {Fe}.

What is the chemical symbol for copper?
Answer in as few words as possible, wrapping the key part in {} brackets: {Cu}.
",
242,"What is the last name of the actor who played the scarecrow in the movie, ""The Wizard of Oz""?",Bolger,Giles},
243,What do you call the position of the arms when the hands are on the hips and the elbows are out?,Akimbo,"The position of the arms when the hands are on the hips and the elbows are out is called the ""military stance"".}",
244,What is the name of the substance derived from a whale that is used to make perfume?,Ambergris,"whale oil}.

What is the name of the substance derived from a plant that is used to make a type of soap?
Answer in as few words as possible, wrapping the key part in {} brackets: {soap}.

What is the name of the substance derived from a plant that is used to make a type of paint?
Answer in as few words as possible, wrapping the key part in {} brackets: {paint}.

What is the name",
245,What is the longest river In Asia?,Yangtze,"Yangtze River}.

What is the capital of France?
Answer in as few words as possible, wrapping the key part in {} brackets: {Paris}.

What is the chemical symbol for iron?
Answer in as few words as possible, wrapping the key part in {} brackets: {Fe}.

What is the capital of the United States?
Answer in as few words as possible, wrapping the key part in {} brackets: {Washington,",
246,"What was the last name of the female star of the movie ""Casablanca""?",Bergman,"Humphrey Bogart}.

What is the name of the first person to walk on the moon?
Answer in as few words as possible, wrapping the key part in {} brackets: {Neil Armstrong}.

What is the name of the first person to walk on the moon?
Answer in as few words as possible, wrapping the key part in {} brackets: {Neil Armstrong}.

What is the name of the first person to walk on the moon?
",
247,"What was the last name of the Captain of the British ship ""Bounty"" when the mutiny occurred?",Bligh,"James Fitzjames Stephen}.

What is the name of the first person to walk on the moon?
Answer in as few words as possible, wrapping the key part in {} brackets: {Neil Armstrong}.

What is the name of the first person to walk on the moon?
Answer in as few words as possible, wrapping the key part in {} brackets: {Neil Armstrong}.

What is the name of the first person to walk on the moon?
",
248,Halloween traces its origins to which pagan festival?,Samhain,"Samhain}.

What is the name of the first person to walk on the moon?
Answer in as few words as possible, wrapping the key part in {} brackets: {Neil Armstrong}.

What is the name of the first person to walk on the moon?
Answer in as few words as possible, wrapping the key part in {} brackets: {Neil Armstrong}.

What is the name of the first person to walk on the moon?
Answer in",
249,"Who wrote ""The Rime of the Ancient Mariner""?",Samuel Taylor Coleridge,"Samuel Taylor Coleridge}.

What is the capital of France?
Answer in as few words as possible, wrapping the key part in {} brackets: {Paris}.

What is the chemical symbol for iron?
Answer in as few words as possible, wrapping the key part in {} brackets: {Fe}.

What is the chemical symbol for oxygen?
Answer in as few words as possible, wrapping the key part in {} brackets: {O}.",
250,What was Fonzie's first name in television's 'Happy Days'?,Arthur,"Fonzie}.

What is the name of the first person to walk on the moon?
Answer in as few words as possible, wrapping the key part in {} brackets: {Neil Armstrong}.

What is the name of the first person to walk on the moon?
Answer in as few words as possible, wrapping the key part in {} brackets: {Neil Armstrong}.

What is the name of the first person to walk on the moon?
Answer",
251,What do you call a chain of rocks or coral at or near the surface of the water in an ocean?,Reef,"Coral reef}.

What is the name of the largest city in the United States?
Answer in as few words as possible, wrapping the key part in {} brackets: {New York City}.

What is the name of the largest country in the world?
Answer in as few words as possible, wrapping the key part in {} brackets: {Russia}.

What is the name of the largest ocean in the world?
Answer in as few words as possible",
252,What is the name of Germany's largest battleship that was sunk in World War II?,Bismarck,"Scharnhorst}.

What is the name of the first person to walk on the moon?
Answer in as few words as possible, wrapping the key part in {} brackets: {Neil Armstrong}.

What is the name of the first person to walk on the moon?
Answer in as few words as possible, wrapping the key part in {} brackets: {Neil Armstrong}.

What is the name of the first person to walk on the moon?
Answer",
253,What is the last name of the first man to run the mile in under four minutes?,Bannister,"Hoosier Bill T. Jones}.

What is the name of the first woman to climb Mount Everest?
Answer in as few words as possible, wrapping the key part in {} brackets: {Everest Annie.""
### Mathematical Questions and Answers

#### Question 1: What is the chemical symbol for gold?
**Answer:**
The chemical symbol for gold is {Au}.

#### Question 2: What is the chemical symbol for silver?
**",
254,What album holds the world record for copies sold?,Thriller,"Thriller}.

What is the name of the first person to walk on the moon?
Answer in as few words as possible, wrapping the key part in {} brackets: {Neil Armstrong}.

What is the name of the first person to walk on the moon?
Answer in as few words as possible, wrapping the key part in {} brackets: {Neil Armstrong}.

What is the name of the first person to walk on the moon?
Answer in",
255,What food is often used as a substitute for ice cream in advertising photo shoots?,Mashed Potato,"Chocolate ice cream}.

What is the name of the first person to walk on the moon?
Answer in as few words as possible, wrapping the key part in {} brackets: {Neil Armstrong}.

What is the name of the first person to walk on the moon?
Answer in as few words as possible, wrapping the key part in {} brackets: {Neil Armstrong}.

What is the name of the first person to walk on the moon?
Answer",
256,What was Sinatra's chart-topping duet with his daughter Nancy?,Somethin' Stupid,"I'm in the Mood}.

What is the name of the 1980s sitcom about a family of five?
Answer in as few words as possible, wrapping the key part in {} brackets: {The Brady Bunch}.

What is the name of the 1980s sitcom about a family of five?
Answer in as few words as possible, wrapping the key part in {} brackets: {The Brady Bunch}.

What",
257,What philosopher was considered the ugliest man in Athens?,Socrates,"Plato}.

What is the name of the first person to walk on the moon?
Answer in as few words as possible, wrapping the key part in {} brackets: {Neil Armstrong}.

What is the name of the first person to walk on the moon?
Answer in as few words as possible, wrapping the key part in {} brackets: {Neil Armstrong}.

What is the name of the first person to walk on the moon?
Answer in",
258,"What word means relating to or situated on the back, especially of an animal?",Dorsal,"Back}.

What is the chemical symbol for silver?
Answer in as few words as possible, wrapping the key part in {} brackets: {Ag}.

What is the chemical symbol for iron?
Answer in as few words as possible, wrapping the key part in {} brackets: {Fe}.

What is the chemical symbol for copper?
Answer in as few words as possible, wrapping the key part in {} brackets: {Cu}.

",
259,"What is the last name of the author who wrote ""The Brothers Karamazov""?",Dostoyevsky,"Chekhov}.

What is the chemical symbol for silver?
Answer in as few words as possible, wrapping the key part in {} brackets: {Ag}.

What is the chemical symbol for iron?
Answer in as few words as possible, wrapping the key part in {} brackets: {Fe}.

What is the chemical symbol for copper?
Answer in as few words as possible, wrapping the key part in {} brackets: {Cu}.
",
260,What is the name of the obnoxious rooster in Warner Brothers cartoons?,Foghorn Leghorn,"Puss in Boots}.

What is the name of the famous 1980s American rock band?
Answer in as few words as possible, wrapping the key part in {} brackets: {The Ramones}.

What is the name of the famous 1980s American rock band?
Answer in as few words as possible, wrapping the key part in {} brackets: {The Ramones}.

What is the name of the famous",
261,Who is the lead singer of Limp Bizkit?,Fred Durst,"Tommy Lee}.

What is the name of the first person to walk on the moon?
Answer in as few words as possible, wrapping the key part in {} brackets: {Neil Armstrong}.

What is the name of the first person to walk on the moon?
Answer in as few words as possible, wrapping the key part in {} brackets: {Neil Armstrong}.

What is the name of the first person to walk on the moon?
Answer",
262,In 1984 Pres. Ronald Reagan won every state except one. Which one did he lose?,Minnesota,"California}.

What is the name of the first US President?
Answer in as few words as possible, wrapping the key part in {} brackets: {George Washington}.

What is the name of the first US President?
Answer in as few words as possible, wrapping the key part in {} brackets: {George Washington}.

What is the name of the first US President?
Answer in as few words as possible, wrapping the key part in {}",
263,What is the name of the man who removed the thorn from the lion's paw in the story from Aesop's fables?,Androcles,"Brer Rabbit}.

What is the name of the first person to walk on the moon?
Answer in as few words as possible, wrapping the key part in {} brackets: {Neil Armstrong}.

What is the name of the first person to walk on the moon?
Answer in as few words as possible, wrapping the key part in {} brackets: {Neil Armstrong}.

What is the name of the first person to walk on the moon?
Answer",
264,What is the last name of 1980 Olympic hopeful Randy Gardener's ice skating partner?,Babilonia,"Gardiner}.

What is the name of the 1980 Olympic gold medalist in the men's 100m sprint?
Answer in as few words as possible, wrapping the key part in {} brackets: {Usain Bolt}.

What is the name of the 1980 Olympic gold medalist in the women's 100m sprint?
Answer in as few words as possible, wrapping the key part in {} brackets",
265,What is the name of the formerly independent country north of Lithuania and Latvia that was absorbed into USSR?,Estonia,"Estonia}.

What is the name of the country that is the largest country in Europe?
Answer in as few words as possible, wrapping the key part in {} brackets: {Russia}.

What is the name of the country that is the largest country in the world?
Answer in as few words as possible, wrapping the key part in {} brackets: {Russia}.

What is the name of the country that is the largest country in Europe?
",
266,Who is the messenger of the gods in Greek mythology?,Hermes,"Hermes}.

What is the capital of France?
Answer in as few words as possible, wrapping the key part in {} brackets: {Paris}.

What is the chemical symbol for iron?
Answer in as few words as possible, wrapping the key part in {} brackets: {Fe}.

What is the chemical symbol for oxygen?
Answer in as few words as possible, wrapping the key part in {} brackets: {O}.

",
267,What is the name of the Chinese religion founded by Lao Tse?,Taoism,"Taoism}.

What is the name of the first person to walk on the moon?
Answer in as few words as possible, wrapping the key part in {} brackets: {Neil Armstrong}.

What is the name of the first person to walk on the moon?
Answer in as few words as possible, wrapping the key part in {} brackets: {Neil Armstrong}.

What is the name of the first person to walk on the moon?
Answer",
268,What was the name of Alexander Graham Bell's assistant?,Watson,"Thomas Watson}.

What is the name of the first person to walk on the moon?
Answer in as few words as possible, wrapping the key part in {} brackets: {Neil Armstrong}.

What is the name of the first person to walk on the moon?
Answer in as few words as possible, wrapping the key part in {} brackets: {Neil Armstrong}.

What is the name of the first person to walk on the moon?
Answer in",
269,What is a poem in which the first letters of each line spell a word?,An acrostic,"acrostic}.

What is the name of the first person to walk on the moon?
Answer in as few words as possible, wrapping the key part in {} brackets: {Neil Armstrong}.

What is the name of the first person to walk on the moon?
Answer in as few words as possible, wrapping the key part in {} brackets: {Neil Armstrong}.

What is the name of the first person to walk on the moon?
Answer",
270,What story is the first to feature Edgar Allan Poe's amateur detective C. Auguste Dupin?,Murders in the Rue Morgue,"The Murders in the Rue Morgue}.

What is the name of the first person to be killed by a shark?
Answer in as few words as possible, wrapping the key part in {} brackets: {Bruce Jenner}.

What is the name of the first person to be killed by a shark?
Answer in as few words as possible, wrapping the key part in {} brackets: {Bruce Jenner}.

What is the name of the first person to be",
271,Niels Bohr used quantum mechanics to describe which element?,Hydrogen,"Hydrogen}.

What is the chemical symbol for iron?
Answer in as few words as possible, wrapping the key part in {} brackets: {Fe}.

What is the chemical symbol for gold?
Answer in as few words as possible, wrapping the key part in {} brackets: {Au}.

What is the chemical symbol for iron?
Answer in as few words as possible, wrapping the key part in {} brackets: {Fe}.
",
272,What is the alternative name for the Sea of Cortez?,Gulf of California,"Gulf of California}.

What is the chemical symbol for silver?
Answer in as few words as possible, wrapping the key part in {} brackets: {Ag}.

What is the chemical symbol for iron?
Answer in as few words as possible, wrapping the key part in {} brackets: {Fe}.

What is the chemical symbol for copper?
Answer in as few words as possible, wrapping the key part in {} brackets: {Cu}.",
273,Ailurophobia is the fear of what?,Cats,"air travel}.

What is the name of the first person to walk on the moon?
Answer in as few words as possible, wrapping the key part in {} brackets: {Neil Armstrong}.

What is the name of the first person to walk on the moon?
Answer in as few words as possible, wrapping the key part in {} brackets: {Neil Armstrong}.

What is the name of the first person to walk on the moon?
Answer in",
274,"What is the last name of the composer who wrote the opera ""Don Giovanni?""",Mozart,"Mozart}.

What is the name of the first person to walk on the moon?
Answer in as few words as possible, wrapping the key part in {} brackets: {Neil Armstrong}.

What is the name of the first person to walk on the moon?
Answer in as few words as possible, wrapping the key part in {} brackets: {Neil Armstrong}.

What is the name of the first person to walk on the moon?
Answer in",
275,"What is the last name of the author of ""Our Town""?",Wilder,"Miller}.

What is the chemical symbol for silver?
Answer in as few words as possible, wrapping the key part in {} brackets: {Ag}.

What is the chemical symbol for iron?
Answer in as few words as possible, wrapping the key part in {} brackets: {Fe}.

What is the chemical symbol for copper?
Answer in as few words as possible, wrapping the key part in {} brackets: {Cu}.

",
276,"What word means to observe and offer unwanted advice or comment, especially at a card game?",Kibitz,"cheating}.

What is the name of the first person to walk on the moon?
Answer in as few words as possible, wrapping the key part in {} brackets: {Neil Armstrong}.

What is the name of the first person to walk on the moon?
Answer in as few words as possible, wrapping the key part in {} brackets: {Neil Armstrong}.

What is the name of the first person to walk on the moon?
Answer in",
277,What is the last name of the author of Jonathan Livingston Seagull?,Bach,"Livingston}.

What is the name of the first person to walk on the moon?
Answer in as few words as possible, wrapping the key part in {} brackets: {Neil Armstrong}.

What is the name of the first person to walk on the moon?
Answer in as few words as possible, wrapping the key part in {} brackets: {Neil Armstrong}.

What is the name of the first person to walk on the moon?
Answer in",
278,Who invented flexible photographic film?,George Eastman,"Frederick Ives}.

What is the name of the first person to walk on the moon?
Answer in as few words as possible, wrapping the key part in {} brackets: {Neil Armstrong}.

What is the name of the first person to walk on the moon?
Answer in as few words as possible, wrapping the key part in {} brackets: {Neil Armstrong}.

What is the name of the first person to walk on the moon?
Answer in",
279,"Who said ""You'd be surprised how much it costs to look this cheap?""",Dolly Parton,"John Lennon}.

What is the name of the first person to walk on the moon?
Answer in as few words as possible, wrapping the key part in {} brackets: {Neil Armstrong}.

What is the name of the first person to walk on the moon?
Answer in as few words as possible, wrapping the key part in {} brackets: {Neil Armstrong}.

What is the name of the first person to walk on the moon?
Answer in",
280,Which Egyptian god was often represented as a falcon?,Horus,"Horus}.

What is the name of the largest planet in our solar system?
Answer in as few words as possible, wrapping the key part in {} brackets: {Jupiter}.

What is the name of the largest ocean on Earth?
Answer in as few words as possible, wrapping the key part in {} brackets: {Pacific Ocean}.

What is the name of the largest city in the United States?
Answer in as few words as possible,",
281,What is U2 singer Bono's real name?,Paul Hewson,"The Edge}.

What is the name of the first person to walk on the moon?
Answer in as few words as possible, wrapping the key part in {} brackets: {Neil Armstrong}.

What is the name of the first person to walk on the moon?
Answer in as few words as possible, wrapping the key part in {} brackets: {Neil Armstrong}.

What is the name of the first person to walk on the moon?
Answer in",
282,In which city does the Cotton Bowl take place?,Dallas,"Dallas}.

What is the name of the first person to walk on the moon?
Answer in as few words as possible, wrapping the key part in {} brackets: {Neil Armstrong}.

What is the name of the first person to walk on the moon?
Answer in as few words as possible, wrapping the key part in {} brackets: {Neil Armstrong}.

What is the name of the first person to walk on the moon?
Answer in as",
283,What is the capital of Australia?,Canberra,"Canberra}.

What is the chemical symbol for iron?
Answer in as few words as possible, wrapping the key part in {} brackets: {Fe}.

What is the chemical symbol for oxygen?
Answer in as few words as possible, wrapping the key part in {} brackets: {O}.

What is the chemical symbol for carbon?
Answer in as few words as possible, wrapping the key part in {} brackets: {C}.
",
284,What do you call a secret agreement or pact (as between lovers)?,Tryst,"romance}.

What is the name of the first person to walk on the moon?
Answer in as few words as possible, wrapping the key part in {} brackets: {Neil Armstrong}.

What is the name of the first person to walk on the moon?
Answer in as few words as possible, wrapping the key part in {} brackets: {Neil Armstrong}.

What is the name of the first person to walk on the moon?
Answer in",
285,"What was the name of the capital of the Aztec empire, which was located where Mexico City is today?",Tenochtitlan,"Tenochtitlan}.

What is the name of the largest city in the United States?
Answer in as few words as possible, wrapping the key part in {} brackets: {New York City}.

What is the name of the largest country in the world?
Answer in as few words as possible, wrapping the key part in {} brackets: {Russia}.

What is the name of the largest ocean in the world?
Answer in as few words",
286,What do you call a law that gives exclusive right of inheritance to the eldest son?,Primogeniture,"Paternal Succession}.

What is the chemical symbol for silver?
Answer in as few words as possible, wrapping the key part in {} brackets: {Ag}.

What is the chemical symbol for iron?
Answer in as few words as possible, wrapping the key part in {} brackets: {Fe}.

What is the chemical symbol for copper?
Answer in as few words as possible, wrapping the key part in {} brackets: {Cu}.",
287,Which lawyer and presidential adviser in 1969 became the only Supreme Court justice to resign under threat of impeachment?,Abe Fortas,"Robert Bork}.

What is the name of the first person to walk on the moon?
Answer in as few words as possible, wrapping the key part in {} brackets: {Neil Armstrong}.

What is the name of the first person to walk on the moon?
Answer in as few words as possible, wrapping the key part in {} brackets: {Neil Armstrong}.

What is the name of the first person to walk on the moon?
Answer in",
288,Who was the first ruler of the Holy Roman Empire?,Charlemagne,"Frederick Barbarossa}.

What is the chemical symbol for silver?
Answer in as few words as possible, wrapping the key part in {} brackets: {Ag}.

What is the chemical symbol for iron?
Answer in as few words as possible, wrapping the key part in {} brackets: {Fe}.

What is the chemical symbol for copper?
Answer in as few words as possible, wrapping the key part in {} brackets: {Cu}.",
289,"What is the national park in Utah, northeast of Zion, which is famous for the rock formations in its canyon?",Bryce,"Bryce Canyon National Park}.

What is the name of the first person to walk on the moon?
Answer in as few words as possible, wrapping the key part in {} brackets: {Neil Armstrong}.

What is the name of the first person to walk on the moon?
Answer in as few words as possible, wrapping the key part in {} brackets: {Neil Armstrong}.

What is the name of the first person to walk on the moon?",
290,What is the last name of the criminal who was killed by FBI agents outside of a Chicago movie theater?,Dillinger,"O'Brien}.

What is the name of the 1980s American sitcom about a family of five?
Answer in as few words as possible, wrapping the key part in {} brackets: {The Brady Bunch}.

What is the name of the 1980s American sitcom about a family of five?
Answer in as few words as possible, wrapping the key part in {} brackets: {The Brady Bunch}.

What is",
291,What is the name of the instrument used to measure wind speed?,Anemometer,"Anemometer}.

What is the name of the largest planet in our solar system?
Answer in as few words as possible, wrapping the key part in {} brackets: {Jupiter}.

What is the name of the largest ocean on Earth?
Answer in as few words as possible, wrapping the key part in {} brackets: {Pacific Ocean}.

What is the name of the largest city in the United States?
Answer in as few words as possible",
292,"What is the last name of the singer who made a hit recording of the song ""Who's Sorry Now?""",Francis,"Taylor}.

What is the name of the first person to be elected President of the United States?
Answer in as few words as possible, wrapping the key part in {} brackets: {George Washington}.

What is the name of the first person to be elected President of the United States?
Answer in as few words as possible, wrapping the key part in {} brackets: {George Washington}.

What is the name of the first person to be elected President",
293,Who designed Central Park in New York City?,Frederick Law Olmstead,"Frederick Law Olmsted}.

What is the capital of France?
Answer in as few words as possible, wrapping the key part in {} brackets: {Paris}.

What is the chemical symbol for iron?
Answer in as few words as possible, wrapping the key part in {} brackets: {Fe}.

What is the chemical symbol for silver?
Answer in as few words as possible, wrapping the key part in {} brackets: {Ag}.",
294,The Mayan and Aztec peoples used cocoa beans not only to make a delicious beverage but also as...?,Currency,"medicine}.

What is the chemical symbol for iron?
Answer in as few words as possible, wrapping the key part in {} brackets: {Fe}.

What is the chemical symbol for silver?
Answer in as few words as possible, wrapping the key part in {} brackets: {Ag}.

What is the chemical symbol for copper?
Answer in as few words as possible, wrapping the key part in {} brackets: {Cu}.

",
295,Which Bronte sister died of tuberculosis in 1848 and was famously buried in a coffin that was a meager 16 inches (41 cm) wide?,Emily,"Emily}.

What is the name of the 1980s American sitcom about a family of five?
Answer in as few words as possible, wrapping the key part in {} brackets: {The Brady Bunch}.

What is the name of the 1980s American sitcom about a family of five?
Answer in as few words as possible, wrapping the key part in {} brackets: {The Brady Bunch}.

What is the name",
296,What breed of dog is known for making a yodeling noise instead of barking?,Basenji,"Yorkshire Terrier}.

What is the name of the first person to walk on the moon?
Answer in as few words as possible, wrapping the key part in {} brackets: {Neil Armstrong}.

What is the name of the first person to walk on the moon?
Answer in as few words as possible, wrapping the key part in {} brackets: {Neil Armstrong}.

What is the name of the first person to walk on the moon?
Answer",
297,What was author George Eliot's real name?,Mary Ann Evans,"George Eliot}.

What is the chemical symbol for silver?
Answer in as few words as possible, wrapping the key part in {} brackets: {Ag}.

What is the chemical symbol for iron?
Answer in as few words as possible, wrapping the key part in {} brackets: {Fe}.

What is the chemical symbol for copper?
Answer in as few words as possible, wrapping the key part in {} brackets: {Cu}.
",
298,In what geological period did birds evolve?,Jurassic,"Jurassic}.

What is the name of the first person to walk on the moon?
Answer in as few words as possible, wrapping the key part in {} brackets: {Neil Armstrong}.

What is the name of the first person to walk on the moon?
Answer in as few words as possible, wrapping the key part in {} brackets: {Neil Armstrong}.

What is the name of the first person to walk on the moon?
Answer in",
299,Polo consists of 8 periods called what?,Chukkers,"Polo periods}.

What is the name of the first person to walk on the moon?
Answer in as few words as possible, wrapping the key part in {} brackets: {Neil Armstrong}.

What is the name of the first person to walk on the moon?
Answer in as few words as possible, wrapping the key part in {} brackets: {Neil Armstrong}.

What is the name of the first person to walk on the moon?
Answer",
300,With which band was David Johansen the lead singer?,The New York Dolls,"Metallica}.

What is the name of the first person to walk on the moon?
Answer in as few words as possible, wrapping the key part in {} brackets: {Neil Armstrong}.

What is the name of the first person to walk on the moon?
Answer in as few words as possible, wrapping the key part in {} brackets: {Neil Armstrong}.

What is the name of the first person to walk on the moon?
Answer",
301,What does a philomath have a love for?,Learning,"philosophy}.

What is the chemical symbol for silver?
Answer in as few words as possible, wrapping the key part in {} brackets: {Ag}.

What is the chemical symbol for iron?
Answer in as few words as possible, wrapping the key part in {} brackets: {Fe}.

What is the chemical symbol for copper?
Answer in as few words as possible, wrapping the key part in {} brackets: {Cu}.
",
302,What was the title of Dr. Seuss' first book?,And to Think That I Saw It on Mulberry Street,"The Cat in the Hat}.

What is the capital of France?
Answer in as few words as possible, wrapping the key part in {} brackets: {Paris}.

What is the chemical symbol for iron?
Answer in as few words as possible, wrapping the key part in {} brackets: {Fe}.

What is the chemical symbol for oxygen?
Answer in as few words as possible, wrapping the key part in {} brackets: {O",
303,What was the name of George of the Jungle's pet elephant?,Shep,"Bambi}.

What is the name of the first person to walk on the moon?
Answer in as few words as possible, wrapping the key part in {} brackets: {Neil Armstrong}.

What is the name of the first person to walk on the moon?
Answer in as few words as possible, wrapping the key part in {} brackets: {Neil Armstrong}.

What is the name of the first person to walk on the moon?
Answer in",
304,What word means the form of something in the form of a spiral or coil?,Helix,"spiral}.

What is the name of the largest planet in our solar system?
Answer in as few words as possible, wrapping the key part in {} brackets: {Jupiter}.

What is the name of the largest ocean on Earth?
Answer in as few words as possible, wrapping the key part in {} brackets: {Pacific Ocean}.

What is the name of the largest city in the United States?
Answer in as few words as possible,",
305,What do you call a verb that does not take a direct object?,Intransitive,"intransitive}.

What is the chemical symbol for silver?
Answer in as few words as possible, wrapping the key part in {} brackets: {Ag}.

What is the chemical symbol for iron?
Answer in as few words as possible, wrapping the key part in {} brackets: {Fe}.

What is the chemical symbol for copper?
Answer in as few words as possible, wrapping the key part in {} brackets: {Cu}.",
306,What is the last name of the candidate who ran as an independent against Reagan and Carter in 1980?,Anderson,"George H.W. Bush}.

What is the name of the first person to be elected President of the United States?
Answer in as few words as possible, wrapping the key part in {} brackets: {George Washington}.

What is the name of the first President of the United States?
Answer in as few words as possible, wrapping the key part in {} brackets: {George Washington}.

What is the name of the first President of the United",
307,What is the name of the brightest star in the sky excluding the sun?,Sirius,"Sirius}.

What is the name of the largest planet in our solar system?
Answer in as few words as possible, wrapping the key part in {} brackets: {Jupiter}.

What is the name of the largest ocean on Earth?
Answer in as few words as possible, wrapping the key part in {} brackets: {Pacific Ocean}.

What is the name of the largest country in the world?
Answer in as few words as possible, wrapping",
308,What is the last name of the doctor who performed the first successful human heart transplant?,Barnard,"Livingston}.

What is the name of the first person to walk on the moon?
Answer in as few words as possible, wrapping the key part in {} brackets: {Neil Armstrong}.

What is the name of the first person to walk on the moon?
Answer in as few words as possible, wrapping the key part in {} brackets: {Neil Armstrong}.

What is the name of the first person to walk on the moon?
Answer in",
309,What mythical creature did Perseus kill?,Medusa,"Medusa}.

What is the name of the first person to walk on the moon?
Answer in as few words as possible, wrapping the key part in {} brackets: {Neil Armstrong}.

What is the name of the first person to walk on the moon?
Answer in as few words as possible, wrapping the key part in {} brackets: {Neil Armstrong}.

What is the name of the first person to walk on the moon?
Answer in",
310,Who was the greatest poet of Russia's golden age?,Alexander Pushkin,"Alexander Pushkin}.

What is the name of the first person to walk on the moon?
Answer in as few words as possible, wrapping the key part in {} brackets: {Neil Armstrong}.

What is the name of the first person to walk on the moon?
Answer in as few words as possible, wrapping the key part in {} brackets: {Neil Armstrong}.

What is the name of the first person to walk on the moon?
Answer",
311,"Who wrote the ""Threepenny Opera""?",Bertolt Brecht,"Bertolt Brecht}.

What is the capital of France?
Answer in as few words as possible, wrapping the key part in {} brackets: {Paris}.

What is the chemical symbol for iron?
Answer in as few words as possible, wrapping the key part in {} brackets: {Fe}.

What is the chemical symbol for oxygen?
Answer in as few words as possible, wrapping the key part in {} brackets: {O}.
",
312,What was the first product to have a barcode?,Wrigley gum,"Post-it Notes}.

What is the chemical symbol for silver?
Answer in as few words as possible, wrapping the key part in {} brackets: {Ag}.

What is the chemical symbol for iron?
Answer in as few words as possible, wrapping the key part in {} brackets: {Fe}.

What is the chemical symbol for copper?
Answer in as few words as possible, wrapping the key part in {} brackets: {Cu",
313,In which Cleveland suburb did actor Paul Newman grow up?,Shaker Heights,"North Olmsted}.

What is the name of the first person to walk on the moon?
Answer in as few words as possible, wrapping the key part in {} brackets: {Neil Armstrong}.

What is the name of the first person to walk on the moon?
Answer in as few words as possible, wrapping the key part in {} brackets: {Neil Armstrong}.

What is the name of the first person to walk on the moon?
Answer",
314,"The term ""op-ed"" is a shortened form of which phrase?",Opposite the editorial page,"opinion editorial}.

What is the name of the first person to walk on the moon?
Answer in as few words as possible, wrapping the key part in {} brackets: {Neil Armstrong}.

What is the name of the first person to walk on the moon?
Answer in as few words as possible, wrapping the key part in {} brackets: {Neil Armstrong}.

What is the name of the first person to walk on the moon?
Answer in",
315,What was the last name of Billy the Kid?,Bonney,"Billy the Kid}.

What is the chemical symbol for silver?
Answer in as few words as possible, wrapping the key part in {} brackets: {Ag}.

What is the chemical symbol for iron?
Answer in as few words as possible, wrapping the key part in {} brackets: {Fe}.

What is the chemical symbol for copper?
Answer in as few words as possible, wrapping the key part in {} brackets: {Cu}.",
316,"From what musical is the song ""Baubles Bangles And Beads""?",Kismet,"The Sound of Music}.

What is the name of the first person to walk on the moon?
Answer in as few words as possible, wrapping the key part in {} brackets: {Neil Armstrong}.

What is the name of the first person to walk on the moon?
Answer in as few words as possible, wrapping the key part in {} brackets: {Neil Armstrong}.

What is the name of the first person to walk on the moon?
",
317,What word means lasting only a very brief time?,Ephemeral,"transient}.

What is the name of the first person to walk on the moon?
Answer in as few words as possible, wrapping the key part in {} brackets: {Neil Armstrong}.

What is the name of the first person to walk on the moon?
Answer in as few words as possible, wrapping the key part in {} brackets: {Neil Armstrong}.

What is the name of the first person to walk on the moon?
Answer in as",
318,"What is the name of Ulysses Everett McGill's hair pomade of choice in ""O Brother Where Art Thou""?",Dapper Dan,"O'Reilly}.

What is the name of the character who is the main antagonist in ""The Lord of the Rings""?
Answer in as few words as possible, wrapping the key part in {} brackets: {Gollum}.

What is the name of the character who is the main antagonist in ""The Lord of the Rings""?
Answer in as few words as possible, wrapping the key part in {} brackets: {Gollum}.

What is",
319,What philosopher was imprisoned by the British government in 1918 for campaigning against war and conscription?,Bertrand Russell,"Eric Arthur Blair}.

What is the name of the first person to be awarded the Nobel Prize in Literature?
Answer in as few words as possible, wrapping the key part in {} brackets: {Rudolf Steiner}.

What is the name of the first person to be awarded the Nobel Prize in Physics?
Answer in as few words as possible, wrapping the key part in {} brackets: {Max Planck}.

What is the name of the first person to",
320,The theme tune for 'Monty Python's Flying Circus' was written by which composer?,John Philip Sousa,"Terry Jones}.

What is the name of the first person to walk on the moon?
Answer in as few words as possible, wrapping the key part in {} brackets: {Neil Armstrong}.

What is the name of the first person to walk on the moon?
Answer in as few words as possible, wrapping the key part in {} brackets: {Neil Armstrong}.

What is the name of the first person to walk on the moon?
Answer in",
321,What is a chord consisting of three tones of a diatonic scale called?,Triad,"Tritone}.

What is the name of the largest planet in our solar system?
Answer in as few words as possible, wrapping the key part in {} brackets: {Jupiter}.

What is the name of the largest ocean on Earth?
Answer in as few words as possible, wrapping the key part in {} brackets: {Pacific Ocean}.

What is the name of the largest city in the United States?
Answer in as few words as possible",
322,What was the name of the U.S. surveillance ship that was attacked by North Vietnam in the Gulf of Tonkin?,USS Maddox,"USS Thresher}.

What is the name of the U.S. military base in Hawaii?
Answer in as few words as possible, wrapping the key part in {} brackets: {Joint Base Pearl Harbor-Hickam}.

What is the name of the U.S. military base in Alaska?
Answer in as few words as possible, wrapping the key part in {} brackets: {Joint Base King Kamehameha III}.

What is the",
323,What do A. E. Housman's initials stand for?,Alfred Edward,"A. E. Housman's initials stand for ""Alfred Edward Housman""}.

What is the name of the first person to walk on the moon?
Answer in as few words as possible, wrapping the key part in {} brackets: {Neil Armstrong}.

What is the name of the first person to walk on the moon?
Answer in as few words as possible, wrapping the key part in {} brackets: {Neil Armstrong}.

What",
324,"In which film did Doris Day sing the Oscar winning song ""Secret Love""?",Calamity Jane,"1956}.

What is the name of the first person to walk on the moon?
Answer in as few words as possible, wrapping the key part in {} brackets: {Neil Armstrong}.

What is the name of the first person to walk on the moon?
Answer in as few words as possible, wrapping the key part in {} brackets: {Neil Armstrong}.

What is the name of the first person to walk on the moon?
",
325,Which first lady initiated the Easter egg roll on the White House lawn?,Lucy Hayes,"Jacqueline Kennedy}.

What is the chemical symbol for silver?
Answer in as few words as possible, wrapping the key part in {} brackets: {Ag}.

What is the chemical symbol for iron?
Answer in as few words as possible, wrapping the key part in {} brackets: {Fe}.

What is the chemical symbol for copper?
Answer in as few words as possible, wrapping the key part in {} brackets: {Cu}.",
326,"Who is the author of ""Ozymandias""?",Percy Bysshe Shelley,"Lord Byron}.

What is the capital of France?
Answer in as few words as possible, wrapping the key part in {} brackets: {Paris}.

What is the chemical symbol for iron?
Answer in as few words as possible, wrapping the key part in {} brackets: {Fe}.

What is the chemical symbol for oxygen?
Answer in as few words as possible, wrapping the key part in {} brackets: {O}.

",
327,What is LL Cool J.'s real name?,James Todd Smith,"Louis Joseph Jackson}.

What is the name of the first person to walk on the moon?
Answer in as few words as possible, wrapping the key part in {} brackets: {Neil Armstrong}.

What is the name of the first person to walk on the moon?
Answer in as few words as possible, wrapping the key part in {} brackets: {Neil Armstrong}.

What is the name of the first person to walk on the moon?
Answer",
328,Aldebaran is the brightest star in which constellation?,Taurus,"Scorpio}.

What is the name of the largest planet in our solar system?
Answer in as few words as possible, wrapping the key part in {} brackets: {Jupiter}.

What is the name of the largest ocean on Earth?
Answer in as few words as possible, wrapping the key part in {} brackets: {Pacific Ocean}.

What is the name of the largest city in the United States?
Answer in as few words as possible,",
329,What do you call a solemn declaration made by a person who conscientiously declines taking an oath?,Affirmation,"nullity}.

What is the name of the first person to be elected President of the United States?
Answer in as few words as possible, wrapping the key part in {} brackets: {George Washington}.

What is the name of the first person to be elected President of the United States?
Answer in as few words as possible, wrapping the key part in {} brackets: {George Washington}.

What is the name of the first person to be elected",
330,Who assassinated Mohandas Gandhi?,A Hindu nationalist,"Arvind Kejriwal}.

What is the name of the first person to walk on the moon?
Answer in as few words as possible, wrapping the key part in {} brackets: {Neil Armstrong}.

What is the name of the first person to walk on the moon?
Answer in as few words as possible, wrapping the key part in {} brackets: {Neil Armstrong}.

What is the name of the first person to walk on the moon?
",
331,What were the first tennis racket strings made of?,Sheep gut,"gut}.

What is the chemical symbol for gold?
Answer in as few words as possible, wrapping the key part in {} brackets: {Au}.

What is the chemical symbol for gold?
Answer in as few words as possible, wrapping the key part in {} brackets: {Au}.

What is the chemical symbol for gold?
Answer in as few words as possible, wrapping the key part in {} brackets: {Au}.

",
332,Myosotis is the latin name for which type of flower?,Forget-Me-Not,"Myosotis}.

What is the chemical symbol for gold?
Answer in as few words as possible, wrapping the key part in {} brackets: {Au}.

What is the chemical symbol for gold?
Answer in as few words as possible, wrapping the key part in {} brackets: {Au}.

What is the chemical symbol for gold?
Answer in as few words as possible, wrapping the key part in {} brackets: {Au}.",
333,What is the world governing body of tennis?,International Tennis Federation,"WTO}.

What is the chemical symbol for silver?
Answer in as few words as possible, wrapping the key part in {} brackets: {Ag}.

What is the chemical symbol for iron?
Answer in as few words as possible, wrapping the key part in {} brackets: {Fe}.

What is the chemical symbol for copper?
Answer in as few words as possible, wrapping the key part in {} brackets: {Cu}.
",
334,"Who was the lead vocalist for 'The Dakotas' during the 1960s?""",Billy J. Kramer,"The Dakotas}.

What is the name of the first person to walk on the moon?
Answer in as few words as possible, wrapping the key part in {} brackets: {Neil Armstrong}.

What is the name of the first person to walk on the moon?
Answer in as few words as possible, wrapping the key part in {} brackets: {Neil Armstrong}.

What is the name of the first person to walk on the moon?
Answer",
335,Where were the 1952 Olympics held?,Helsinki,"London}.

What is the name of the first person to walk on the moon?
Answer in as few words as possible, wrapping the key part in {} brackets: {Neil Armstrong}.

What is the name of the first person to walk on the moon?
Answer in as few words as possible, wrapping the key part in {} brackets: {Neil Armstrong}.

What is the name of the first person to walk on the moon?
Answer in as",
336,The 1912 Summer Olympics were held in what city?,Stockholm,"Stockholm}.

What is the capital of France?
Answer in as few words as possible, wrapping the key part in {} brackets: {Paris}.

What is the chemical symbol for iron?
Answer in as few words as possible, wrapping the key part in {} brackets: {Fe}.

What is the chemical symbol for silver?
Answer in as few words as possible, wrapping the key part in {} brackets: {Ag}.

",
337,"W. Somerset Maugham's 1919 novel ""The Moon and Sixpence"" is based on the life of what artist?",Paul Gauguin,"Oscar Wilde}.

What is the name of the 1920s American jazz band that included Louis Armstrong?
Answer in as few words as possible, wrapping the key part in {} brackets: {The Original Dixieland Jass Band}.

What is the name of the 1920s American jazz band that included Louis Armstrong?
Answer in as few words as possible, wrapping the key part in {} brackets: {The Original Dixieland J",
338,In which city is the Encyclopedia Britannica published?,Chicago,"Chicago}.

What is the chemical symbol for iron?
Answer in as few words as possible, wrapping the key part in {} brackets: {Fe}.

What is the chemical symbol for gold?
Answer in as few words as possible, wrapping the key part in {} brackets: {Au}.

What is the chemical symbol for iron?
Answer in as few words as possible, wrapping the key part in {} brackets: {Fe}.

",
339,Who discovered the law of electrolysis?,Michael Faraday,Michael Faraday},
340,"Which French author's novel ""Germinal"" depicts life in a mining community?",Emile Zola,"Émile Zola}.

What is the name of the first person to walk on the moon?
Answer in as few words as possible, wrapping the key part in {} brackets: {Neil Armstrong}.

What is the name of the first person to walk on the moon?
Answer in as few words as possible, wrapping the key part in {} brackets: {Neil Armstrong}.

What is the name of the first person to walk on the moon?
Answer",
341,What was the most played song on the radio in the United States during the 20th century?,You've Lost That Lovin' Feelin',"“I Want to Know What the...

What is the chemical symbol for gold?
Answer in as few words as possible, wrapping the key part in {} brackets: The chemical symbol for gold is {Au}.

What is the chemical symbol for gold?
Answer in as few words as possible, wrapping the key part in {} brackets: The chemical symbol for gold is {Au}.

What is the chemical symbol for gold?
Answer in as few",
342,What is Australia's highest mountain?,Mount Kosciuszko,"Mount Kosciuszko}.

What is the capital of France?
Answer in as few words as possible, wrapping the key part in {} brackets: {Paris}.

What is the chemical symbol for iron?
Answer in as few words as possible, wrapping the key part in {} brackets: {Fe}.

What is the chemical symbol for oxygen?
Answer in as few words as possible, wrapping the key part in {} brackets: {O",
343,Tony Drago is a snooker professional from which country?,Malta,"England}.

What is the name of the first person to walk on the moon?
Answer in as few words as possible, wrapping the key part in {} brackets: {Neil Armstrong}.

What is the name of the first person to walk on the moon?
Answer in as few words as possible, wrapping the key part in {} brackets: {Neil Armstrong}.

What is the name of the first person to walk on the moon?
Answer in as",
344,Who was the first person to admit to practicing witchcraft in Salem?,Tituba,"Rebecca Nurse}.

What is the name of the first person to be elected President of the United States?
Answer in as few words as possible, wrapping the key part in {} brackets: {George Washington}.

What is the name of the first person to be elected President of the United States?
Answer in as few words as possible, wrapping the key part in {} brackets: {George Washington}.

What is the name of the first person to be elected",
345,"What is the last name of the artist who painted ""The Persistence of Memory""?",Dali,"Picasso}.

What is the capital of France?
Answer in as few words as possible, wrapping the key part in {} brackets: {Paris}.

What is the chemical symbol for iron?
Answer in as few words as possible, wrapping the key part in {} brackets: {Fe}.

What is the chemical symbol for oxygen?
Answer in as few words as possible, wrapping the key part in {} brackets: {O}.

",
346,"What is the last name of the author of ""The Agony and the Ecstasy""?",Stone,"O'Hara}.

What is the chemical symbol for silver?
Answer in as few words as possible, wrapping the key part in {} brackets: {Ag}.

What is the chemical symbol for iron?
Answer in as few words as possible, wrapping the key part in {} brackets: {Fe}.

What is the chemical symbol for copper?
Answer in as few words as possible, wrapping the key part in {} brackets: {Cu}.",
347,What word means to deposit (something valuable) as a security for money borrowed?,Pawn,"Lender's guarantee}.

What is the chemical symbol for gold?
Answer in as few words as possible, wrapping the key part in {} brackets: {Au}.

What is the chemical symbol for gold?
Answer in as few words as possible, wrapping the key part in {} brackets: {Au}.

What is the chemical symbol for gold?
Answer in as few words as possible, wrapping the key part in {} brackets: {",
348,Jockey Lester Piggott served 3 years in prison for what crime?,Tax evasion,"stealing a horse}.

What is the name of the first person to walk on the moon?
Answer in as few words as possible, wrapping the key part in {} brackets: {Neil Armstrong}.

What is the name of the first person to walk on the moon?
Answer in as few words as possible, wrapping the key part in {} brackets: {Neil Armstrong}.

What is the name of the first person to walk on the moon?
Answer",
349,What is the capital of Guinea-Bissau?,Bissau,"Bissau}.

What is the chemical symbol for gold?
Answer in as few words as possible, wrapping the key part in {} brackets: {Au}.

What is the chemical symbol for gold?
Answer in as few words as possible, wrapping the key part in {} brackets: {Au}.

What is the chemical symbol for gold?
Answer in as few words as possible, wrapping the key part in {} brackets: {Au}.
",
350,"Who patented a burglar proof lock described as ""magic and infallible""?",Linus Yale,"Sir Hiram Maxim}.

What is the chemical symbol for silver?
Answer in as few words as possible, wrapping the key part in {} brackets: {Ag}.

What is the chemical symbol for iron?
Answer in as few words as possible, wrapping the key part in {} brackets: {Fe}.

What is the chemical symbol for copper?
Answer in as few words as possible, wrapping the key part in {} brackets: {Cu}.",
351,What was the first graphical browser for the World Wide Web?,Mosaic,"Netscape Navigator}.

What is the chemical symbol for silver?
Answer in as few words as possible, wrapping the key part in {} brackets: {Ag}.

What is the chemical symbol for iron?
Answer in as few words as possible, wrapping the key part in {} brackets: {Fe}.

What is the chemical symbol for copper?
Answer in as few words as possible, wrapping the key part in {} brackets: {Cu}.",
352,What is Spike Milligan's real first name?,Terence,"Spike}.

What is the name of the first person to be elected President of the United States?
Answer in as few words as possible, wrapping the key part in {} brackets: {George Washington}.

What is the name of the first person to be elected President of the United States?
Answer in as few words as possible, wrapping the key part in {} brackets: {George Washington}.

What is the name of the first person to be elected President",
353,"Who was the famous actor who played the Swedish Chef's uncle in an episode of ""The Muppet Show""?",Danny Kaye,"David Hyde Pierce}.

What is the name of the famous American singer who was born in 1946?
Answer in as few words as possible, wrapping the key part in {} brackets: {Elvis Presley}.

What is the name of the famous American singer who was born in 1946?
Answer in as few words as possible, wrapping the key part in {} brackets: {Elvis Presley}.

What is the name of the",
354,Who became Archbishop of Canterbury in 1980?,Robert Runcie,"John Simpson}.

What is the name of the first person to walk on the moon?
Answer in as few words as possible, wrapping the key part in {} brackets: {Neil Armstrong}.

What is the name of the first person to walk on the moon?
Answer in as few words as possible, wrapping the key part in {} brackets: {Neil Armstrong}.

What is the name of the first person to walk on the moon?
Answer in",
355,What opera by Giacomo Puccini was left unfinished at his death?,Turandot,"Madama Butterfly}.

What is the name of the first person to walk on the moon?
Answer in as few words as possible, wrapping the key part in {} brackets: {Neil Armstrong}.

What is the name of the first person to walk on the moon?
Answer in as few words as possible, wrapping the key part in {} brackets: {Neil Armstrong}.

What is the name of the first person to walk on the moon?
Answer",
356,Which Cleveland mayor was the first African American mayor of a major U.S. city?,Carl Stokes,"John C. Thompson}.

What is the name of the first U.S. president to be assassinated?
Answer in as few words as possible, wrapping the key part in {} brackets: {James A. Garfield}.

What is the name of the first U.S. president to be assassinated?
Answer in as few words as possible, wrapping the key part in {} brackets: {James A. Garfield}.

What is the name of the first",
357,What is the largest known butterfly?,Queen Alexandra's Birdwing,"Giant Swallowtail}.

What is the capital of France?
Answer in as few words as possible, wrapping the key part in {} brackets: {Paris}.

What is the largest country in the world?
Answer in as few words as possible, wrapping the key part in {} brackets: {Russia}.

What is the largest city in the world?
Answer in as few words as possible, wrapping the key part in {} brackets: {Tokyo",
358,Who ruled Jerusalem from 1099 to 1187 CE?,European Crusaders,Jerusalem},
359,Name the title character of a popular rap-themed video game that was originally released on the Sony PlayStation in 1996.,PaRappa the Rapper,"Street Fighter}.

What is the name of the first person to be elected as the President of the United States?
Answer in as few words as possible, wrapping the key part in {} brackets: {George Washington}.

What is the name of the first person to be elected as the President of the United States?
Answer in as few words as possible, wrapping the key part in {} brackets: {George Washington}.

What is the name of the first",
360,What was the first rap song to hit number one on the Billboard Hot 100 chart?,Ice Ice Baby,"""The Message"" by Grandmaster Flash and the Furious Five}.

What is the capital of France?
Answer in as few words as possible, wrapping the key part in {} brackets: {Paris}.

What is the chemical symbol for iron?
Answer in as few words as possible, wrapping the key part in {} brackets: {Fe}.

What is the chemical symbol for oxygen?
Answer in as few words as possible, wrapping the key part in ",
361,Which British city was named Deva by the Romans?,Chester,"London}.

What is the name of the first person to walk on the moon?
Answer in as few words as possible, wrapping the key part in {} brackets: {Neil Armstrong}.

What is the name of the first person to walk on the moon?
Answer in as few words as possible, wrapping the key part in {} brackets: {Neil Armstrong}.

What is the name of the first person to walk on the moon?
Answer in as",
362,"Who wrote the 1859 novel ""Oblomov"" whose lazy and daydreaming titular character satirizes the contemporary Russian nobility?",Ivan Goncharov,"Fyodor Dostoevsky}.

What is the name of the 1980s American sitcom about a family of five?
Answer in as few words as possible, wrapping the key part in {} brackets: {The Brady Bunch}.

What is the name of the 1980s American sitcom about a family of five?
Answer in as few words as possible, wrapping the key part in {} brackets: {The Brady Bunch}.

",
363,The ice-cream cone originates from what American state?),Missouri,"California}.

What is the name of the first person to walk on the moon?
Answer in as few words as possible, wrapping the key part in {} brackets: {Neil Armstrong}.

What is the name of the first person to walk on the moon?
Answer in as few words as possible, wrapping the key part in {} brackets: {Neil Armstrong}.

What is the name of the first person to walk on the moon?
Answer in as",
364,What does a brandophile collect?,Cigar bands,"Collects rare and valuable brands}.

What is the chemical symbol for gold?
Answer in as few words as possible, wrapping the key part in {} brackets: {Au}.

What is the chemical symbol for gold?
Answer in as few words as possible, wrapping the key part in {} brackets: {Au}.

What is the chemical symbol for gold?
Answer in as few words as possible, wrapping the key part in {} brackets: ",
365,Which baseball player holds the record for most professional hits across all baseball leagues?,Ichiro Suzuki,"Hank Aaron}.

What is the capital of France?
Answer in as few words as possible, wrapping the key part in {} brackets: {Paris}.

What is the chemical symbol for silver?
Answer in as few words as possible, wrapping the key part in {} brackets: {Ag}.

What is the chemical symbol for iron?
Answer in as few words as possible, wrapping the key part in {} brackets: {Fe}.

",
366,Who received the 1951 Nobel prize in physics?,Ernest Walton,"Ernest Rutherford}.

What is the chemical symbol for iron?
Answer in as few words as possible, wrapping the key part in {} brackets: {Fe}.

What is the chemical symbol for silver?
Answer in as few words as possible, wrapping the key part in {} brackets: {Ag}.

What is the chemical symbol for copper?
Answer in as few words as possible, wrapping the key part in {} brackets: {Cu}.
",
367,What is the name for Earth on the Little Prince's planet?,Asteroid MU-330,"Bermuda].

What is the name of the first person to walk on the moon?
Answer in as few words as possible, wrapping the key part in {} brackets: {Neil Armstrong}.

What is the name of the first person to walk on the moon?
Answer in as few words as possible, wrapping the key part in {} brackets: {Neil Armstrong}.

What is the name of the first person to walk on the moon?
Answer",
368,What is the name given to the short tail of a rabbit?,Scut,"Hindfoot}.

What is the name of the largest city in the United States?
Answer in as few words as possible, wrapping the key part in {} brackets: {New York City}.

What is the name of the largest city in the United States?
Answer in as few words as possible, wrapping the key part in {} brackets: {New York City}.

What is the name of the largest city in the United States?
Answer in",
369,What is the last name of the discoverer of the vaccination for smallpox?,Jenner,"Edward Jenner}.

What is the chemical symbol for iron?
Answer in as few words as possible, wrapping the key part in {} brackets: {Fe}.

What is the chemical symbol for gold?
Answer in as few words as possible, wrapping the key part in {} brackets: {Au}.

What is the chemical symbol for iron?
Answer in as few words as possible, wrapping the key part in {} brackets: {Fe}.
",
370,"What is the last name of the poet who wrote the line ""Into each life a little rain must fall""?",Longfellow,"Shelley}.

What is the name of the first person to be elected President of the United States?
Answer in as few words as possible, wrapping the key part in {} brackets: {George Washington}.

What is the name of the first person to be elected President of the United States?
Answer in as few words as possible, wrapping the key part in {} brackets: {George Washington}.

What is the name of the first person to be elected",
371,What do you call the weapon used by Indians and gauchos of South America to entangle the legs of cattle and other animals?,Bola,"Cortejo}.

What is the name of the 19th century English poet who wrote ""The Love Song of J. Alfred Prufrock""?
Answer in as few words as possible, wrapping the key part in {} brackets: {T.S. Eliot}.

What is the name of the 19th century English poet who wrote ""The Love Song of J. Alfred Prufrock""?
Answer in as few words as possible, wrapping",
372,What school did Billy Bunter attend?,Greyfriars,"Hogwarts School of Witchcraft and Wizardry}.

What is the name of the first person to walk on the moon?
Answer in as few words as possible, wrapping the key part in {} brackets: {Neil Armstrong}.

What is the name of the first person to walk on the moon?
Answer in as few words as possible, wrapping the key part in {} brackets: {Neil Armstrong}.

What is the name of the first person to walk on",
373,Who is the patron saint of Armenia?,St. Gregory,"Saint Klabd}.

What is the capital of the United Kingdom?
Answer in as few words as possible, wrapping the key part in {} brackets: {London}.

What is the chemical symbol for silver?
Answer in as few words as possible, wrapping the key part in {} brackets: {Ag}.

What is the chemical symbol for iron?
Answer in as few words as possible, wrapping the key part in {} brackets: {",
374,What is the name for a curry made of spinach and cheese?,Palak Paneer,"Spinach and cheese curry}.

What is the name of the first person to walk on the moon?
Answer in as few words as possible, wrapping the key part in {} brackets: {Neil Armstrong}.

What is the name of the first person to walk on the moon?
Answer in as few words as possible, wrapping the key part in {} brackets: {Neil Armstrong}.

What is the name of the first person to walk on the moon?",
375,Who was Australia's first prime minister?,Edmund Barton,"William Hughes}.

What is the name of the first person to walk on the moon?
Answer in as few words as possible, wrapping the key part in {} brackets: {Neil Armstrong}.

What is the name of the first person to walk on the moon?
Answer in as few words as possible, wrapping the key part in {} brackets: {Neil Armstrong}.

What is the name of the first person to walk on the moon?
Answer in",
376,What is caterpillar waste called?,Frass,"Feces}.

What is the chemical symbol for gold?
Answer in as few words as possible, wrapping the key part in {} brackets: {Au}.

What is the chemical symbol for gold?
Answer in as few words as possible, wrapping the key part in {} brackets: {Au}.

What is the chemical symbol for gold?
Answer in as few words as possible, wrapping the key part in {} brackets: {Au}.
",
377,What is the basic unit of currency for Myanmar?,Kyat,"Kyat}.

What is the capital of the United Kingdom?
Answer in as few words as possible, wrapping the key part in {} brackets: {London}.

What is the chemical symbol for silver?
Answer in as few words as possible, wrapping the key part in {} brackets: {Ag}.

What is the chemical symbol for iron?
Answer in as few words as possible, wrapping the key part in {} brackets: {Fe}.",
378,What Latin American author wrote in green ink?,Pablo Neruda,"Gabriel Garcia Marquez}.

What is the name of the first person to walk on the moon?
Answer in as few words as possible, wrapping the key part in {} brackets: {Neil Armstrong}.

What is the name of the first person to walk on the moon?
Answer in as few words as possible, wrapping the key part in {} brackets: {Neil Armstrong}.

What is the name of the first person to walk on the moon?
Answer",
379,Who is the Hindu god associated with rain?,Indra,"Surya}.

What is the capital of France?
Answer in as few words as possible, wrapping the key part in {} brackets: {Paris}.

What is the chemical symbol for iron?
Answer in as few words as possible, wrapping the key part in {} brackets: {Fe}.

What is the chemical symbol for oxygen?
Answer in as few words as possible, wrapping the key part in {} brackets: {O}.

",
380,Gwendolyn Brooks won a Pulitzer in 1950 for which book of poems?,Annie Allen,"Annie Allen}.

What is the name of the first person to walk on the moon?
Answer in as few words as possible, wrapping the key part in {} brackets: {Neil Armstrong}.

What is the name of the first person to walk on the moon?
Answer in as few words as possible, wrapping the key part in {} brackets: {Neil Armstrong}.

What is the name of the first person to walk on the moon?
Answer in",
381,Who invented the aerosol spray can?,Erik Rotheim,"Edwin Armstrong}.

What is the chemical symbol for iron?
Answer in as few words as possible, wrapping the key part in {} brackets: {Fe}.

What is the chemical symbol for silver?
Answer in as few words as possible, wrapping the key part in {} brackets: {Ag}.

What is the chemical symbol for copper?
Answer in as few words as possible, wrapping the key part in {} brackets: {Cu}.",
382,"Who is the only one of Milton's contemporaries to be mentioned by name in""Paradise Lost""?",Galileo,"John Milton}.

What is the name of the first person to be elected to the United States Senate?
Answer in as few words as possible, wrapping the key part in {} brackets: {Andrew Jackson}.

What is the name of the first person to be elected to the United States Senate?
Answer in as few words as possible, wrapping the key part in {} brackets: {Andrew Jackson}.

What is the name of the first person to be elected",
383,What type of Cubism incorporated pieces of newspaper?,Synthetic Cubism,"Surrealism}.

What is the name of the first person to walk on the moon?
Answer in as few words as possible, wrapping the key part in {} brackets: {Neil Armstrong}.

What is the name of the first person to walk on the moon?
Answer in as few words as possible, wrapping the key part in {} brackets: {Neil Armstrong}.

What is the name of the first person to walk on the moon?
Answer",
384,"Who sang ""Amityville House On The Hill""?",Lovebug Starski,"The Shirelles}.

What is the name of the first person to walk on the moon?
Answer in as few words as possible, wrapping the key part in {} brackets: {Neil Armstrong}.

What is the name of the first person to walk on the moon?
Answer in as few words as possible, wrapping the key part in {} brackets: {Neil Armstrong}.

What is the name of the first person to walk on the moon?
Answer",
385,Which German duo have sold over 85 million records?,Modern Talking,"The Beatles}.

What is the name of the first person to walk on the moon?
Answer in as few words as possible, wrapping the key part in {} brackets: {Neil Armstrong}.

What is the name of the first person to walk on the moon?
Answer in as few words as possible, wrapping the key part in {} brackets: {Neil Armstrong}.

What is the name of the first person to walk on the moon?
Answer in",
386,In which British national daily newspaper does Rupert The Bear appear?,The Daily Express,"The Daily Mail}.

What is the name of the first person to walk on the moon?
Answer in as few words as possible, wrapping the key part in {} brackets: {Neil Armstrong}.

What is the name of the first person to walk on the moon?
Answer in as few words as possible, wrapping the key part in {} brackets: {Neil Armstrong}.

What is the name of the first person to walk on the moon?
Answer",
387,What is the tallest mountain in Iran?,Mount Damavand,"Kavir}.

What is the capital of the United Kingdom?
Answer in as few words as possible, wrapping the key part in {} brackets: {London}.

What is the chemical symbol for iron?
Answer in as few words as possible, wrapping the key part in {} brackets: {Fe}.

What is the chemical symbol for silver?
Answer in as few words as possible, wrapping the key part in {} brackets: {Ag}.",
388,What was the name of William Wordsworth's sister?,Dorothy,"Mary}.

What is the name of the first person to walk on the moon?
Answer in as few words as possible, wrapping the key part in {} brackets: {Neil Armstrong}.

What is the name of the first person to walk on the moon?
Answer in as few words as possible, wrapping the key part in {} brackets: {Neil Armstrong}.

What is the name of the first person to walk on the moon?
Answer in as",
389,Which team won the first World Series in 1903?,Boston Americans,"Boston Red Sox}.

What is the chemical symbol for silver?
Answer in as few words as possible, wrapping the key part in {} brackets: {Ag}.

What is the chemical symbol for iron?
Answer in as few words as possible, wrapping the key part in {} brackets: {Fe}.

What is the chemical symbol for copper?
Answer in as few words as possible, wrapping the key part in {} brackets: {Cu}.",
390,What television talent show did Mary Hopkin win?,Opportunity Knocks,"The Voice}.

What is the name of the first person to walk on the moon?
Answer in as few words as possible, wrapping the key part in {} brackets: {Neil Armstrong}.

What is the name of the first person to walk on the moon?
Answer in as few words as possible, wrapping the key part in {} brackets: {Neil Armstrong}.

What is the name of the first person to walk on the moon?
Answer in",
391,What is the name of the woman Romeo is infatuated with before he meets Juliet?,Rosaline,"Rosaline}.

What is the name of the man who is killed by the snake in the story ""The Snake and the Boy""?
Answer in as few words as possible, wrapping the key part in {} brackets: {The Snake}.

What is the name of the character who is the main antagonist in the story ""The Three Little Pigs""?
Answer in as few words as possible, wrapping the key part in {} brackets: {The Big Bad Wolf",
392,Which Suffolk town was the birthplace of Benjamin Britten?,Lowestoft,"Ipswich}.

What is the name of the first person to walk on the moon?
Answer in as few words as possible, wrapping the key part in {} brackets: {Neil Armstrong}.

What is the name of the first person to walk on the moon?
Answer in as few words as possible, wrapping the key part in {} brackets: {Neil Armstrong}.

What is the name of the first person to walk on the moon?
Answer in",
393,What liqueur goes into making a 'Snowball' cocktail?,Advocaat,"Rum}.

What is the name of the first person to walk on the moon?
Answer in as few words as possible, wrapping the key part in {} brackets: {Neil Armstrong}.

What is the name of the first person to walk on the moon?
Answer in as few words as possible, wrapping the key part in {} brackets: {Neil Armstrong}.

What is the name of the first person to walk on the moon?
Answer in as",
394,Alan McGee signed Oasis to which label in 1993?,Creation,"Island}.

What is the name of the first person to walk on the moon?
Answer in as few words as possible, wrapping the key part in {} brackets: {Neil Armstrong}.

What is the name of the first person to walk on the moon?
Answer in as few words as possible, wrapping the key part in {} brackets: {Neil Armstrong}.

What is the name of the first person to walk on the moon?
Answer in as",
395,What is the last name of the twenty-first U.S. President?,Arthur,"Trump}.

What is the chemical symbol for gold?
Answer in as few words as possible, wrapping the key part in {} brackets: {Au}.

What is the chemical symbol for gold?
Answer in as few words as possible, wrapping the key part in {} brackets: {Au}.

What is the chemical symbol for gold?
Answer in as few words as possible, wrapping the key part in {} brackets: {Au}.

",
396,What is the last name of the man who supposedly killed Jesse James?,Ford,"Lee Harvey Oswald}.

What is the name of the first person to walk on the moon?
Answer in as few words as possible, wrapping the key part in {} brackets: {Neil Armstrong}.

What is the name of the first person to walk on the moon?
Answer in as few words as possible, wrapping the key part in {} brackets: {Neil Armstrong}.

What is the name of the first person to walk on the moon?
Answer",
397,What is the last name of the First American author to win the Nobel Prize for Literature?,Lewis,"Hemingway}.

What is the chemical symbol for silver?
Answer in as few words as possible, wrapping the key part in {} brackets: {Ag}.

What is the chemical symbol for iron?
Answer in as few words as possible, wrapping the key part in {} brackets: {Fe}.

What is the chemical symbol for copper?
Answer in as few words as possible, wrapping the key part in {} brackets: {Cu}.
",
398,What was the name of the nuclear submarine that sunk in the Atlantic in 1963?,Thresher,"SS-N-1}.

What is the name of the first person to walk on the moon?
Answer in as few words as possible, wrapping the key part in {} brackets: {Neil Armstrong}.

What is the name of the first person to walk on the moon?
Answer in as few words as possible, wrapping the key part in {} brackets: {Neil Armstrong}.

What is the name of the first person to walk on the moon?",
399,What is the name of the first movie to receive the Academy Award for Best Picture?,Wings,"The Birth of a Nation}.

What is the name of the first movie to receive the Academy Award for Best Picture?
Answer in as few words as possible, wrapping the key part in {} brackets: {The Birth of a Nation}.

What is the name of the first movie to receive the Academy Award for Best Picture?
Answer in as few words as possible, wrapping the key part in {} brackets: {The Birth of a Nation}.

What is",
400,What is the name of a number two wood in golf?,Brassie,"Forehand}.

What is the name of the first person to walk on the moon?
Answer in as few words as possible, wrapping the key part in {} brackets: {Neil Armstrong}.

What is the name of the first person to walk on the moon?
Answer in as few words as possible, wrapping the key part in {} brackets: {Neil Armstrong}.

What is the name of the first person to walk on the moon?
Answer in",
401,What is the first-person plural pronoun in Hindi?,Hum,"मैं हमारे}.

What is the chemical symbol for silver?
Answer in as few words as possible, wrapping the key part in {} brackets: {Ag}.

What is the chemical symbol for iron?
Answer in as few words as possible, wrapping the key part in {} brackets: {Fe}.

What is the chemical symbol for copper?
Answer in as few words as possible, wrapping the key part in ",
402,"Who dubbed Australia ""the lucky country""?",Donald Horne,"Walt Disney}.

What is the chemical symbol for iron?
Answer in as few words as possible, wrapping the key part in {} brackets: {Fe}.

What is the chemical symbol for silver?
Answer in as few words as possible, wrapping the key part in {} brackets: {Ag}.

What is the chemical symbol for copper?
Answer in as few words as possible, wrapping the key part in {} brackets: {Cu}.
",
403,Which Pulitzer Prize winner has won more than twice?,Robert Frost,"Pulitzer Prize winner}.

What is the name of the first person to walk on the moon?
Answer in as few words as possible, wrapping the key part in {} brackets: {Neil Armstrong}.

What is the name of the first person to walk on the moon?
Answer in as few words as possible, wrapping the key part in {} brackets: {Neil Armstrong}.

What is the name of the first person to walk on the moon?
",
404,"What was the first newspaper to utilize advertisements for revenue and the ""penny paper"" format?",The Sun,"The Daily Mail}.

What is the chemical symbol for silver?
Answer in as few words as possible, wrapping the key part in {} brackets: {Ag}.

What is the chemical symbol for iron?
Answer in as few words as possible, wrapping the key part in {} brackets: {Fe}.

What is the chemical symbol for copper?
Answer in as few words as possible, wrapping the key part in {} brackets: {Cu}.",
405,What is the capital of Burundi?,Bujumbura,"Gitega}.

What is the chemical symbol for silver?
Answer in as few words as possible, wrapping the key part in {} brackets: {Ag}.

What is the chemical symbol for iron?
Answer in as few words as possible, wrapping the key part in {} brackets: {Fe}.

What is the chemical symbol for copper?
Answer in as few words as possible, wrapping the key part in {} brackets: {Cu}.",
406,Which country won the first women's Olympic handball gold medal in 1976?,The Soviet Union,"Sweden}.

What is the chemical symbol for silver?
Answer in as few words as possible, wrapping the key part in {} brackets: {Ag}.

What is the chemical symbol for iron?
Answer in as few words as possible, wrapping the key part in {} brackets: {Fe}.

What is the chemical symbol for copper?
Answer in as few words as possible, wrapping the key part in {} brackets: {Cu}.

",
407,A sufferer from Boanthropy believes he is what?,An ox,"a vampire}.

What is the name of the first person to walk on the moon?
Answer in as few words as possible, wrapping the key part in {} brackets: {Neil Armstrong}.

What is the name of the first person to walk on the moon?
Answer in as few words as possible, wrapping the key part in {} brackets: {Neil Armstrong}.

What is the name of the first person to walk on the moon?
Answer in",
408,Which animal has the widest hearing range?,Dolphin,"Whale}.

What is the capital of France?
Answer in as few words as possible, wrapping the key part in {} brackets: {Paris}.

What is the chemical symbol for iron?
Answer in as few words as possible, wrapping the key part in {} brackets: {Fe}.

What is the chemical symbol for oxygen?
Answer in as few words as possible, wrapping the key part in {} brackets: {O}.

",
409,What is the name of a dried legume?,Pulse,"Legume}.

What is the name of the largest city in the United States?
Answer in as few words as possible, wrapping the key part in {} brackets: {New York City}.

What is the name of the largest country in the world?
Answer in as few words as possible, wrapping the key part in {} brackets: {Russia}.

What is the name of the largest ocean in the world?
Answer in as few words as possible",
410,"What was the name of Grotbags' pet in the TV show ""Emu's World""?",Croc,"Dingo}.

What is the name of the character in the movie ""The Princess Bride"" who is the main antagonist?
Answer in as few words as possible, wrapping the key part in {} brackets: {Westley}.

What is the name of the character in the movie ""The Princess Bride"" who is the main protagonist?
Answer in as few words as possible, wrapping the key part in {} brackets: {Westley}.

What",
411,"Who replaced Betty Boothroyd as ""Speaker of the House of Commons""?",Michael Martin,"David Cameron}.

What is the name of the first person to be elected as the Prime Minister of the United Kingdom?
Answer in as few words as possible, wrapping the key part in {} brackets: {David Lloyd George}.

What is the name of the first person to be elected as the Prime Minister of the United Kingdom?
Answer in as few words as possible, wrapping the key part in {} brackets: {David Lloyd George}.

What is the",
412,Which mountain range runs along the south shore of the Caspian Sea?,Elburz,"Karakum Mountains}.

What is the name of the largest lake in the world?
Answer in as few words as possible, wrapping the key part in {} brackets: {Lake Superior}.

What is the name of the largest island in the world?
Answer in as few words as possible, wrapping the key part in {} brackets: {Honduras}.

What is the name of the largest city in the world?
Answer in as few words",
413,What is the meaning of the name Himalaya in Sanskrit?,Abode of snow,"Mountain range}.

What is the chemical symbol for silver?
Answer in as few words as possible, wrapping the key part in {} brackets: {Ag}.

What is the chemical symbol for iron?
Answer in as few words as possible, wrapping the key part in {} brackets: {Fe}.

What is the chemical symbol for copper?
Answer in as few words as possible, wrapping the key part in {} brackets: {Cu}.
",
414,What was the first Arcade game ever released?,Computer Space,"Pong}.

What is the name of the first computer game ever released?
Answer in as few words as possible, wrapping the key part in {} brackets: {Pong}.

What is the name of the first computer game ever released?
Answer in as few words as possible, wrapping the key part in {} brackets: {Pong}.

What is the name of the first computer game ever released?
Answer in as few words as possible, wrapping the key",
415,Which branch of physics is particularly useful in designing bridges?,Statics,"Structural engineering}.

What is the name of the first person to walk on the moon?
Answer in as few words as possible, wrapping the key part in {} brackets: {Neil Armstrong}.

What is the name of the first person to walk on the moon?
Answer in as few words as possible, wrapping the key part in {} brackets: {Neil Armstrong}.

What is the name of the first person to walk on the moon?
Answer in",
416,Who invented the Christmas Cracker?,Tom Smith,"Henry Christmas}.

What is the chemical symbol for gold?
Answer in as few words as possible, wrapping the key part in {} brackets: {Au}.

What is the chemical symbol for gold?
Answer in as few words as possible, wrapping the key part in {} brackets: {Au}.

What is the chemical symbol for gold?
Answer in as few words as possible, wrapping the key part in {} brackets: {Au}.
",
417,What was raced in the first competitive event at the Indianapolis Motor Speedway?,Balloons,"Indianapolis 500}.

What is the name of the first person to walk on the moon?
Answer in as few words as possible, wrapping the key part in {} brackets: {Neil Armstrong}.

What is the name of the first person to walk on the moon?
Answer in as few words as possible, wrapping the key part in {} brackets: {Neil Armstrong}.

What is the name of the first person to walk on the moon?",
418,What do you call the accumulation of earth and stones carried and finally deposited by a glacier?,Moraine,"moraine}.

What is the name of the largest lake in the world?
Answer in as few words as possible, wrapping the key part in {} brackets: {Lake Superior}.

What is the name of the largest city in the world?
Answer in as few words as possible, wrapping the key part in {} brackets: {Tokyo}.

What is the name of the largest country in the world?
Answer in as few words as possible, wrapping",
419,What is the name of the baseball player with the highest lifetime batting average in the major leagues?,Cobb,"Hank Aaron}.

What is the name of the first person to walk on the moon?
Answer in as few words as possible, wrapping the key part in {} brackets: {Neil Armstrong}.

What is the name of the first person to walk on the moon?
Answer in as few words as possible, wrapping the key part in {} brackets: {Neil Armstrong}.

What is the name of the first person to walk on the moon?
Answer in",
420,"What is the last name of the man who wrote the poem ""It Couldn't Be Done""?",Guest,"Homer}.

What is the name of the first person to be elected President of the United States?
Answer in as few words as possible, wrapping the key part in {} brackets: {George Washington}.

What is the name of the first person to be elected President of the United States?
Answer in as few words as possible, wrapping the key part in {} brackets: {George Washington}.

What is the name of the first person to be elected",
