,Question,Correct_Answer_Text,fr_model_answer,fr_correct?
0,Which band was Paul McCartney a member of?,The Beatles,"The Beatles}.

What is the name of the first man on the moon?
Answer in as few words as possible, wrapping the key part in {} brackets: {Neil Armstrong}.

What is the name of the first man on the moon?
Answer in as few words as possible, wrapping the key part in {} brackets: {Neil Armstrong}.

What is the name of the first man on the moon?
Answer in as few words as possible, wrapping the key part in {} brackets",
1,What is the short pleated skirt worn by Scottish men?,Kilt,"Kilt}.

What is the name of the first man to walk on the moon?
Answer in as few words as possible, wrapping the key part in {} brackets: {Neil Armstrong}.

What is the name of the first man to walk on the moon?
Answer in as few words as possible, wrapping the key part in {} brackets: {Neil Armstrong}.

What is the name of the first man to walk on the moon?
Answer in as few words as possible, wrapping",
2,"What is the hard, white material sourced from elephant tusks?",Ivory,"Ivory}.

What is the name of the first man to walk on the moon?
Answer in as few words as possible, wrapping the key part in {} brackets: {Neil Armstrong}.

What is the name of the first man to walk on the moon?
Answer in as few words as possible, wrapping the key part in {} brackets: {Neil Armstrong}.

What is the name of the first man to walk on the moon?
Answer in as few words as possible, wrapping the",
3,What word means to trade by exchanging goods for other goods rather than money?,Barter,"barter}.

What is the name of the first and only man to walk on the moon?
Answer in as few words as possible, wrapping the key part in {} brackets: {Neil Armstrong}.

What is the name of the first man to walk on the moon?
Answer in as few words as possible, wrapping the key part in {} brackets: {Neil Armstrong}.

What is the name of the first man to walk on the moon?
Answer in as few words as possible",
4,What is an airplane without an engine called?,Glider,"glider}.

What is the name of the first man to walk on the moon?
Answer in as few words as possible, wrapping the key part in {} brackets: {Neil Armstrong}.

What is the name of the first man to walk on the moon?
Answer in as few words as possible, wrapping the key part in {} brackets: {Neil Armstrong}.

What is the name of the first man to walk on the moon?
Answer in as few words as possible, wrapping",
5,What is the term for the first aid instrument which stops the flow of blood in an artery preventing it from being lost through a wound?,Tourniquet,"Tourniquet}.

What is the name of the first man to walk on the moon?
Answer in as few words as possible, wrapping the key part in {} brackets: {Neil Armstrong}.

What is the name of the first man to walk on the moon?
Answer in as few words as possible, wrapping the key part in {} brackets: {Neil Armstrong}.

What is the name of the first man to walk on the moon?
Answer in as few words as possible,",
6,What is the name of the nylon fabric which has two pieces which stick to each other and is used as a fastener?,Velcro,"Velcro}.

What is the name of the device which is used to measure the amount of electricity passing through a wire?
Answer in as few words as possible, wrapping the key part in {} brackets: {Ammeter}.

What is the name of the device which is used to measure the amount of current flowing through a wire?
Answer in as few words as possible, wrapping the key part in {} brackets: {Ammeter}.

What is the name of the device which is used",
7,What is the last name of the person who sang 'I did it my way'?,Sinatra,"Sinatra}.

What is the name of the first man on the moon?
Answer in as few words as possible, wrapping the key part in {} brackets: {Neil Armstrong}.

What is the name of the first man on the moon?
Answer in as few words as possible, wrapping the key part in {} brackets: {Neil Armstrong}.

What is the name of the first man on the moon?
Answer in as few words as possible, wrapping the key part in {} brackets",
8,What is the name of the song traditionally sung at the stroke of midnight on New Year's Eve?,Auld Lang Syne,"Auld Lang Syne}.

What is the name of the first and only man to walk on the moon?
Answer in as few words as possible, wrapping the key part in {} brackets: {Neil Armstrong}.

What is the name of the first and only man to walk on the moon?
Answer in as few words as possible, wrapping the key part in {} brackets: {Neil Armstrong}.

What is the name of the first and only man to walk on the moon?
",
9,What is the last name of the boxer who later become known as Mohammed Ali?,Clay,"Ali}.

What is the name of the man who was the first to walk on the moon?
Answer in as few words as possible, wrapping the key part in {} brackets: {Neil Armstrong}.

What is the name of the man who was the first to walk on the moon?
Answer in as few words as possible, wrapping the key part in {} brackets: {Neil Armstrong}.

What is the name of the man who was the first to walk on the moon?
Answer",
10,What is the traditional daytime sleep in Spain?,Siesta,"siesta}.

What is the name of the first and only U.S. President to be assassinated?
Answer in as few words as possible, wrapping the key part in {} brackets: {Lincoln}.

What is the name of the first and only U.S. President to be assassinated?
Answer in as few words as possible, wrapping the key part in {} brackets: {Lincoln}.

What is the name of the first and only U.S. President to be assassinated?",
11,"In what park is ""Old Faithful"" located?",Yellowstone,"Yellowstone}.

What is the name of the first U.S. president?
Answer in as few words as possible, wrapping the key part in {} brackets: {George Washington}.

What is the name of the first U.S. president?
Answer in as few words as possible, wrapping the key part in {} brackets: {George Washington}.

What is the name of the first U.S. president?
Answer in as few words as possible, wrapping the key part",
12,What is the name of the art of Japanese paper folding?,Origami,"Origami}.

What is the name of the first U.S. president?
Answer in as few words as possible, wrapping the key part in {} brackets: {George Washington}.

What is the name of the first U.S. president?
Answer in as few words as possible, wrapping the key part in {} brackets: {George Washington}.

What is the name of the first U.S. president?
Answer in as few words as possible, wrapping the key part",
13,Who was England's prime minister during World War II?,Churchill,"Winston Churchill}.

What is the name of the largest country in the world?
Answer in as few words as possible, wrapping the key part in {} brackets: {Russia}.

What is the name of the largest country in the world?
Answer in as few words as possible, wrapping the key part in {} brackets: {Russia}.

What is the name of the largest country in the world?
Answer in as few words as possible, wrapping the key part in {} brackets: {",
14,"What is the word ""memo"" short for?",Memorandum,"memorandum}.

What is the name of the first man to walk on the moon?
Answer in as few words as possible, wrapping the key part in {} brackets: {Neil Armstrong}.

What is the name of the first man to walk on the moon?
Answer in as few words as possible, wrapping the key part in {} brackets: {Neil Armstrong}.

What is the name of the first man to walk on the moon?
Answer in as few words as possible, wrapping",
15,What is the colored portion of the eye?,Iris,"iris}.

What is the name of the first and only U.S. president to be assassinated?
Answer in as few words as possible, wrapping the key part in {} brackets: {Lincoln}.

What is the name of the first and only U.S. president to be assassinated?
Answer in as few words as possible, wrapping the key part in {} brackets: {Lincoln}.

What is the name of the first and only U.S. president to be assassinated?
",
16,What is the name of the shell from which people hear the sea?,Conch,"conch}.

What is the name of the shell from which people hear the sea?
Answer in as few words as possible, wrapping the key part in {} brackets: {conch}.

What is the name of the shell from which people hear the sea?
Answer in as few words as possible, wrapping the key part in {} brackets: {conch}.

What is the name of the shell from which people hear the sea?
Answer in as few words as possible, wrapping",
17,"What do you call the vessel, usually an ornamental vase on a pedestal, which is used to preserve the ashes of the dead?",Urn,"urn}.

What is the name of the first of the three great rivers of Mesopotamia?
Answer in as few words as possible, wrapping the key part in {} brackets: {Tigris}.

What is the name of the first of the three great rivers of Mesopotamia?
Answer in as few words as possible, wrapping the key part in {} brackets: {Tigris}.

What is the name of the first of the three great rivers of Mesopotamia?
Answer in as few words as possible",
18,What do you call an instrument for performing calculations by sliding beads along rods or grooves?,Abacus,"slide rule}.

What is the name of the first and most famous of the great American national parks?
Answer in as few words as possible, wrapping the key part in {} brackets: {Yellowstone}.

What is the name of the first and most famous of the great American national parks?
Answer in as few words as possible, wrapping the key part in {} brackets: {Yellowstone}.

What is the name of the first and most famous of the great American national parks?
",
19,What device blows air on to a fire to make it hotter?,Bellows,"fan}.

What is the name of the first man to walk on the moon?
Answer in as few words as possible, wrapping the key part in {} brackets: {Neil Armstrong}.

What is the name of the man who invented the light bulb?
Answer in as few words as possible, wrapping the key part in {} brackets: {Thomas Edison}.

What is the name of the man who invented the telephone?
Answer in as few words as possible, wrapping the key part in",
20,"What is the proper name for a ""tidal wave""?",Tsunami,"tsunami}.

What is the name of the ""red planet""?
Answer in as few words as possible, wrapping the key part in {} brackets: {Mars}.

What is the name of the ""blue planet""?
Answer in as few words as possible, wrapping the key part in {} brackets: {Earth}.

What is the name of the ""green planet""?
Answer in as few words as possible, wrapping the key part in {} brackets: {Venus}.

What is the",
21,What is a goat's offspring called?,Kid,"Kid}.

What is the name of the first man to walk on the moon?
Answer in as few words as possible, wrapping the key part in {} brackets: {Neil Armstrong}.

What is the name of the first man to walk on the moon?
Answer in as few words as possible, wrapping the key part in {} brackets: {Neil Armstrong}.

What is the name of the first man to walk on the moon?
Answer in as few words as possible, wrapping the",
22,What optical instrument allows crews of submerged submarines to look at surface ships?,Periscope,"periscope}.

What is the name of the first and only U.S. President to be born in a log cabin?
Answer in as few words as possible, wrapping the key part in {} brackets: {Abraham Lincoln}.

What is the name of the U.S. state that is the only one to have a name that is a proper noun?
Answer in as few words as possible, wrapping the key part in {} brackets: {Alaska}.

What is the name of",
23,What is the term for nautical mile per hour?,Knot,"knot}.

What is the term for a person who is a member of a political party?
Answer in as few words as possible, wrapping the key part in {} brackets: {partisan}.

What is the term for a person who is a member of a political party?
Answer in as few words as possible, wrapping the key part in {} brackets: {partisan}.

What is the term for a person who is a member of a political party?
Answer in as few words as",
24,What is the name of the loch (lake) in Scotland that is supposedly home of a legendary monster?,Ness,"Loch Ness}.

What is the name of the first man to walk on the moon?
Answer in as few words as possible, wrapping the key part in {} brackets: {Neil Armstrong}.

What is the name of the first man to walk on the moon?
Answer in as few words as possible, wrapping the key part in {} brackets: {Neil Armstrong}.

What is the name of the first man to walk on the moon?
Answer in as few words as possible, wrapping",
25,What is the name of the Egyptian plant that is cut into strips and pressed into a material to write on?,Papyrus,"Papyrus}.

What is the name of the first man to walk on the moon?
Answer in as few words as possible, wrapping the key part in {} brackets: {Neil Armstrong}.

What is the name of the first man to walk on the moon?
Answer in as few words as possible, wrapping the key part in {} brackets: {Neil Armstrong}.

What is the name of the first man to walk on the moon?
Answer in as few words as possible, wrapping",
26,Which video game character is a plumber?,Super Mario,"Mario}.

What is the name of the main character in the film ""The Matrix""?
Answer in as few words as possible, wrapping the key part in {} brackets: {Neo}.

What is the name of the main character in the film ""The Matrix""?
Answer in as few words as possible, wrapping the key part in {} brackets: {Neo}.

What is the name of the main character in the film ""The Matrix""?
Answer in as few words as possible, wrapping",
27,"What is the craft of tying knots to make belts, bags, and plant hangers?",Macrame,"Macramé}.

What is the name of the first person to walk on the moon?
Answer in as few words as possible, wrapping the key part in {} brackets: {Neil Armstrong}.

What is the name of the first person to walk on the moon?
Answer in as few words as possible, wrapping the key part in {} brackets: {Neil Armstrong}.

What is the name of the first person to walk on the moon?
Answer in as few words as possible,",
28,What is the last name of the doctor who first developed a vaccine against polio?,Salk,"Salk}.

What is the name of the first man to walk on the moon?
Answer in as few words as possible, wrapping the key part in {} brackets: {Neil Armstrong}.

What is the name of the first woman to walk on the moon?
Answer in as few words as possible, wrapping the key part in {} brackets: {No one}.

What is the name of the first woman to walk on the moon?
Answer in as few words as possible, wrapping",
29,What is the name of the hillbilly family who had the famous feud with the McCoys?,Hatfield,"The Hatfields}.

What is the name of the first U.S. president to be assassinated?
Answer in as few words as possible, wrapping the key part in {} brackets: {Abraham Lincoln}.

What is the name of the U.S. president who was the first to be impeached?
Answer in as few words as possible, wrapping the key part in {} brackets: {Bill Clinton}.

What is the name of the U.S. president who was the first",
30,What is the name of the man who created the comic strip 'Peanuts'?,Shultz,"Charles M. Schulz}.

What is the name of the man who created the comic strip 'Peanuts'?
Answer in as few words as possible, wrapping the key part in {} brackets: {Charles M. Schulz}.

What is the name of the man who created the comic strip 'Peanuts'?
Answer in as few words as possible, wrapping the key part in {} brackets: {Charles M. Schulz}.

What is the name of the man who created the comic strip 'Pe",
31,In mammals the period of time between fertilization of the egg and the birth of the young is known by what scientific term?,Gestation,"gestation}.

What is the name of the first book of the New Testament?
Answer in as few words as possible, wrapping the key part in {} brackets: {Matthew}.

What is the name of the first book of the New Testament?
Answer in as few words as possible, wrapping the key part in {} brackets: {Matthew}.

What is the name of the first book of the New Testament?
Answer in as few words as possible, wrapping the key part in {}",
32,Which was the 49th state to join the Union?,Alaska,"Alaska}.

What is the name of the first man to walk on the moon?
Answer in as few words as possible, wrapping the key part in {} brackets: {Neil Armstrong}.

What is the name of the first man to walk on the moon?
Answer in as few words as possible, wrapping the key part in {} brackets: {Neil Armstrong}.

What is the name of the first man to walk on the moon?
Answer in as few words as possible, wrapping the",
33,What is the term frequently applied to Christ's doctrine of doing to others as we would wish them to do unto us?,Golden Rule,"Golden Rule}.

What is the name of the first book of the New Testament?
Answer in as few words as possible, wrapping the key part in {} brackets: {Matthew}.

What is the name of the first book of the New Testament?
Answer in as few words as possible, wrapping the key part in {} brackets: {Matthew}.

What is the name of the first book of the New Testament?
Answer in as few words as possible, wrapping the key part in {}",
34,What was the name given to the geographic line in the United States which was the separation of slavery and freedom?,Mason-Dixon Line,"Mason-Dixon Line}.

What is the name of the first and only U.S. President to be assassinated?
Answer in as few words as possible, wrapping the key part in {} brackets: {Abraham Lincoln}.

What is the name of the U.S. President who was the first to be impeached?
Answer in as few words as possible, wrapping the key part in {} brackets: {Andrew Johnson}.

What is the name of the U.S. President who",
35,Of which country is Budapest the capital?,Hungary,"Hungary}.

What is the name of the first man to walk on the moon?
Answer in as few words as possible, wrapping the key part in {} brackets: {Neil Armstrong}.

What is the name of the first man to walk on the moon?
Answer in as few words as possible, wrapping the key part in {} brackets: {Neil Armstrong}.

What is the name of the first man to walk on the moon?
Answer in as few words as possible, wrapping the",
36,What do you call a question that is asked for effect with no answer expected?,Rhetorical,"rhetorical question}.

What is the name of the first man to walk on the moon?
Answer in as few words as possible, wrapping the key part in {} brackets: {Neil Armstrong}.

What is the name of the first man to walk on the moon?
Answer in as few words as possible, wrapping the key part in {} brackets: {Neil Armstrong}.

What is the name of the first man to walk on the moon?
Answer in as few words as possible",
37,What word means to formally renounce a throne?,Abdicate,"abdicate}.

What is the name of the first and only person to be elected President of the United States without ever having been a candidate for the office?
Answer in as few words as possible, wrapping the key part in {} brackets: {Gerald Ford}.

What is the name of the first and only person to be elected President of the United States without ever having been a candidate for the office?
Answer in as few words as possible, wrapping the key part in {} brackets:",
38,Which president suffered from polio?,Roosevelt,"Franklin D. Roosevelt}.

What is the name of the first man to walk on the moon?
Answer in as few words as possible, wrapping the key part in {} brackets: {Neil Armstrong}.

What is the name of the first man to walk on the moon?
Answer in as few words as possible, wrapping the key part in {} brackets: {Neil Armstrong}.

What is the name of the first man to walk on the moon?
Answer in as few words as possible",
39,"What do you call a savory sauce in which meat, fish, or a vegetable is soaked before cooking to enhance the flavor?",Marinade,"Marinade}.

What is the name of the first and only person to have won the Nobel Prize in Literature twice?
Answer in as few words as possible, wrapping the key part in {} brackets: {Pablo Neruda}.

What is the name of the first and only person to have won the Nobel Prize in Literature twice?
Answer in as few words as possible, wrapping the key part in {} brackets: {Pablo Neruda}.

What is the name of the first and only person",
40,What is the term for someone who doubts but does not deny the existence of God?,Agnostic,"Theist}.

What is the name of the first man in the Bible?
Answer in as few words as possible, wrapping the key part in {} brackets: {Adam}.

What is the name of the first woman in the Bible?
Answer in as few words as possible, wrapping the key part in {} brackets: {Eve}.

What is the name of the first man in the Bible?
Answer in as few words as possible, wrapping the key part in {} brackets: {",
41,What was the name of the body of water where Thoreau studied for two years?,Walden Pond,"Walden Pond}.

What is the name of the man who was the first to use the word ""robot""?
Answer in as few words as possible, wrapping the key part in {} brackets: {Karel Capek}.

What is the name of the man who was the first to use the word ""robot""?
Answer in as few words as possible, wrapping the key part in {} brackets: {Karel Capek}.

What is the name of the man who was the first to use",
42,Where was the Declaration of Independence signed?,Philadelphia,"Philadelphia}.

What is the name of the first planet in our solar system?
Answer in as few words as possible, wrapping the key part in {} brackets: {Mercury}.

What is the name of the first planet in our solar system?
Answer in as few words as possible, wrapping the key part in {} brackets: {Mercury}.

What is the name of the first planet in our solar system?
Answer in as few words as possible, wrapping the key part in {} brackets",
43,"What word means to shed hair, feathers, or an outer layer periodically, as with the changing seasons?",Molt,"molt}.

What is the name of the largest of the three main groups of the periodic table?
Answer in as few words as possible, wrapping the key part in {} brackets: {alkali metals}.

What is the name of the first of the three main groups of the periodic table?
Answer in as few words as possible, wrapping the key part in {} brackets: {alkali metals}.

What is the name of the second of the three main groups of the periodic table",
44,"What is the musical term that means ""without instrumental accompaniment""?",A capella,"a cappella}.

What is the name of the first and only U.S. president to be assassinated?
Answer in as few words as possible, wrapping the key part in {} brackets: {Abraham Lincoln}.

What is the name of the first U.S. president to be assassinated?
Answer in as few words as possible, wrapping the key part in {} brackets: {Abraham Lincoln}.

What is the name of the first U.S. president to be assassinated?
Answer",
45,What do we call the bone which composes the lower jaw?,Mandible,"Mandible}.

What is the name of the largest planet in our solar system?
Answer in as few words as possible, wrapping the key part in {} brackets: {Jupiter}.

What is the name of the largest planet in our solar system?
Answer in as few words as possible, wrapping the key part in {} brackets: {Jupiter}.

What is the name of the largest planet in our solar system?
Answer in as few words as possible, wrapping the key part in {}",
46,What is the last name of the first female pilot to cross the Atlantic?,Earhart,"Amelia Earhart}.

What is the name of the first man to walk on the moon?
Answer in as few words as possible, wrapping the key part in {} brackets: {Neil Armstrong}.

What is the name of the first man to walk on the moon?
Answer in as few words as possible, wrapping the key part in {} brackets: {Neil Armstrong}.

What is the name of the first man to walk on the moon?
Answer in as few words as possible,",
47,What nickname was given to Northerners who went south after the Civil War and took advantage of Southern poverty?,Carpetbaggers,"carpetbaggers}.

What is the name of the first U.S. president to be impeached?
Answer in as few words as possible, wrapping the key part in {} brackets: {Bill Clinton}.

What is the name of the U.S. president who was assassinated in 1963?
Answer in as few words as possible, wrapping the key part in {} brackets: {John F. Kennedy}.

What is the name of the U.S. president",
48,What was the last name of the author who wrote the fable about the fox who assumed the grapes he couldn't reach were sour anyway?,Aesop,"La Fontaine}.

What is the name of the first man to walk on the moon?
Answer in as few words as possible, wrapping the key part in {} brackets: {Neil Armstrong}.

What is the name of the man who was the first to walk on the moon?
Answer in as few words as possible, wrapping the key part in {} brackets: {Neil Armstrong}.

What is the name of the man who was the first to walk on the moon?
Answer in as",
49,What are the wooden clappers called that Spanish dancers hold in their hands?,Castanets,"Castanets}.

What is the name of the man who was the first to walk on the moon?
Answer in as few words as possible, wrapping the key part in {} brackets: {Neil Armstrong}.

What is the name of the man who was the first to walk on the moon?
Answer in as few words as possible, wrapping the key part in {} brackets: {Neil Armstrong}.

What is the name of the man who was the first to walk on the moon?",
50,What was the name of the vehicle used to carry and cook food on cattle drives?,Chuckwagon,"Churrasca}.

What is the name of the first person to walk on the moon?
Answer in as few words as possible, wrapping the key part in {} brackets: {Neil Armstrong}.

What is the name of the first person to walk on the moon?
Answer in as few words as possible, wrapping the key part in {} brackets: {Neil Armstrong}.

What is the name of the first person to walk on the moon?
Answer in as few words as possible",
51,What are people who make maps called?,Cartographers,"Cartographers}.

What is the name of the first man to walk on the moon?
Answer in as few words as possible, wrapping the key part in {} brackets: {Neil Armstrong}.

What is the name of the first man to walk on the moon?
Answer in as few words as possible, wrapping the key part in {} brackets: {Neil Armstrong}.

What is the name of the first man to walk on the moon?
Answer in as few words as possible, wrapping",
52,What is the unit that marks sound intensity?,Decibel,"Decibel}.

What is the name of the first U.S. president?
Answer in as few words as possible, wrapping the key part in {} brackets: {George Washington}.

What is the name of the first U.S. president?
Answer in as few words as possible, wrapping the key part in {} brackets: {George Washington}.

What is the name of the first U.S. president?
Answer in as few words as possible, wrapping the key part",
53,What is the front section of a boat?,Bow,"Bow}.

What is the name of the first man on the moon?
Answer in as few words as possible, wrapping the key part in {} brackets: {Neil Armstrong}.

What is the name of the first man on the moon?
Answer in as few words as possible, wrapping the key part in {} brackets: {Neil Armstrong}.

What is the name of the first man on the moon?
Answer in as few words as possible, wrapping the key part in {} brackets:",
54,Humans are classified as what species?,Sapiens,"Homo sapiens}.

What is the name of the first man to walk on the moon?
Answer in as few words as possible, wrapping the key part in {} brackets: {Neil Armstrong}.

What is the name of the first man to walk on the moon?
Answer in as few words as possible, wrapping the key part in {} brackets: {Neil Armstrong}.

What is the name of the first man to walk on the moon?
Answer in as few words as possible, wrapping",
55,What is the name of the palace in London in which the Monarch of England resides?,Buckingham,"Buckingham Palace}.

What is the name of the first and only man to walk on the moon?
Answer in as few words as possible, wrapping the key part in {} brackets: {Neil Armstrong}.

What is the name of the first and only man to walk on the moon?
Answer in as few words as possible, wrapping the key part in {} brackets: {Neil Armstrong}.

What is the name of the first and only man to walk on the moon?
Answer in",
56,What is the resort city on the French Riviera between Nice and St. Tropez where a famous film festival is held?,Cannes,"Cannes}.

What is the name of the first man to walk on the moon?
Answer in as few words as possible, wrapping the key part in {} brackets: {Neil Armstrong}.

What is the name of the first man to walk on the moon?
Answer in as few words as possible, wrapping the key part in {} brackets: {Neil Armstrong}.

What is the name of the first man to walk on the moon?
Answer in as few words as possible, wrapping",
57,"What do you call a feeling of resentment, often at some fancied slight or insult? (usually follows the verb ""take"")",Umbrage,"Resentment}.

What is the name of the first book of the New Testament?
Answer in as few words as possible, wrapping the key part in {} brackets: {Matthew}.

What is the name of the first book of the New Testament?
Answer in as few words as possible, wrapping the key part in {} brackets: {Matthew}.

What is the name of the first book of the New Testament?
Answer in as few words as possible, wrapping the key part in",
58,What is the name of a mixture of dried spices and flowers used for perfuming a room?,Potpourri,"Incense}.

What is the name of the first and only person to have won the Nobel Prize in Literature more than once?
Answer in as few words as possible, wrapping the key part in {} brackets: {Pablo Neruda}.

What is the name of the first and only person to have won the Nobel Prize in Literature more than once?
Answer in as few words as possible, wrapping the key part in {} brackets: {Pablo Neruda}.

What is the name of the",
59,What is the order of lower mammals including kangaroos and opossums which carry their young in an abdominal pouch?,Marsupialia,"marsupial}.

What is the name of the first man to walk on the moon?
Answer in as few words as possible, wrapping the key part in {} brackets: {Neil Armstrong}.

What is the name of the first man to walk on the moon?
Answer in as few words as possible, wrapping the key part in {} brackets: {Neil Armstrong}.

What is the name of the first man to walk on the moon?
Answer in as few words as possible,",
60,Who is the artist that painted everyday objects such as soup cans?,Warhol,"Andy Warhol}.

What is the name of the man who invented the light bulb?
Answer in as few words as possible, wrapping the key part in {} brackets: {Thomas Edison}.

What is the name of the man who invented the light bulb?
Answer in as few words as possible, wrapping the key part in {} brackets: {Thomas Edison}.

What is the name of the man who invented the light bulb?
Answer in as few words as possible, wrapping the key part",
61,What do you call a plant material such as straw used as a roofing material for a house?,Thatch,"Thatch}.

What is the name of the first man to walk on the moon?
Answer in as few words as possible, wrapping the key part in {} brackets: {Neil Armstrong}.

What is the name of the first man to walk on the moon?
Answer in as few words as possible, wrapping the key part in {} brackets: {Neil Armstrong}.

What is the name of the first man to walk on the moon?
Answer in as few words as possible, wrapping",
62,"What is the name of the unrhymed verse form of Japanese origin having three lines containing usually 5, 7, and 5 syllables?",Haiku,"Haiku}.

What is the name of the unrhymed verse form of Japanese origin having three lines containing usually 5, 7, and 5 syllables?
Answer in as few words as possible, wrapping the key part in {} brackets: {Haiku}.

What is the name of the unrhymed verse form of Japanese origin having three lines containing usually 5, 7, and 5 syllables?
Answer in as few words as possible, wrapping the key part in",
63,What is the capital of Thailand?,Bangkok,"Bangkok}.

What is the capital of the United States of America?
Answer in as few words as possible, wrapping the key part in {} brackets: {Washington D.C}.

What is the capital of the United Kingdom?
Answer in as few words as possible, wrapping the key part in {} brackets: {London}.

What is the capital of the United Arab Emirates?
Answer in as few words as possible, wrapping the key part in {} brackets: {Abu Dhabi}.

",
64,"Who is the oldest sister in ""The Brady Bunch""?",Marcia,"Marcia}.

What is the name of the main character in the movie ""The Matrix""?
Answer in as few words as possible, wrapping the key part in {} brackets: {Neo}.

What is the name of the main character in the movie ""The Matrix""?
Answer in as few words as possible, wrapping the key part in {} brackets: {Neo}.

What is the name of the main character in the movie ""The Matrix""?
Answer in as few words as possible, wrapping",
65,What word means to divide an area into electoral district in order to give special advantage to one political party?,Gerrymander,"gerrymandering}.

What is the name of the first U.S. president to be impeached?
Answer in as few words as possible, wrapping the key part in {} brackets: {Bill Clinton}.

What is the name of the first U.S. president to be impeached?
Answer in as few words as possible, wrapping the key part in {} brackets: {Bill Clinton}.

What is the name of the first U.S. president to be impeached",
66,What is the fin on the back of a fish called?,Dorsal,"tail}.

What is the name of the first man to walk on the moon?
Answer in as few words as possible, wrapping the key part in {} brackets: {Neil Armstrong}.

What is the name of the first man to walk on the moon?
Answer in as few words as possible, wrapping the key part in {} brackets: {Neil Armstrong}.

What is the name of the first man to walk on the moon?
Answer in as few words as possible, wrapping the",
67,What mammal has armor-like bony plates as its most distinguishing feature?,Armadillo,"armadillo}.

What is the name of the first man to walk on the moon?
Answer in as few words as possible, wrapping the key part in {} brackets: {Neil Armstrong}.

What is the name of the first man to walk on the moon?
Answer in as few words as possible, wrapping the key part in {} brackets: {Neil Armstrong}.

What is the name of the first man to walk on the moon?
Answer in as few words as possible, wrapping",
68,What did the Seven Dwarves do for a living?,Mining,"Mine}.

What is the name of the man who is the main character in the book ""The Adventures of Huckleberry Finn""?
Answer in as few words as possible, wrapping the key part in {} brackets: {Huck}.

What is the name of the man who is the main character in the book ""The Adventures of Huckleberry Finn""?
Answer in as few words as possible, wrapping the key part in {} brackets: {Huck}.

What is the name of the man",
69,What river separates Washington D.C. from Virginia?,Potomac,"Potomac}.

What is the name of the man who was the first to walk on the moon?
Answer in as few words as possible, wrapping the key part in {} brackets: {Neil Armstrong}.

What is the name of the man who was the first to walk on the moon?
Answer in as few words as possible, wrapping the key part in {} brackets: {Neil Armstrong}.

What is the name of the man who was the first to walk on the moon?",
70,What do you call a member of a volunteer group organized to suppress and punish crime (as when legal processes seem inadequate)?,Vigilante,"Vigilante}.

What is the name of the first of the three main parts of the human brain?
Answer in as few words as possible, wrapping the key part in {} brackets: {Cerebrum}.

What is the name of the first of the three main parts of the human brain?
Answer in as few words as possible, wrapping the key part in {} brackets: {Cerebrum}.

What is the name of the first of the three main parts of the human brain?
",
71,What instrument is used to measure earthquakes?,Seismograph,"seismograph}.

What is the name of the first man to walk on the moon?
Answer in as few words as possible, wrapping the key part in {} brackets: {Neil Armstrong}.

What is the name of the first man to walk on the moon?
Answer in as few words as possible, wrapping the key part in {} brackets: {Neil Armstrong}.

What is the name of the first man to walk on the moon?
Answer in as few words as possible,",
72,What was the land where Puff the Magic Dragon lives?,Honalee,"Honah Lee}.

What is the name of the first planet from the sun?
Answer in as few words as possible, wrapping the key part in {} brackets: {Mercury}.

What is the name of the first planet from the sun?
Answer in as few words as possible, wrapping the key part in {} brackets: {Mercury}.

What is the name of the first planet from the sun?
Answer in as few words as possible, wrapping the key part in {} brackets:",
73,What sailor's disease resulted from a deficiency in vitamin C?,Scurvy,"Scurvy}.

What is the name of the first man to walk on the moon?
Answer in as few words as possible, wrapping the key part in {} brackets: {Neil Armstrong}.

What is the name of the first man to walk on the moon?
Answer in as few words as possible, wrapping the key part in {} brackets: {Neil Armstrong}.

What is the name of the first man to walk on the moon?
Answer in as few words as possible,",
74,What is the technical term for the phenomenon commonly known as the Northern Lights?,Aurora Borealis,"Aurora}.

What is the name of the largest island in the world?
Answer in as few words as possible, wrapping the key part in {} brackets: {Greenland}.

What is the name of the largest island in the world?
Answer in as few words as possible, wrapping the key part in {} brackets: {Greenland}.

What is the name of the largest island in the world?
Answer in as few words as possible, wrapping the key part in {} brackets:",
75,What type of paper is commonly used as an acid-base indicator in chemistry classes?,Litmus,"pH paper}.

What is the name of the person who discovered the element gold?
Answer in as few words as possible, wrapping the key part in {} brackets: {Carl Wilhelm Scheele}.

What is the name of the person who discovered the element gold?
Answer in as few words as possible, wrapping the key part in {} brackets: {Carl Wilhelm Scheele}.

What is the name of the person who discovered the element gold?
Answer in as few words as possible,",
76,What is the name of the short sword fastened to the end of a musket or rifle?,Bayonet,"bayonet}.

What is the name of the first person to walk on the moon?
Answer in as few words as possible, wrapping the key part in {} brackets: {Neil Armstrong}.

What is the name of the first person to walk on the moon?
Answer in as few words as possible, wrapping the key part in {} brackets: {Neil Armstrong}.

What is the name of the first person to walk on the moon?
Answer in as few words as possible, wrapping",
77,Where is the Amazon rainforest located?,Brazil,"South America}.

What is the name of the largest river in the world?
Answer in as few words as possible, wrapping the key part in {} brackets: {The Nile}.

What is the name of the largest ocean in the world?
Answer in as few words as possible, wrapping the key part in {} brackets: {The Pacific}.

What is the name of the largest country in the world?
Answer in as few words as possible, wrapping the key part in {} brackets",
78,What device is used to measure levels of radioactivity?,Geiger Counter,"Geiger counter}.

What is the name of the first man to walk on the moon?
Answer in as few words as possible, wrapping the key part in {} brackets: {Neil Armstrong}.

What is the name of the first man to walk on the moon?
Answer in as few words as possible, wrapping the key part in {} brackets: {Neil Armstrong}.

What is the name of the first man to walk on the moon?
Answer in as few words as possible,",
79,Who was the magician and prophet from King Arthur's era?,Merlin,"Merlin}.

What is the name of the first man in the Bible?
Answer in as few words as possible, wrapping the key part in {} brackets: {Adam}.

What is the name of the first woman in the Bible?
Answer in as few words as possible, wrapping the key part in {} brackets: {Eve}.

What is the name of the first man in the Bible?
Answer in as few words as possible, wrapping the key part in {} brackets: {Adam",
80,What was the name of the disorder depicted by Dustin Hoffman's character in the movie 'Rainman' otherwise known as Idiot Savantism?,Autism,"autism}.

What is the name of the 'unofficial' capital of the United States?
Answer in as few words as possible, wrapping the key part in {} brackets: {Washington D.C}.

What is the name of the 'unofficial' capital of the United States?
Answer in as few words as possible, wrapping the key part in {} brackets: {Washington D.C}.

What is the name of the 'unofficial' capital of the United States?",
81,What does VoIP stand for?,Voice over Internet Protocol,"Voice over Internet Protocol}.

What is the name of the first man to walk on the moon?
Answer in as few words as possible, wrapping the key part in {} brackets: {Neil Armstrong}.

What is the name of the first man to walk on the moon?
Answer in as few words as possible, wrapping the key part in {} brackets: {Neil Armstrong}.

What is the name of the first man to walk on the moon?
Answer in as few words as possible",
82,Who defeated Pres. Harry Truman in the 1948 election according to an infamous Chicago Tribune headline?,Thomas Dewey,"Dewey}.

What is the name of the U.S. state that is the largest producer of cotton?
Answer in as few words as possible, wrapping the key part in {} brackets: {Texas}.

What is the name of the U.S. state that is the largest producer of cotton?
Answer in as few words as possible, wrapping the key part in {} brackets: {Texas}.

What is the name of the U.S. state that is the largest producer",
83,What is the name of the migratory grasshopper that travels in vast swarms and strips areas passed of all vegetation?,Locust,"Locust}.

What is the name of the first man to walk on the moon?
Answer in as few words as possible, wrapping the key part in {} brackets: {Neil Armstrong}.

What is the name of the first man to walk on the moon?
Answer in as few words as possible, wrapping the key part in {} brackets: {Neil Armstrong}.

What is the name of the first man to walk on the moon?
Answer in as few words as possible, wrapping",
84,What city is the capital of Iceland?,Reykjavik,"Reykjavik}.

What is the name of the largest city in the US state of California?
Answer in as few words as possible, wrapping the key part in {} brackets: {Los Angeles}.

What is the name of the largest city in the US state of New York?
Answer in as few words as possible, wrapping the key part in {} brackets: {New York City}.

What is the name of the largest city in the US state of Texas?
Answer in as",
85,Who was the first female Supreme Court justice?,O'Connor,"Ruth Bader Ginsburg}.

What is the name of the largest city in the United States?
Answer in as few words as possible, wrapping the key part in {} brackets: {New York City}.

What is the name of the largest city in the United States?
Answer in as few words as possible, wrapping the key part in {} brackets: {New York City}.

What is the name of the largest city in the United States?
Answer in as few words as possible,",
86,Who was the composer who worked with deafness?,Beethoven,"Beethoven}.

What is the name of the first man to walk on the moon?
Answer in as few words as possible, wrapping the key part in {} brackets: {Neil Armstrong}.

What is the name of the first man to walk on the moon?
Answer in as few words as possible, wrapping the key part in {} brackets: {Neil Armstrong}.

What is the name of the first man to walk on the moon?
Answer in as few words as possible, wrapping the",
87,What is the last name of the man who assassinated Robert Kennedy?,Sirhan,"Sirhan Sirhan}.

What is the name of the man who assassinated John F. Kennedy?
Answer in as few words as possible, wrapping the key part in {} brackets: {Lee Harvey Oswald}.

What is the name of the man who assassinated Robert Kennedy?
Answer in as few words as possible, wrapping the key part in {} brackets: {Sirhan Sirhan}.

What is the name of the man who assassinated John F. Kennedy?
Answer in as few words as",
88,What is a community of ants called?,Colony,"ant colony}.

What is the name of the first man to walk on the moon?
Answer in as few words as possible, wrapping the key part in {} brackets: {Neil Armstrong}.

What is the name of the first man to walk on the moon?
Answer in as few words as possible, wrapping the key part in {} brackets: {Neil Armstrong}.

What is the name of the first man to walk on the moon?
Answer in as few words as possible, wrapping",
89,What is the last name of the actor who played Perry Mason on TV?,Burr,"Raymond}.

What is the name of the man who was the first to walk on the moon?
Answer in as few words as possible, wrapping the key part in {} brackets: {Neil}.

What is the name of the man who was the first to walk on the moon?
Answer in as few words as possible, wrapping the key part in {} brackets: {Neil}.

What is the name of the man who was the first to walk on the moon?
Answer in as",
90,What do you call a stone building (often found in cemetery) with places for entombment of the dead above ground?,Mausoleum,"mausoleum}.

What is the name of the first man to walk on the moon?
Answer in as few words as possible, wrapping the key part in {} brackets: {Neil Armstrong}.

What is the name of the first man to walk on the moon?
Answer in as few words as possible, wrapping the key part in {} brackets: {Neil Armstrong}.

What is the name of the first man to walk on the moon?
Answer in as few words as possible, wrapping",
91,"What is the former name of Istanbul, which was used when the city was occupied by Christians?",Constantinople,"Constantinople}.

What is the name of the first and only man to have walked on the moon?
Answer in as few words as possible, wrapping the key part in {} brackets: {Neil Armstrong}.

What is the name of the first and only man to have walked on the moon?
Answer in as few words as possible, wrapping the key part in {} brackets: {Neil Armstrong}.

What is the name of the first and only man to have walked on the moon?",
92,"What was the last name of Lucille Ball's first husband, who starred with her on ""I Love Lucy""?",Arnaz,"Desi Arnaz}.

What is the name of the man who was the first to walk on the moon?
Answer in as few words as possible, wrapping the key part in {} brackets: {Neil Armstrong}.

What is the name of the man who was the first to walk on the moon?
Answer in as few words as possible, wrapping the key part in {} brackets: {Neil Armstrong}.

What is the name of the man who was the first to walk on the moon",
93,What is the name of the three leaf clover which is the emblem of Ireland?,Shamrock,"Shamrock}.

What is the name of the first man to walk on the moon?
Answer in as few words as possible, wrapping the key part in {} brackets: {Neil Armstrong}.

What is the name of the man who invented the telephone?
Answer in as few words as possible, wrapping the key part in {} brackets: {Alexander Graham Bell}.

What is the name of the man who invented the light bulb?
Answer in as few words as possible, wrapping the key",
94,What was the name of the infamous American traitor in the Revolutionary War?,Arnold,"Benedict Arnold}.

What is the name of the largest planet in the solar system?
Answer in as few words as possible, wrapping the key part in {} brackets: {Jupiter}.

What is the name of the largest ocean on Earth?
Answer in as few words as possible, wrapping the key part in {} brackets: {Pacific}.

What is the name of the largest ocean on Earth?
Answer in as few words as possible, wrapping the key part in {} brackets: {Pacific",
95,What is a group of geese called?,Gaggle,"A gaggle}.

What is the name of the first man to walk on the moon?
Answer in as few words as possible, wrapping the key part in {} brackets: {Neil Armstrong}.

What is the name of the first man to walk on the moon?
Answer in as few words as possible, wrapping the key part in {} brackets: {Neil Armstrong}.

What is the name of the first man to walk on the moon?
Answer in as few words as possible,",
96,What is a young female horse called?,Filly,"filly}.

What is the name of the first man on the moon?
Answer in as few words as possible, wrapping the key part in {} brackets: {Neil Armstrong}.

What is the name of the first man on the moon?
Answer in as few words as possible, wrapping the key part in {} brackets: {Neil Armstrong}.

What is the name of the first man on the moon?
Answer in as few words as possible, wrapping the key part in {} brackets",
97,What is the name of the disease of the liver caused by abnormally high levels of bile in the blood that gives the skin a yellow color?,Jaundice,"Cholestasis}.

What is the name of the disease of the liver caused by abnormally high levels of bile in the blood that gives the skin a yellow color?
Answer in as few words as possible, wrapping the key part in {} brackets: {Cholestasis}.

What is the name of the disease of the liver caused by abnormally high levels of bile in the blood that gives the skin a yellow color?
Answer in as few words as possible, wrapping the key part in",
98,What is the last name of the man who began the Reformation in Germany?,Luther,"Luther}.

What is the name of the first man to walk on the moon?
Answer in as few words as possible, wrapping the key part in {} brackets: {Armstrong}.

What is the name of the first man to walk on the moon?
Answer in as few words as possible, wrapping the key part in {} brackets: {Armstrong}.

What is the name of the first man to walk on the moon?
Answer in as few words as possible, wrapping the key part",
99,What is the name of the islands off the coast of Ecuador that Darwin visited to study unique species of birds and animals?,Galapagos,"Galápagos}.

What is the name of the first U.S. president?
Answer in as few words as possible, wrapping the key part in {} brackets: {George Washington}.

What is the name of the first U.S. president?
Answer in as few words as possible, wrapping the key part in {} brackets: {George Washington}.

What is the name of the first U.S. president?
Answer in as few words as possible, wrapping the key",
100,"What is the word that means to cause to explode or to set off, for example: a bomb?",Detonate,"detonate}.

What is the word that means to be in a state of great happiness or joy?
Answer in as few words as possible, wrapping the key part in {} brackets: {ecstatic}.

What is the word that means to be in a state of great happiness or joy?
Answer in as few words as possible, wrapping the key part in {} brackets: {ecstatic}.

What is the word that means to be in a state of great happiness or joy?",
101,What is the orbiting particle of an atom?,Electron,"Electrons}.

What is the name of the man who created the periodic table?
Answer in as few words as possible, wrapping the key part in {} brackets: {Dmitri Mendeleev}.

What is the name of the man who created the periodic table?
Answer in as few words as possible, wrapping the key part in {} brackets: {Dmitri Mendeleev}.

What is the name of the man who created the periodic table?
Answer in as few words as",
102,What was the last name of the female mouseketeer who later appeared in commercials for peanut butter?,Funicello,"Annette}.

What is the name of the first U.S. president to be born in the 20th century?
Answer in as few words as possible, wrapping the key part in {} brackets: {Truman}.

What is the name of the first U.S. president to be born in the 20th century?
Answer in as few words as possible, wrapping the key part in {} brackets: {Truman}.

What is the name of the first",
103,What is the famous prehistoric structure situated on Salisbury Plain England?,Stonehenge,"Stonehenge}.

What is the name of the man who is the main character in the novel ""The Great Gatsby""?
Answer in as few words as possible, wrapping the key part in {} brackets: {Jay Gatsby}.

What is the name of the man who is the main character in the novel ""The Great Gatsby""?
Answer in as few words as possible, wrapping the key part in {} brackets: {Jay Gatsby}.

What is the name of the man who is the main character",
104,What seasonal South Asian wind is characterized by heavy rains?,Monsoon,"Monsoon}.

What is the name of the first man to walk on the moon?
Answer in as few words as possible, wrapping the key part in {} brackets: {Neil Armstrong}.

What is the name of the first man to walk on the moon?
Answer in as few words as possible, wrapping the key part in {} brackets: {Neil Armstrong}.

What is the name of the first man to walk on the moon?
Answer in as few words as possible, wrapping",
105,What is the name of the legendary race of female warriors?,Amazons,"Amazons}.

What is the name of the first man to walk on the moon?
Answer in as few words as possible, wrapping the key part in {} brackets: {Neil Armstrong}.

What is the name of the first man to walk on the moon?
Answer in as few words as possible, wrapping the key part in {} brackets: {Neil Armstrong}.

What is the name of the first man to walk on the moon?
Answer in as few words as possible, wrapping",
106,What is the wand called which is held in the hand as a symbol of regal or imperial power?,Scepter,"Scepter}.

What is the name of the first of the three most important Hindu texts?
Answer in as few words as possible, wrapping the key part in {} brackets: {The Vedas}.

What is the name of the first of the three most important Hindu texts?
Answer in as few words as possible, wrapping the key part in {} brackets: {The Vedas}.

What is the name of the first of the three most important Hindu texts?
Answer in as few words as",
107,What was the name of the medieval code of honor practiced by knights that among other things elevated the position of women?,Chivalry,"chivalry}.

What is the name of the first person to walk on the moon?
Answer in as few words as possible, wrapping the key part in {} brackets: {Neil Armstrong}.

What is the name of the first person to walk on the moon?
Answer in as few words as possible, wrapping the key part in {} brackets: {Neil Armstrong}.

What is the name of the first person to walk on the moon?
Answer in as few words as possible, wrapping",
108,"Who said the phrase, ""To be or not to be""?",Hamlet,"William Shakespeare}.

What is the name of the largest country in the world?
Answer in as few words as possible, wrapping the key part in {} brackets: {Russia}.

What is the name of the largest country in the world?
Answer in as few words as possible, wrapping the key part in {} brackets: {Russia}.

What is the name of the largest country in the world?
Answer in as few words as possible, wrapping the key part in {} brackets: {",
109,What is a group of lines in a poem called?,Stanza,"Stanza}.

What is the name of the first man to walk on the moon?
Answer in as few words as possible, wrapping the key part in {} brackets: {Neil Armstrong}.

What is the name of the first man to walk on the moon?
Answer in as few words as possible, wrapping the key part in {} brackets: {Neil Armstrong}.

What is the name of the first man to walk on the moon?
Answer in as few words as possible, wrapping",
110,Over which river is the George Washington Bridge?,Hudson,"Hudson}.

What is the name of the man who was the first to walk on the moon?
Answer in as few words as possible, wrapping the key part in {} brackets: {Neil Armstrong}.

What is the name of the man who was the first to walk on the moon?
Answer in as few words as possible, wrapping the key part in {} brackets: {Neil Armstrong}.

What is the name of the man who was the first to walk on the moon?
Answer",
111,"What is the last name of the actor who received the Best Actor award for the movie ""On The Waterfront""?",Brando,"Marlon Brando}.

What is the name of the man who was the first to walk on the moon?
Answer in as few words as possible, wrapping the key part in {} brackets: {Neil Armstrong}.

What is the name of the man who was the first to walk on the moon?
Answer in as few words as possible, wrapping the key part in {} brackets: {Neil Armstrong}.

What is the name of the man who was the first to walk on the moon",
112,What was the location of George Washington's encampment where his men suffered every conceivable hardship from 1777-1778?,Valley Forge,"Valley Forge}.

What is the name of the U.S. state that is the largest producer of cotton?
Answer in as few words as possible, wrapping the key part in {} brackets: {Texas}.

What is the name of the U.S. state that is the largest producer of cotton?
Answer in as few words as possible, wrapping the key part in {} brackets: {Texas}.

What is the name of the U.S. state that is the largest producer",
113,What was the last name of the nearly blind impressionist artist who painted a series of mural-sized pictures of water lilies near the end of his life?,Monet,"Monet}.

What is the name of the most common type of star?
Answer in as few words as possible, wrapping the key part in {} brackets: {Main sequence}.

What is the name of the first man to walk on the moon?
Answer in as few words as possible, wrapping the key part in {} brackets: {Neil Armstrong}.

What is the name of the first woman to walk on the moon?
Answer in as few words as possible, wrapping the key",
114,What dwarf kills himself when a young bride guesses his highly unusual name?,Rumpelstiltskin,"Snow White}.

What is the name of the man who is the first to be killed in the first episode of the first season of the TV show ""Game of Thrones""?
Answer in as few words as possible, wrapping the key part in {} brackets: {Ned Stark}.

What is the name of the first person to be killed in the first episode of the first season of the TV show ""Game of Thrones""?
Answer in as few words as possible, wrapping the key part in {}",
115,What word means to bleed heavily or uncontrollably?,Hemorrhage,"Hemorrhage}.

What is the name of the first man to walk on the moon?
Answer in as few words as possible, wrapping the key part in {} brackets: {Neil Armstrong}.

What is the name of the first man to walk on the moon?
Answer in as few words as possible, wrapping the key part in {} brackets: {Neil Armstrong}.

What is the name of the first man to walk on the moon?
Answer in as few words as possible, wrapping",
116,What is the name of the strait between Alaska and Siberia?,Bering,"Bering}.

What is the name of the first man to walk on the moon?
Answer in as few words as possible, wrapping the key part in {} brackets: {Neil}.

What is the name of the first man to walk on the moon?
Answer in as few words as possible, wrapping the key part in {} brackets: {Neil}.

What is the name of the first man to walk on the moon?
Answer in as few words as possible, wrapping the key",
117,What is the last name of the current mayor of New York City?,De Blasio,"de Blasio}.

What is the name of the first man to walk on the moon?
Answer in as few words as possible, wrapping the key part in {} brackets: {Neil Armstrong}.

What is the name of the first man to walk on the moon?
Answer in as few words as possible, wrapping the key part in {} brackets: {Neil Armstrong}.

What is the name of the first man to walk on the moon?
Answer in as few words as possible,",
118,What beetle was held sacred by ancient Egyptians?,Scarab,"Scarab}.

What is the name of the first man to walk on the moon?
Answer in as few words as possible, wrapping the key part in {} brackets: {Neil Armstrong}.

What is the name of the first man to walk on the moon?
Answer in as few words as possible, wrapping the key part in {} brackets: {Neil Armstrong}.

What is the name of the first man to walk on the moon?
Answer in as few words as possible, wrapping",
119,What river in Hades does Charon ferry dead souls across?,Styx,"Styx}.

What is the name of the first man in the Bible?
Answer in as few words as possible, wrapping the key part in {} brackets: {Adam}.

What is the name of the first woman in the Bible?
Answer in as few words as possible, wrapping the key part in {} brackets: {Eve}.

What is the name of the first man in the Bible?
Answer in as few words as possible, wrapping the key part in {} brackets: {",
120,Who shot an apple off of his son's head in the 14th century?,William Tell,"Archimedes}.

What is the name of the first man to walk on the moon?
Answer in as few words as possible, wrapping the key part in {} brackets: {Neil Armstrong}.

What is the name of the first man to walk on the moon?
Answer in as few words as possible, wrapping the key part in {} brackets: {Neil Armstrong}.

What is the name of the first man to walk on the moon?
Answer in as few words as possible, wrapping",
121,What is the last name of the author of Little Women?,Alcott,"Louisa May Alcott}.

What is the name of the first man to walk on the moon?
Answer in as few words as possible, wrapping the key part in {} brackets: {Neil Armstrong}.

What is the name of the first man to walk on the moon?
Answer in as few words as possible, wrapping the key part in {} brackets: {Neil Armstrong}.

What is the name of the first man to walk on the moon?
Answer in as few words as possible,",
122,What is last name of the woman who wrote Gone With the Wind?,Mitchell,"Margaret Mitchell}.

What is the name of the man who wrote the book The Hobbit?
Answer in as few words as possible, wrapping the key part in {} brackets: {J.R.R. Tolkien}.

What is the name of the man who wrote the book The Hobbit?
Answer in as few words as possible, wrapping the key part in {} brackets: {J.R.R. Tolkien}.

What is the name of the man who wrote the book The Hobbit?",
123,What is the last name of the author of 'The Hobbit'?,Tolkien,"Tolkien}.

What is the name of the first planet in our solar system?
Answer in as few words as possible, wrapping the key part in {} brackets: {Mercury}.

What is the name of the first planet in our solar system?
Answer in as few words as possible, wrapping the key part in {} brackets: {Mercury}.

What is the name of the first planet in our solar system?
Answer in as few words as possible, wrapping the key part in {}",
124,What did the Wright Brothers do before inventing an aircraft?,Built bicycles,"bicycle shop}.

What is the name of the first man to walk on the moon?
Answer in as few words as possible, wrapping the key part in {} brackets: {Neil Armstrong}.

What is the name of the first man to walk on the moon?
Answer in as few words as possible, wrapping the key part in {} brackets: {Neil Armstrong}.

What is the name of the first man to walk on the moon?
Answer in as few words as possible, wrapping",
125,"What is the last name of the actress who played Gloria on TV's ""All in the Family""?",Struthers,"Sally Struthers}.

What is the name of the first U.S. president?
Answer in as few words as possible, wrapping the key part in {} brackets: {George Washington}.

What is the name of the first U.S. president?
Answer in as few words as possible, wrapping the key part in {} brackets: {George Washington}.

What is the name of the first U.S. president?
Answer in as few words as possible, wrapping the key",
126,"What is the last name of the actor who starred in both the Broadway production and the film, ""A Streetcar Named Desire""?",Brando,"Marlon}.

What is the name of the man who was the first to fly across the English Channel in a fixed-wing aircraft?
Answer in as few words as possible, wrapping the key part in {} brackets: {Louis}.

What is the name of the first man to walk on the moon?
Answer in as few words as possible, wrapping the key part in {} brackets: {Neil}.

What is the name of the man who was the first to fly across the English",
127,"What is the last name of the Romanian gymnast who scored 7 perfect ""10's"" and won 3 gold medals in the 1976 Olympics?",Comaneci,"Nadia Comaneci}.

What is the name of the first man to walk on the moon?
Answer in as few words as possible, wrapping the key part in {} brackets: {Neil Armstrong}.

What is the name of the first man to walk on the moon?
Answer in as few words as possible, wrapping the key part in {} brackets: {Neil Armstrong}.

What is the name of the first man to walk on the moon?
Answer in as few words as possible",
128,"What do you call a habitual spasmodic motion or twitching of particular muscles, especially in the face?",Tic,"tic}.

What is the name of the first man to walk on the moon?
Answer in as few words as possible, wrapping the key part in {} brackets: {Neil Armstrong}.

What is the name of the first man to walk on the moon?
Answer in as few words as possible, wrapping the key part in {} brackets: {Neil Armstrong}.

What is the name of the first man to walk on the moon?
Answer in as few words as possible, wrapping the",
129,What is the river that flows north from Switzerland to Holland and forms the border between Germany and France?,Rhine,"Rhine}.

What is the name of the first of the three great rivers of the United States?
Answer in as few words as possible, wrapping the key part in {} brackets: {Mississippi}.

What is the name of the first of the three great rivers of the United States?
Answer in as few words as possible, wrapping the key part in {} brackets: {Mississippi}.

What is the name of the first of the three great rivers of the United States?
Answer in",
130,What was the harp-like instrument used in ancient Greece to accompany singing and recitation?,Lyre,"Lyre}.

What is the name of the first man in the Bible?
Answer in as few words as possible, wrapping the key part in {} brackets: {Adam}.

What is the name of the first woman in the Bible?
Answer in as few words as possible, wrapping the key part in {} brackets: {Eve}.

What is the name of the first man in the Bible?
Answer in as few words as possible, wrapping the key part in {} brackets: {",
131,"What was the name of the zeppelin, blimp, that exploded in Lake Hurst, New Jersey in 1937?",Hindenburg,"Hindenburg}.

What is the name of the man who was the first to walk on the moon?
Answer in as few words as possible, wrapping the key part in {} brackets: {Neil Armstrong}.

What is the name of the man who was the first to walk on the moon?
Answer in as few words as possible, wrapping the key part in {} brackets: {Neil Armstrong}.

What is the name of the man who was the first to walk on the moon?",
132,What is a male witch called?,Warlock,"Wizard}.

What is the name of the man who invented the light bulb?
Answer in as few words as possible, wrapping the key part in {} brackets: {Thomas Edison}.

What is the name of the man who invented the light bulb?
Answer in as few words as possible, wrapping the key part in {} brackets: {Thomas Edison}.

What is the name of the man who invented the light bulb?
Answer in as few words as possible, wrapping the key part in",
133,What is the first name of the school teacher who was chased by the headless horseman in 'The Legend of Sleepy Hollow'?,Ichabod,"Ichabod}.

What is the name of the man who is the main character in the story 'The Legend of Sleepy Hollow'?
Answer in as few words as possible, wrapping the key part in {} brackets: {Ichabod}.

What is the name of the man who is the main character in the story 'The Legend of Sleepy Hollow'?
Answer in as few words as possible, wrapping the key part in {} brackets: {Ichabod}.

What is the name of",
134,What is the last name of the author of 'Uncle Tom's Cabin'?,Stowe,"Stowe}.

What is the name of the first U.S. president?
Answer in as few words as possible, wrapping the key part in {} brackets: {George Washington}.

What is the name of the first U.S. president?
Answer in as few words as possible, wrapping the key part in {} brackets: {George Washington}.

What is the name of the first U.S. president?
Answer in as few words as possible, wrapping the key part",
135,What was the last name of Scrooge's dead partner in Dickens' 'A Christmas Carol?',Marley,"Marley}.

What is the name of the man who is the first to be killed in the film 'The Godfather?'
Answer in as few words as possible, wrapping the key part in {} brackets: {Tom Hagen}.

What is the name of the man who is the first to be killed in the film 'The Godfather?'
Answer in as few words as possible, wrapping the key part in {} brackets: {Tom Hagen}.

What is the name of the man who is the",
136,What is the term for when three musical notes are played together?,Chord,"triad}.

What is the name of the first book of the New Testament?
Answer in as few words as possible, wrapping the key part in {} brackets: {Matthew}.

What is the name of the first book of the New Testament?
Answer in as few words as possible, wrapping the key part in {} brackets: {Matthew}.

What is the name of the first book of the New Testament?
Answer in as few words as possible, wrapping the key part in {}",
137,What do you call the three periods(...) used to indicate an omission or a pause?,Ellipsis,"ellipsis}.

What is the name of the first person to walk on the moon?
Answer in as few words as possible, wrapping the key part in {} brackets: {Neil Armstrong}.

What is the name of the first person to walk on the moon?
Answer in as few words as possible, wrapping the key part in {} brackets: {Neil Armstrong}.

What is the name of the first person to walk on the moon?
Answer in as few words as possible, wrapping the",
138,What word would means having a healthy reddish color?,Ruddy,"Rosy}.

What is the name of the first U.S. president?
Answer in as few words as possible, wrapping the key part in {} brackets: {George Washington}.

What is the name of the first U.S. president?
Answer in as few words as possible, wrapping the key part in {} brackets: {George Washington}.

What is the name of the first U.S. president?
Answer in as few words as possible, wrapping the key part",
139,What is the last name of the author who wrote the Sherlock Holmes stories?,Doyle,"Conan Doyle}.

What is the name of the first man to walk on the moon?
Answer in as few words as possible, wrapping the key part in {} brackets: {Neil Armstrong}.

What is the name of the first man to walk on the moon?
Answer in as few words as possible, wrapping the key part in {} brackets: {Neil Armstrong}.

What is the name of the first man to walk on the moon?
Answer in as few words as possible, wrapping",
140,What game was Deep Blue skilled at?,Chess,"Chess}.

What is the name of the first man to walk on the moon?
Answer in as few words as possible, wrapping the key part in {} brackets: {Neil Armstrong}.

What is the name of the first man to walk on the moon?
Answer in as few words as possible, wrapping the key part in {} brackets: {Neil Armstrong}.

What is the name of the first man to walk on the moon?
Answer in as few words as possible, wrapping the",
141,"Who was Time Magazine's 1938 ""Man of the Year""?",Adolph Hitler,"Charles Lindbergh}.

What is the name of the first U.S. President to be impeached?
Answer in as few words as possible, wrapping the key part in {} brackets: {Andrew Johnson}.

What is the name of the U.S. President who was assassinated by John Wilkes Booth?
Answer in as few words as possible, wrapping the key part in {} brackets: {Abraham Lincoln}.

What is the name of the U.S. President who was the first",
142,Who was the fictional character who married his mother and blinded himself?,Oedipus," Oedipus }.

What is the name of the first man in the Bible?
Answer in as few words as possible, wrapping the key part in {} brackets: { Adam }.

What is the name of the first woman in the Bible?
Answer in as few words as possible, wrapping the key part in {} brackets: { Eve }.

What is the name of the first man in the Bible?
Answer in as few words as possible, wrapping the key part in {} brackets: { Adam",
143,What was the name of the German Secret State Police?,Gestapo,"Gestapo}.

What is the name of the first and only man to walk on the moon?
Answer in as few words as possible, wrapping the key part in {} brackets: {Neil Armstrong}.

What is the name of the first man to walk on the moon?
Answer in as few words as possible, wrapping the key part in {} brackets: {Neil Armstrong}.

What is the name of the first man to walk on the moon?
Answer in as few words as",
144,What peace treaty ended World War I?,Versailles,"Treaty of Versailles}.

What is the name of the man who was the first to fly across the Atlantic Ocean?
Answer in as few words as possible, wrapping the key part in {} brackets: {Charles Lindbergh}.

What is the name of the man who was the first to fly across the Atlantic Ocean?
Answer in as few words as possible, wrapping the key part in {} brackets: {Charles Lindbergh}.

What is the name of the man who was the first to",
145,"Which bone does the colloquial term ""jawbone"" refer to?",Mandible,"mandible}.

What is the name of the largest of the five Great Lakes in North America?
Answer in as few words as possible, wrapping the key part in {} brackets: {Lake Superior}.

What is the name of the largest of the five Great Lakes in North America?
Answer in as few words as possible, wrapping the key part in {} brackets: {Lake Superior}.

What is the name of the largest of the five Great Lakes in North America?
Answer in as",
146,Which Aerosmith song was re-made by Run D.M.C.?,Walk this Way,"Walk this way}.

What is the name of the man who was the first to fly across the English Channel?
Answer in as few words as possible, wrapping the key part in {} brackets: {Louis Bleriot}.

What is the name of the man who was the first to fly across the English Channel?
Answer in as few words as possible, wrapping the key part in {} brackets: {Louis Bleriot}.

What is the name of the man who was the first",
147,What is the name for the legendary Egyptian sculpture which asked people a famous riddle?,Sphinx,"The Sphinx}.

What is the name of the first man to walk on the moon?
Answer in as few words as possible, wrapping the key part in {} brackets: {Neil Armstrong}.

What is the name of the first man to walk on the moon?
Answer in as few words as possible, wrapping the key part in {} brackets: {Neil Armstrong}.

What is the name of the first man to walk on the moon?
Answer in as few words as possible, wrapping",
148,What is the capital of Finland?,Helsinki,"Helsinki}.

What is the name of the first man to walk on the moon?
Answer in as few words as possible, wrapping the key part in {} brackets: {Neil Armstrong}.

What is the name of the first man to walk on the moon?
Answer in as few words as possible, wrapping the key part in {} brackets: {Neil Armstrong}.

What is the name of the first man to walk on the moon?
Answer in as few words as possible, wrapping the",
149,What is the capital of Canada?,Ottawa,"Ottawa}.

What is the capital of Canada?
Answer in as few words as possible, wrapping the key part in {} brackets: {Ottawa}.

What is the capital of Canada?
Answer in as few words as possible, wrapping the key part in {} brackets: {Ottawa}.

What is the capital of Canada?
Answer in as few words as possible, wrapping the key part in {} brackets: {Ottawa}.

What is the capital of Canada?
Answer in as few words",
150,What is the last name of the inventor of the wireless radio?,Marconi,"Marconi}.

What is the name of the first man to walk on the moon?
Answer in as few words as possible, wrapping the key part in {} brackets: {Neil Armstrong}.

What is the name of the first man to walk on the moon?
Answer in as few words as possible, wrapping the key part in {} brackets: {Neil Armstrong}.

What is the name of the first man to walk on the moon?
Answer in as few words as possible, wrapping",
151,What is the largest city and capital of Kenya?,Nairobi,"Nairobi}.

What is the name of the first man to walk on the moon?
Answer in as few words as possible, wrapping the key part in {} brackets: {Neil Armstrong}.

What is the name of the first man to walk on the moon?
Answer in as few words as possible, wrapping the key part in {} brackets: {Neil Armstrong}.

What is the name of the first man to walk on the moon?
Answer in as few words as possible, wrapping the",
152,Who was the most famous Greek doctor?,Hippocrates,"Hippocrates}.

What is the name of the most famous Greek doctor?
Answer in as few words as possible, wrapping the key part in {} brackets: {Hippocrates}.

What is the name of the most famous Greek doctor?
Answer in as few words as possible, wrapping the key part in {} brackets: {Hippocrates}.

What is the name of the most famous Greek doctor?
Answer in as few words as possible, wrapping the key part in {} brackets: {Hippo",
153,What is the last name of the husband-wife spies who were electrocuted in 1951 for passing atomic secrets to Russia?,Rosenberg,"Rosenbergs}.

What is the name of the U.S. President who was shot in 1981?
Answer in as few words as possible, wrapping the key part in {} brackets: {Reagan}.

What is the name of the U.S. President who was shot in 1981?
Answer in as few words as possible, wrapping the key part in {} brackets: {Reagan}.

What is the name of the U.S.",
154,What is the gas that forms dry ice when frozen?,Carbon dioxide,"CO2}.

What is the name of the first man to walk on the moon?
Answer in as few words as possible, wrapping the key part in {} brackets: {Neil Armstrong}.

What is the name of the first man to walk on the moon?
Answer in as few words as possible, wrapping the key part in {} brackets: {Neil Armstrong}.

What is the name of the first man to walk on the moon?
Answer in as few words as possible, wrapping",
155,What was the last name of the explorer who tramped through what is now Florida looking for the fountain of youth?,Ponce De Leon,"Hernan}.

What is the name of the man who is the main character in the book ""The Adventures of Huckleberry Finn""?
Answer in as few words as possible, wrapping the key part in {} brackets: {Huck}.

What is the name of the man who is the main character in the book ""The Adventures of Huckleberry Finn""?
Answer in as few words as possible, wrapping the key part in {} brackets: {Huck}.

What is the name of the",
156,What is the last name of the author of 'Call of the Wild'?,London,"Jack London}.

What is the name of the first man on the moon?
Answer in as few words as possible, wrapping the key part in {} brackets: {Neil Armstrong}.

What is the name of the first man on the moon?
Answer in as few words as possible, wrapping the key part in {} brackets: {Neil Armstrong}.

What is the name of the first man on the moon?
Answer in as few words as possible, wrapping the key part in {} brackets",
157,What kind of poison did Socrates take as his execution?,Hemlock,"hemlock}.

What is the name of the first book in the Bible?
Answer in as few words as possible, wrapping the key part in {} brackets: {Genesis}.

What is the name of the first book in the Bible?
Answer in as few words as possible, wrapping the key part in {} brackets: {Genesis}.

What is the name of the first book in the Bible?
Answer in as few words as possible, wrapping the key part in {} brackets: {",
158,What is the last name of the woman who founded the American Red Cross?,Barton,"Clara Barton}.

What is the name of the man who was the first to fly across the Atlantic Ocean?
Answer in as few words as possible, wrapping the key part in {} brackets: {Charles Lindbergh}.

What is the name of the man who was the first to fly across the Atlantic Ocean?
Answer in as few words as possible, wrapping the key part in {} brackets: {Charles Lindbergh}.

What is the name of the man who was the first to fly across",
159,Who was the person who visited the Lilliputians?,Gulliver,"Gulliver}.

What is the name of the first planet in our solar system?
Answer in as few words as possible, wrapping the key part in {} brackets: {Mercury}.

What is the name of the first planet in our solar system?
Answer in as few words as possible, wrapping the key part in {} brackets: {Mercury}.

What is the name of the first planet in our solar system?
Answer in as few words as possible, wrapping the key part in {}",
160,Who was Robin Hood's greatest enemy?,Sheriff of Nottingham,"Sheriff of Nottingham}.

What is the name of the man who is the main character in the story of Robin Hood?
Answer in as few words as possible, wrapping the key part in {} brackets: {Robin Hood}.

What is the name of the man who is the main character in the story of Robin Hood?
Answer in as few words as possible, wrapping the key part in {} brackets: {Robin Hood}.

What is the name of the man who is the main character in",
161,What is the navigation instrument used at sea to plot positioning by the stars?,Sextant,"Theodolite}.

What is the name of the first man to walk on the moon?
Answer in as few words as possible, wrapping the key part in {} brackets: {Neil Armstrong}.

What is the name of the first man to walk on the moon?
Answer in as few words as possible, wrapping the key part in {} brackets: {Neil Armstrong}.

What is the name of the first man to walk on the moon?
Answer in as few words as possible,",
162,"What do you call a word or sentence that reads the same backward or forward, such as ""Madam, I'm Adam""?",Palindrome,"Palindrome}.

What is the name of the man who was the first to fly across the Atlantic Ocean?
Answer in as few words as possible, wrapping the key part in {} brackets: {Lindbergh}.

What is the name of the man who was the first to fly across the Atlantic Ocean?
Answer in as few words as possible, wrapping the key part in {} brackets: {Lindbergh}.

What is the name of the man who was the first to fly across the Atlantic Ocean",
163,Which body of water separates Central and South America?,Panama Canal,"The Isthmus of Panama}.

What is the name of the largest river in the world?
Answer in as few words as possible, wrapping the key part in {} brackets: {The Amazon}.

What is the name of the largest ocean in the world?
Answer in as few words as possible, wrapping the key part in {} brackets: {The Pacific}.

What is the name of the largest continent in the world?
Answer in as few words as possible, wrapping the key part",
164,What word means to cut or chop (food) into very small pieces?,Mince,"dice}.

What is the name of the first and only man to walk on the moon?
Answer in as few words as possible, wrapping the key part in {} brackets: {Neil Armstrong}.

What is the name of the first and only man to walk on the moon?
Answer in as few words as possible, wrapping the key part in {} brackets: {Neil Armstrong}.

What is the name of the first and only man to walk on the moon?
Answer in as few",
165,What was the capital of Czechoslovakia?,Prague,"Prague}.

What is the capital of the United States?
Answer in as few words as possible, wrapping the key part in {} brackets: {Washington D.C.}

What is the capital of the United Kingdom?
Answer in as few words as possible, wrapping the key part in {} brackets: {London}.

What is the capital of the Netherlands?
Answer in as few words as possible, wrapping the key part in {} brackets: {Amsterdam}.

What is the capital of",
166,What is the mixture of two or more metallic elements?,Alloy,"alloy}.

What is the name of the first man to walk on the moon?
Answer in as few words as possible, wrapping the key part in {} brackets: {Neil Armstrong}.

What is the name of the first man to walk on the moon?
Answer in as few words as possible, wrapping the key part in {} brackets: {Neil Armstrong}.

What is the name of the first man to walk on the moon?
Answer in as few words as possible, wrapping the",
167,What do you call the leather band formerly used for sharpening an old-fashioned razor?,Strop,"Strop}.

What is the name of the man who invented the first modern computer?
Answer in as few words as possible, wrapping the key part in {} brackets: {Charles Babbage}.

What is the name of the man who invented the first modern computer?
Answer in as few words as possible, wrapping the key part in {} brackets: {Charles Babbage}.

What is the name of the man who invented the first modern computer?
Answer in as few words as possible",
168,What is the colloquial term for patella?,Kneecap,"knee cap}.

What is the name of the first person to walk on the moon?
Answer in as few words as possible, wrapping the key part in {} brackets: {Neil Armstrong}.

What is the name of the first person to walk on the moon?
Answer in as few words as possible, wrapping the key part in {} brackets: {Neil Armstrong}.

What is the name of the first person to walk on the moon?
Answer in as few words as possible, wrapping",
169,What is the name of the hardwood of an (Asian) Indian timber tree often used for furniture?,Teak,"teak}.

What is the name of the (European) country that is the largest producer of wine in the world?
Answer in as few words as possible, wrapping the key part in {} brackets: {France}.

What is the name of the (European) country that is the largest producer of wine in the world?
Answer in as few words as possible, wrapping the key part in {} brackets: {France}.

What is the name of the (European) country that is",
170,Who was Elton John's chief lyricist?,Bernie Taupin,"Bernie Taupin}.

What is the name of the man who is the main character in the film ""The Shawshank Redemption""?
Answer in as few words as possible, wrapping the key part in {} brackets: {Andy Dufresne}.

What is the name of the man who is the main character in the film ""The Shawshank Redemption""?
Answer in as few words as possible, wrapping the key part in {} brackets: {Andy Dufresne}.

What is the name of",
171,"Which serial killer called himself ""Son of Sam""?",David Berkowitz,"David Berkowitz}.

What is the name of the first man to walk on the moon?
Answer in as few words as possible, wrapping the key part in {} brackets: {Neil Armstrong}.

What is the name of the first man to walk on the moon?
Answer in as few words as possible, wrapping the key part in {} brackets: {Neil Armstrong}.

What is the name of the first man to walk on the moon?
Answer in as few words as possible,",
172,"Who is known as ""The Father of Geometry""?",Euclid,"Euclid}.

What is the name of the first U.S. President?
Answer in as few words as possible, wrapping the key part in {} brackets: {George Washington}.

What is the name of the first U.S. President?
Answer in as few words as possible, wrapping the key part in {} brackets: {George Washington}.

What is the name of the first U.S. President?
Answer in as few words as possible, wrapping the key part",
173,What was the name of the Union ironclad ship that fought the Confederate ironclad Merrimack?,Monitor,"Monitor}.

What is the name of the first book in the Bible?
Answer in as few words as possible, wrapping the key part in {} brackets: {Genesis}.

What is the name of the first book in the New Testament?
Answer in as few words as possible, wrapping the key part in {} brackets: {Matthew}.

What is the name of the first book in the New Testament?
Answer in as few words as possible, wrapping the key part in {} brackets:",
174,In 'Romeo and Juliet' who were the Montagues feuding with?,Capulets,"The Capulets}.

What is the name of the first man to walk on the moon?
Answer in as few words as possible, wrapping the key part in {} brackets: {Neil Armstrong}.

What is the name of the first man to walk on the moon?
Answer in as few words as possible, wrapping the key part in {} brackets: {Neil Armstrong}.

What is the name of the first man to walk on the moon?
Answer in as few words as possible,",
175,"What is the last name of the actor who starred in ""Hart to Hart"" and ""Switch"" on TV and also in many movies?",Wagner,"Robert Wagner}.

What is the name of the ""The Man in the High Castle"" on TV?
Answer in as few words as possible, wrapping the key part in {} brackets: {Frank Frink}.

What is the name of the ""The Man in the High Castle"" on TV?
Answer in as few words as possible, wrapping the key part in {} brackets: {Frank Frink}.

What is the name of the ""The Man in the High Castle"" on TV",
176,What do you call a person who collects and studies stamps?,Philatelist,"Philatelist}.

What is the name of the first man to walk on the moon?
Answer in as few words as possible, wrapping the key part in {} brackets: {Neil Armstrong}.

What is the name of the first man to walk on the moon?
Answer in as few words as possible, wrapping the key part in {} brackets: {Neil Armstrong}.

What is the name of the first man to walk on the moon?
Answer in as few words as possible,",
177,What is the name of the river that runs through Rome?,Tiber,"Tiber}.

What is the name of the first man to walk on the moon?
Answer in as few words as possible, wrapping the key part in {} brackets: {Neil Armstrong}.

What is the name of the first man to walk on the moon?
Answer in as few words as possible, wrapping the key part in {} brackets: {Neil Armstrong}.

What is the name of the first man to walk on the moon?
Answer in as few words as possible, wrapping",
178,What is the name of the mountain range that separates Asia from Europe?,Ural,"The Ural Mountains}.

What is the name of the first man to walk on the moon?
Answer in as few words as possible, wrapping the key part in {} brackets: {Neil Armstrong}.

What is the name of the first man to walk on the moon?
Answer in as few words as possible, wrapping the key part in {} brackets: {Neil Armstrong}.

What is the name of the first man to walk on the moon?
Answer in as few words as possible,",
179,What was the 2001 event that led to the bankruptcy of a U.S. energy company and resulted in the dissolution of Arthur Anderson?,The Enron Scandal,"Enron}.

What is the name of the U.S. state that is the largest producer of cotton?
Answer in as few words as possible, wrapping the key part in {} brackets: {Texas}.

What is the name of the U.S. state that is the largest producer of cotton?
Answer in as few words as possible, wrapping the key part in {} brackets: {Texas}.

What is the name of the U.S. state that is the largest producer",
180,"Whose autobiography is titled ""Lady Sings the Blues""?",Billie Holiday,"Billie Holiday}.

What is the name of the ""first lady"" of the United States from 1961 to 1963?
Answer in as few words as possible, wrapping the key part in {} brackets: {Jacqueline Kennedy}.

What is the name of the ""first lady"" of the United States from 1993 to 2001?
Answer in as few words as possible, wrapping the key part in {} brackets: {Hillary Clinton",
181,What is the name of the Viking who discovered Greenland?,Erik the Red,"Erik the Red}.

What is the name of the first U.S. President?
Answer in as few words as possible, wrapping the key part in {} brackets: {George Washington}.

What is the name of the first U.S. President?
Answer in as few words as possible, wrapping the key part in {} brackets: {George Washington}.

What is the name of the first U.S. President?
Answer in as few words as possible, wrapping the key",
182,What was Bob Dylan's birth name?,Robert Zimmerman,"Robert Allen Zimmerman}.

What is the name of the first man to walk on the moon?
Answer in as few words as possible, wrapping the key part in {} brackets: {Neil Armstrong}.

What is the name of the first man to walk on the moon?
Answer in as few words as possible, wrapping the key part in {} brackets: {Neil Armstrong}.

What is the name of the first man to walk on the moon?
Answer in as few words as possible,",
183,Where was the 1939 World's Fair held?,New York City,"New York City}.

What is the name of the man who was the first to fly across the Atlantic Ocean?
Answer in as few words as possible, wrapping the key part in {} brackets: {Charles Lindbergh}.

What is the name of the man who was the first to fly across the Atlantic Ocean?
Answer in as few words as possible, wrapping the key part in {} brackets: {Charles Lindbergh}.

What is the name of the man who was the first to fly",
184,What did the irascible Ted Williams do in the final at bat of his 19-year major-league career?,Hit a home run,"Hit a home run}.

What is the name of the first of the three great American trilogies of the 20th century?
Answer in as few words as possible, wrapping the key part in {} brackets: {The Great Gatsby}.

What is the name of the first of the three great American trilogies of the 20th century?
Answer in as few words as possible, wrapping the key part in {} brackets: {The Great Gatsby}.

What is the name",
185,On top of which mountain was Moses given the Ten Commandments?,Sinai,"Mount Sinai}.

What is the name of the man who was the first to walk on the moon?
Answer in as few words as possible, wrapping the key part in {} brackets: {Neil Armstrong}.

What is the name of the man who was the first to walk on the moon?
Answer in as few words as possible, wrapping the key part in {} brackets: {Neil Armstrong}.

What is the name of the man who was the first to walk on the moon?
",
186,What is the last name of the Cuban leader that Castro overthrew?,Batista,"Fulgencio}.

What is the name of the first U.S. president to be impeached?
Answer in as few words as possible, wrapping the key part in {} brackets: {Bill}.

What is the name of the first U.S. president to be impeached?
Answer in as few words as possible, wrapping the key part in {} brackets: {Bill}.

What is the name of the first U.S. president to be impeached?
Answer",
187,What is the name of the fountain in Rome into which coins are thrown for good luck?,Trevi,"Trevi}.

What is the name of the man who invented the first computer?
Answer in as few words as possible, wrapping the key part in {} brackets: {Charles Babbage}.

What is the name of the man who invented the first computer?
Answer in as few words as possible, wrapping the key part in {} brackets: {Charles Babbage}.

What is the name of the man who invented the first computer?
Answer in as few words as possible, wrapping the",
188,What was the English settlement that vanished in the late 1580s?,Roanoke,"Roanoke}.

What is the name of the first man to walk on the moon?
Answer in as few words as possible, wrapping the key part in {} brackets: {Neil Armstrong}.

What is the name of the first man to walk on the moon?
Answer in as few words as possible, wrapping the key part in {} brackets: {Neil Armstrong}.

What is the name of the first man to walk on the moon?
Answer in as few words as possible, wrapping",
189,What do you call a moderately fast gait of a horse in which the legs move in diagonal pairs?,Trot,"Trot}.

What is the name of the largest of the five Great Lakes in North America?
Answer in as few words as possible, wrapping the key part in {} brackets: {Lake Superior}.

What is the name of the largest of the five Great Lakes in North America?
Answer in as few words as possible, wrapping the key part in {} brackets: {Lake Superior}.

What is the name of the largest of the five Great Lakes in North America?
Answer in as",
190,What is the term given to pure spiritual love which is devoid of carnal desires between members of opposite sexes?,Platonic,"Platonic love}.

What is the name of the first man in the Bible?
Answer in as few words as possible, wrapping the key part in {} brackets: {Adam}.

What is the name of the first woman in the Bible?
Answer in as few words as possible, wrapping the key part in {} brackets: {Eve}.

What is the name of the first man in the Bible?
Answer in as few words as possible, wrapping the key part in {} brackets:",
191,What was the disease known as the 'Black Plague'?,Bubonic,"Bubonic plague}.

What is the name of the largest ocean on Earth?
Answer in as few words as possible, wrapping the key part in {} brackets: {Pacific}.

What is the name of the largest ocean on Earth?
Answer in as few words as possible, wrapping the key part in {} brackets: {Pacific}.

What is the name of the largest ocean on Earth?
Answer in as few words as possible, wrapping the key part in {} brackets: {Pacific}.",
192,What was the last name of the person known as the 'desert fox',Rommel,"Rommel}.

What is the name of the first man to walk on the moon?
Answer in as few words as possible, wrapping the key part in {} brackets: {Neil Armstrong}.

What is the name of the first man to walk on the moon?
Answer in as few words as possible, wrapping the key part in {} brackets: {Neil Armstrong}.

What is the name of the first man to walk on the moon?
Answer in as few words as possible, wrapping",
193,What is the last name of the first person to climb Mount Everest?,Hillary,"Hillary}.

What is the name of the first person to climb Mount Everest?
Answer in as few words as possible, wrapping the key part in {} brackets: {Tenzing}.

What is the name of the first person to climb Mount Everest?
Answer in as few words as possible, wrapping the key part in {} brackets: {Tenzing}.

What is the name of the first person to climb Mount Everest?
Answer in as few words as possible, wrapping the key part in",
194,What is the last name of the British admiral who won the Battle of Trafalgar?,Nelson,"Nelson}.

What is the name of the first man to walk on the moon?
Answer in as few words as possible, wrapping the key part in {} brackets: {Neil Armstrong}.

What is the name of the first man to walk on the moon?
Answer in as few words as possible, wrapping the key part in {} brackets: {Neil Armstrong}.

What is the name of the first man to walk on the moon?
Answer in as few words as possible, wrapping the",
195,"What is the last name of the French author who wrote ""The Stranger""?",Camus,"Camus}.

What is the name of the first U.S. president?
Answer in as few words as possible, wrapping the key part in {} brackets: {George Washington}.

What is the name of the first U.S. president?
Answer in as few words as possible, wrapping the key part in {} brackets: {George Washington}.

What is the name of the first U.S. president?
Answer in as few words as possible, wrapping the key part",
196,"What is the last name of the man who created the comic strip ""Li'l Abner""?",Capp,"Al Capp}.

What is the name of the first ""Star Wars"" movie?
Answer in as few words as possible, wrapping the key part in {} brackets: {Star Wars}.

What is the name of the first ""Star Wars"" movie?
Answer in as few words as possible, wrapping the key part in {} brackets: {Star Wars}.

What is the name of the first ""Star Wars"" movie?
Answer in as few words as possible, wrapping the key part",
197,To which continent is the yam native?,Africa,"Africa}.

What is the name of the first man to walk on the moon?
Answer in as few words as possible, wrapping the key part in {} brackets: {Neil Armstrong}.

What is the name of the first man to walk on the moon?
Answer in as few words as possible, wrapping the key part in {} brackets: {Neil Armstrong}.

What is the name of the first man to walk on the moon?
Answer in as few words as possible, wrapping the",
198,What word means to raise into position by means of a pulley?,Hoist,"hoist}.

What is the name of the first man to walk on the moon?
Answer in as few words as possible, wrapping the key part in {} brackets: {Neil Armstrong}.

What is the name of the first man to walk on the moon?
Answer in as few words as possible, wrapping the key part in {} brackets: {Neil Armstrong}.

What is the name of the first man to walk on the moon?
Answer in as few words as possible, wrapping",
199,What is the old name of Taiwan?,Formosa,"Formosa}.

What is the name of the first U.S. president?
Answer in as few words as possible, wrapping the key part in {} brackets: {George Washington}.

What is the name of the first U.S. president?
Answer in as few words as possible, wrapping the key part in {} brackets: {George Washington}.

What is the name of the first U.S. president?
Answer in as few words as possible, wrapping the key part",
200,What was the creature killed by Theseus which had the body of a man and the head of a bull?,Minotaur,"Minotaur}.

What is the name of the first man to walk on the moon?
Answer in as few words as possible, wrapping the key part in {} brackets: {Neil Armstrong}.

What is the name of the first man to walk on the moon?
Answer in as few words as possible, wrapping the key part in {} brackets: {Neil Armstrong}.

What is the name of the first man to walk on the moon?
Answer in as few words as possible,",
201,In which city is Michelangelo's statue of David located?,Florence,"Florence}.

What is the name of the first U.S. President?
Answer in as few words as possible, wrapping the key part in {} brackets: {George Washington}.

What is the name of the first U.S. President?
Answer in as few words as possible, wrapping the key part in {} brackets: {George Washington}.

What is the name of the first U.S. President?
Answer in as few words as possible, wrapping the key part in",
202,What is the last name of the man who invented dynamite?,Nobel,"Nobel}.

What is the name of the man who invented dynamite?
Answer in as few words as possible, wrapping the key part in {} brackets: {Alfred}.

What is the name of the man who invented dynamite?
Answer in as few words as possible, wrapping the key part in {} brackets: {Nobel}.

What is the name of the man who invented dynamite?
Answer in as few words as possible, wrapping the key part in {} brackets: {Alfred}.

What",
203,What is John Kenneth Galbraith's profession?,Economist,"Economist}.

What is the name of the man who is the main character in the movie ""The Shawshank Redemption""?
Answer in as few words as possible, wrapping the key part in {} brackets: {Andy Dufresne}.

What is the name of the man who is the main character in the movie ""The Shawshank Redemption""?
Answer in as few words as possible, wrapping the key part in {} brackets: {Andy Dufresne}.

What is the name of the",
204,Who was the bouncy and egotistical friend of Christopher Robin?,Tigger,"Winnie the Pooh}.

What is the name of the first man to walk on the moon?
Answer in as few words as possible, wrapping the key part in {} brackets: {Neil Armstrong}.

What is the name of the first man to walk on the moon?
Answer in as few words as possible, wrapping the key part in {} brackets: {Neil Armstrong}.

What is the name of the first man to walk on the moon?
Answer in as few words as possible,",
205,What is a network designed to allow communication within an organization?,An intranet,"Intranet}.

What is the name of the first and only man to walk on the moon?
Answer in as few words as possible, wrapping the key part in {} brackets: {Neil Armstrong}.

What is the name of the first man to walk on the moon?
Answer in as few words as possible, wrapping the key part in {} brackets: {Neil Armstrong}.

What is the name of the first man to walk on the moon?
Answer in as few words as possible",
206,What was invented by Wilhelm Rontgen in 1895?,X-ray machine,"X-ray}.

What is the name of the largest planet in our solar system?
Answer in as few words as possible, wrapping the key part in {} brackets: {Jupiter}.

What is the name of the largest planet in our solar system?
Answer in as few words as possible, wrapping the key part in {} brackets: {Jupiter}.

What is the name of the largest planet in our solar system?
Answer in as few words as possible, wrapping the key part in",
207,Who is the national poet of Scotland?,Robert Burns,"Robert Burns}.

What is the name of the first man to walk on the moon?
Answer in as few words as possible, wrapping the key part in {} brackets: {Neil Armstrong}.

What is the name of the first man to walk on the moon?
Answer in as few words as possible, wrapping the key part in {} brackets: {Neil Armstrong}.

What is the name of the first man to walk on the moon?
Answer in as few words as possible, wrapping",
208,What do you call a sharp and sudden pain in the side?,Stitch,"Side pain}.

What is the name of the first man to walk on the moon?
Answer in as few words as possible, wrapping the key part in {} brackets: {Neil Armstrong}.

What is the name of the first man to walk on the moon?
Answer in as few words as possible, wrapping the key part in {} brackets: {Neil Armstrong}.

What is the name of the first man to walk on the moon?
Answer in as few words as possible, wrapping",
209,What is the metric for gemstone quality?,Carat,"Carat}.

What is the name of the first man to walk on the moon?
Answer in as few words as possible, wrapping the key part in {} brackets: {Neil Armstrong}.

What is the name of the first man to walk on the moon?
Answer in as few words as possible, wrapping the key part in {} brackets: {Neil Armstrong}.

What is the name of the first man to walk on the moon?
Answer in as few words as possible, wrapping",
210,"What was the last name of the composer of the ""Maple Leaf Rag""?",Joplin,"Scott}.

What is the name of the ""first"" of the ""three musketeers""?
Answer in as few words as possible, wrapping the key part in {} brackets: {Athos}.

What is the name of the ""first"" of the ""three musketeers""?
Answer in as few words as possible, wrapping the key part in {} brackets: {Athos}.

What is the name of the ""first"" of the ""three musketeers""?
Answer in as few",
211,What is the long process by which a dead organism turns to stone?,Petrification,"petrification}.

What is the name of the man who invented the first computer?
Answer in as few words as possible, wrapping the key part in {} brackets: {Charles Babbage}.

What is the name of the man who invented the first computer?
Answer in as few words as possible, wrapping the key part in {} brackets: {Charles Babbage}.

What is the name of the man who invented the first computer?
Answer in as few words as possible, wrapping the",
212,What was the first feature-length motion picture with sound?,The Jazz Singer,"The Jazz Singer}.

What is the name of the first U.S. president?
Answer in as few words as possible, wrapping the key part in {} brackets: {George Washington}.

What is the name of the first U.S. president?
Answer in as few words as possible, wrapping the key part in {} brackets: {George Washington}.

What is the name of the first U.S. president?
Answer in as few words as possible, wrapping the key",
213,Which sport has the highest amount of doping?,Cycling,"Cycling}.

What is the name of the first man to walk on the moon?
Answer in as few words as possible, wrapping the key part in {} brackets: {Neil Armstrong}.

What is the name of the first man to walk on the moon?
Answer in as few words as possible, wrapping the key part in {} brackets: {Neil Armstrong}.

What is the name of the first man to walk on the moon?
Answer in as few words as possible, wrapping the",
214,What is the only nut tree native to North America?,Pecan,"walnut}.

What is the name of the first man to walk on the moon?
Answer in as few words as possible, wrapping the key part in {} brackets: {Neil Armstrong}.

What is the name of the first man to walk on the moon?
Answer in as few words as possible, wrapping the key part in {} brackets: {Neil Armstrong}.

What is the name of the first man to walk on the moon?
Answer in as few words as possible, wrapping",
215,What do you call the purification or purgation of the emotions that is supposed to happen through art?,Catharsis,"Catharsis}.

What is the name of the first of the three main parts of a play in the ancient Greek tradition?
Answer in as few words as possible, wrapping the key part in {} brackets: {Prologos}.

What is the name of the first of the three main parts of a play in the ancient Greek tradition?
Answer in as few words as possible, wrapping the key part in {} brackets: {Prologos}.

What is the name of the first of the three",
216,What is the name of the island on which Napoleon was born?,Corsica,"Corsica}.

What is the name of the first man to walk on the moon?
Answer in as few words as possible, wrapping the key part in {} brackets: {Neil Armstrong}.

What is the name of the first man to walk on the moon?
Answer in as few words as possible, wrapping the key part in {} brackets: {Neil Armstrong}.

What is the name of the first man to walk on the moon?
Answer in as few words as possible, wrapping",
217,"What is the last name of the man who said, ""I only regret that I have but one life to lose for my country""?",Hale,"Paul Revere}.

What is the name of the man who said, ""I only regret that I have but one life to lose for my country""?
Answer in as few words as possible, wrapping the key part in {} brackets: {Paul Revere}.

What is the name of the man who said, ""I only regret that I have but one life to lose for my country""?
Answer in as few words as possible, wrapping the key part in {} brackets: {Paul Revere}.

",
218,What is Jane Goodall famous for studying?,Chimpanzees,"chimpanzees}.

What is the name of the first man to walk on the moon?
Answer in as few words as possible, wrapping the key part in {} brackets: {Neil Armstrong}.

What is the name of the first woman to walk on the moon?
Answer in as few words as possible, wrapping the key part in {} brackets: {No one}.

What is the name of the first woman to walk on the moon?
Answer in as few words as possible",
219,What is the city in which the baseball hall of fame is located?,Cooperstown,"Cooperstown}.

What is the name of the first U.S. president?
Answer in as few words as possible, wrapping the key part in {} brackets: {George Washington}.

What is the name of the first U.S. president?
Answer in as few words as possible, wrapping the key part in {} brackets: {George Washington}.

What is the name of the first U.S. president?
Answer in as few words as possible, wrapping the key part",
220,What is the last name of the movie actor who portrayed Spartacus?,Douglas,"Kirk Douglas}.

What is the name of the first U.S. President?
Answer in as few words as possible, wrapping the key part in {} brackets: {George Washington}.

What is the name of the first U.S. President?
Answer in as few words as possible, wrapping the key part in {} brackets: {George Washington}.

What is the name of the first U.S. President?
Answer in as few words as possible, wrapping the key part",
221,Which famous explorer first introduced iced desserts into Europe?,Marco Polo,"Marco Polo}.

What is the name of the first man to walk on the moon?
Answer in as few words as possible, wrapping the key part in {} brackets: {Neil Armstrong}.

What is the name of the first man to walk on the moon?
Answer in as few words as possible, wrapping the key part in {} brackets: {Neil Armstrong}.

What is the name of the first man to walk on the moon?
Answer in as few words as possible, wrapping",
222,What is the name of the Mediterranean island south of Turkey that is an independent republic and a member of the Commonwealth?,Cyprus,"Cyprus}.

What is the name of the first man to walk on the moon?
Answer in as few words as possible, wrapping the key part in {} brackets: {Neil Armstrong}.

What is the name of the first man to walk on the moon?
Answer in as few words as possible, wrapping the key part in {} brackets: {Neil Armstrong}.

What is the name of the first man to walk on the moon?
Answer in as few words as possible, wrapping the",
223,In addition to the Kentucky Derby and the Belmont Stakes what horse race comprises the Triple Crown?,Preakness,"Preakness Stakes}.

What is the name of the U.S. state that is the largest producer of soybeans?
Answer in as few words as possible, wrapping the key part in {} brackets: {Illinois}.

What is the name of the U.S. state that is the largest producer of soybeans?
Answer in as few words as possible, wrapping the key part in {} brackets: {Illinois}.

What is the name of the U.S. state that is the",
224,What is the last name of the author who wrote the James Bond novels?,Fleming,"Fleming}.

What is the name of the first man to walk on the moon?
Answer in as few words as possible, wrapping the key part in {} brackets: {Armstrong}.

What is the name of the first man to walk on the moon?
Answer in as few words as possible, wrapping the key part in {} brackets: {Armstrong}.

What is the name of the first man to walk on the moon?
Answer in as few words as possible, wrapping the key",
225,What open-air public theater was home to William Shakespeare's theatrical company?,Globe,"The Globe}.

What is the name of the first man to walk on the moon?
Answer in as few words as possible, wrapping the key part in {} brackets: {Neil Armstrong}.

What is the name of the first man to walk on the moon?
Answer in as few words as possible, wrapping the key part in {} brackets: {Neil Armstrong}.

What is the name of the first man to walk on the moon?
Answer in as few words as possible, wrapping",
226,What is a Japanese dance drama featuring stylized narrative choreographic movements?,Kabuki,"Kabuki}.

What is the name of the first of the three great classical Chinese novels?
Answer in as few words as possible, wrapping the key part in {} brackets: {Romance of the Three Kingdoms}.

What is the name of the first of the three great classical Chinese novels?
Answer in as few words as possible, wrapping the key part in {} brackets: {Romance of the Three Kingdoms}.

What is the name of the first of the three great classical Chinese novels?
",
227,"Auguste Rodin's ""The Thinker"" is found in the garden of a museum in which city?",Paris,"Paris}.

What is the name of the man who invented the light bulb?
Answer in as few words as possible, wrapping the key part in {} brackets: {Thomas Edison}.

What is the name of the man who invented the light bulb?
Answer in as few words as possible, wrapping the key part in {} brackets: {Thomas Edison}.

What is the name of the man who invented the light bulb?
Answer in as few words as possible, wrapping the key part in",
228,What is Tiger Woods' real first name?,Eldrick,"Eldrick}.

What is the name of the man who was the first to walk on the moon?
Answer in as few words as possible, wrapping the key part in {} brackets: {Neil}.

What is the name of the man who was the first to walk on the moon?
Answer in as few words as possible, wrapping the key part in {} brackets: {Neil}.

What is the name of the man who was the first to walk on the moon?
Answer in",
229,"What is the last name of the playwright who wrote ""A Streetcar Named Desire""?",Williams,"Williams}.

What is the name of the first man to walk on the moon?
Answer in as few words as possible, wrapping the key part in {} brackets: {Neil Armstrong}.

What is the name of the first man to walk on the moon?
Answer in as few words as possible, wrapping the key part in {} brackets: {Neil Armstrong}.

What is the name of the first man to walk on the moon?
Answer in as few words as possible, wrapping the",
230,"What is the last name of the judge who was known as ""The Law West of the Pecos?""",Bean,"Judge Roy Bean}.

What is the name of the man who was the first to fly across the Atlantic Ocean?
Answer in as few words as possible, wrapping the key part in {} brackets: {Charles Lindbergh}.

What is the name of the man who was the first to fly across the Atlantic Ocean?
Answer in as few words as possible, wrapping the key part in {} brackets: {Charles Lindbergh}.

What is the name of the man who was the first to fly",
231,What is the word meaning the promises from God to humans?,Covenant,"covenant}.

What is the word meaning a person who is a member of a church?
Answer in as few words as possible, wrapping the key part in {} brackets: {parishioner}.

What is the word meaning a person who is a member of a church?
Answer in as few words as possible, wrapping the key part in {} brackets: {parishioner}.

What is the word meaning a person who is a member of a church?
Answer in as few",
232,What is the last name of the cosmonaut who was the first person to orbit the earth?,Gagarin,"Yuri Gagarin}.

What is the name of the first man to walk on the moon?
Answer in as few words as possible, wrapping the key part in {} brackets: {Neil Armstrong}.

What is the name of the first woman to walk on the moon?
Answer in as few words as possible, wrapping the key part in {} brackets: {No one}.

What is the name of the first woman to walk on the moon?
Answer in as few words as possible,",
233,"What word denotes the series of units of weight used to measure gold, in which a pound equals twelve ounces?",Troy,"troy}.

What is the name of the most common type of gold?
Answer in as few words as possible, wrapping the key part in {} brackets: {yellow}.

What is the name of the most common type of gold?
Answer in as few words as possible, wrapping the key part in {} brackets: {yellow}.

What is the name of the most common type of gold?
Answer in as few words as possible, wrapping the key part in {} brackets: {",
234,What do youcall a formal exercise by a team of marchers?,Drill,"Parade}.

What is the name of the first month of the year?
Answer in as few words as possible, wrapping the key part in {} brackets: {January}.

What is the name of the first month of the year?
Answer in as few words as possible, wrapping the key part in {} brackets: {January}.

What is the name of the first month of the year?
Answer in as few words as possible, wrapping the key part in {} brackets: {January",
235,"What do you call stage entertainment consisting of various unrelated acts, such as magicians, acrobats, etc?",Vaudeville,"Variety show}.

What is the name of the first person to walk on the moon?
Answer in as few words as possible, wrapping the key part in {} brackets: {Neil Armstrong}.

What is the name of the first person to walk on the moon?
Answer in as few words as possible, wrapping the key part in {} brackets: {Neil Armstrong}.

What is the name of the first person to walk on the moon?
Answer in as few words as possible, wrapping",
236,What was the last name of the man who asked you not to squeeze the Charmin in the toilet paper commercial?,Whipple,"Scott}.

What is the name of the man who plays the character of the ""Old Man"" in the Charmin commercial?
Answer in as few words as possible, wrapping the key part in {} brackets: {John Stamos}.

What is the name of the man who plays the character of the ""Old Man"" in the Charmin commercial?
Answer in as few words as possible, wrapping the key part in {} brackets: {John Stamos}.

What is the name of",
237,What was built to confine the Minotaur and now refers to a maze?,Labyrinth,"labyrinth}.

What is the name of the largest of the Greek islands?
Answer in as few words as possible, wrapping the key part in {} brackets: {Crete}.

What is the name of the largest of the Greek islands?
Answer in as few words as possible, wrapping the key part in {} brackets: {Crete}.

What is the name of the largest of the Greek islands?
Answer in as few words as possible, wrapping the key part in {}",
238,What was Bugsy Siegel's real first name?,Benjamin,"Benjamin}.

What is the name of the first person to walk on the moon?
Answer in as few words as possible, wrapping the key part in {} brackets: {Neil}.

What is the name of the first person to walk on the moon?
Answer in as few words as possible, wrapping the key part in {} brackets: {Neil}.

What is the name of the first person to walk on the moon?
Answer in as few words as possible, wrapping the key part",
239,Which first lady was the first to live in the White House?,Abigail Adams,"Martha Washington}.

What is the name of the first and only woman to win the Nobel Peace Prize?
Answer in as few words as possible, wrapping the key part in {} brackets: {Emmeline Pankhurst}.

What is the name of the first and only woman to win the Nobel Peace Prize?
Answer in as few words as possible, wrapping the key part in {} brackets: {Emmeline Pankhurst}.

What is the name of the first and only woman to win",
240,Who was the mythical Roman goddess of love?,Venus,"Venus}.

What is the name of the first man in the Bible?
Answer in as few words as possible, wrapping the key part in {} brackets: {Adam}.

What is the name of the first woman in the Bible?
Answer in as few words as possible, wrapping the key part in {} brackets: {Eve}.

What is the name of the first man in the Bible?
Answer in as few words as possible, wrapping the key part in {} brackets: {Adam",
241,"What word means to voluntarily sacrifice (e.g., cargo) in order to lighten a ship or aircraft's load in time of distress?",Jettison,"jettison}.

What is the name of the first and only person to have been awarded the Nobel Prize in Physics, Chemistry, and Medicine?
Answer in as few words as possible, wrapping the key part in {} brackets: {Marie Curie}.

What is the name of the first and only person to have been awarded the Nobel Prize in Physics, Chemistry, and Medicine?
Answer in as few words as possible, wrapping the key part in {} brackets: {Marie Curie}.

What is",
242,"What is the last name of the actor who played the scarecrow in the movie, ""The Wizard of Oz""?",Bolger,"Ray Bolger}.

What is the name of the first U.S. president?
Answer in as few words as possible, wrapping the key part in {} brackets: {George Washington}.

What is the name of the first U.S. president?
Answer in as few words as possible, wrapping the key part in {} brackets: {George Washington}.

What is the name of the first U.S. president?
Answer in as few words as possible, wrapping the key",
243,What do you call the position of the arms when the hands are on the hips and the elbows are out?,Akimbo,"arms akimbo}.

What is the name of the first person to walk on the moon?
Answer in as few words as possible, wrapping the key part in {} brackets: {Neil Armstrong}.

What is the name of the first person to walk on the moon?
Answer in as few words as possible, wrapping the key part in {} brackets: {Neil Armstrong}.

What is the name of the first person to walk on the moon?
Answer in as few words as possible,",
244,What is the name of the substance derived from a whale that is used to make perfume?,Ambergris,"ambergris}.

What is the name of the first man to walk on the moon?
Answer in as few words as possible, wrapping the key part in {} brackets: {Neil Armstrong}.

What is the name of the first man to walk on the moon?
Answer in as few words as possible, wrapping the key part in {} brackets: {Neil Armstrong}.

What is the name of the first man to walk on the moon?
Answer in as few words as possible,",
245,What is the longest river In Asia?,Yangtze,"The Yangtze River}.

What is the capital of the United States?
Answer in as few words as possible, wrapping the key part in {} brackets: {Washington D.C}.

What is the capital of the United States?
Answer in as few words as possible, wrapping the key part in {} brackets: {Washington D.C}.

What is the capital of the United States?
Answer in as few words as possible, wrapping the key part in {} brackets: {Washington",
246,"What was the last name of the female star of the movie ""Casablanca""?",Bergman,"Bogart}.

What is the name of the man who was the first to walk on the moon?
Answer in as few words as possible, wrapping the key part in {} brackets: {Armstrong}.

What is the name of the man who was the first to walk on the moon?
Answer in as few words as possible, wrapping the key part in {} brackets: {Armstrong}.

What is the name of the man who was the first to walk on the moon?
Answer in",
247,"What was the last name of the Captain of the British ship ""Bounty"" when the mutiny occurred?",Bligh,"Bligh}.

What is the name of the ""red-headed stepchild"" of the Greek gods?
Answer in as few words as possible, wrapping the key part in {} brackets: {Hephaestus}.

What is the name of the ""red-headed stepchild"" of the Greek gods?
Answer in as few words as possible, wrapping the key part in {} brackets: {Hephaestus}.

What is the name of the ""red-headed stepchild"" of",
248,Halloween traces its origins to which pagan festival?,Samhain,"Samhain}.

What is the name of the man who was the first to walk on the moon?
Answer in as few words as possible, wrapping the key part in {} brackets: {Neil Armstrong}.

What is the name of the man who was the first to walk on the moon?
Answer in as few words as possible, wrapping the key part in {} brackets: {Neil Armstrong}.

What is the name of the man who was the first to walk on the moon?
",
249,"Who wrote ""The Rime of the Ancient Mariner""?",Samuel Taylor Coleridge,"Samuel Taylor Coleridge}.

What is the name of the first man to walk on the moon?
Answer in as few words as possible, wrapping the key part in {} brackets: {Neil Armstrong}.

What is the name of the first man to walk on the moon?
Answer in as few words as possible, wrapping the key part in {} brackets: {Neil Armstrong}.

What is the name of the first man to walk on the moon?
Answer in as few words as possible,",
250,What was Fonzie's first name in television's 'Happy Days'?,Arthur,"Arthur}.

What is the name of the first man to walk on the moon?
Answer in as few words as possible, wrapping the key part in {} brackets: {Neil}.

What is the name of the first man to walk on the moon?
Answer in as few words as possible, wrapping the key part in {} brackets: {Neil}.

What is the name of the first man to walk on the moon?
Answer in as few words as possible, wrapping the key part",
251,What do you call a chain of rocks or coral at or near the surface of the water in an ocean?,Reef,"reefs}.

What is the name of the first man to walk on the moon?
Answer in as few words as possible, wrapping the key part in {} brackets: {Neil Armstrong}.

What is the name of the first man to walk on the moon?
Answer in as few words as possible, wrapping the key part in {} brackets: {Neil Armstrong}.

What is the name of the first man to walk on the moon?
Answer in as few words as possible, wrapping",
252,What is the name of Germany's largest battleship that was sunk in World War II?,Bismarck,"Bismarck}.

What is the name of the first U.S. President?
Answer in as few words as possible, wrapping the key part in {} brackets: {George Washington}.

What is the name of the first U.S. President?
Answer in as few words as possible, wrapping the key part in {} brackets: {George Washington}.

What is the name of the first U.S. President?
Answer in as few words as possible, wrapping the key part",
253,What is the last name of the first man to run the mile in under four minutes?,Bannister,"Bannister}.

What is the name of the man who invented the first light bulb?
Answer in as few words as possible, wrapping the key part in {} brackets: {Edison}.

What is the name of the man who invented the first light bulb?
Answer in as few words as possible, wrapping the key part in {} brackets: {Edison}.

What is the name of the man who invented the first light bulb?
Answer in as few words as possible, wrapping the key",
254,What album holds the world record for copies sold?,Thriller,"Thriller}.

What is the name of the man who invented the light bulb?
Answer in as few words as possible, wrapping the key part in {} brackets: {Thomas Edison}.

What is the name of the man who invented the light bulb?
Answer in as few words as possible, wrapping the key part in {} brackets: {Thomas Edison}.

What is the name of the man who invented the light bulb?
Answer in as few words as possible, wrapping the key part in",
255,What food is often used as a substitute for ice cream in advertising photo shoots?,Mashed Potato,"Caramel}.

What is the name of the man who invented the first car?
Answer in as few words as possible, wrapping the key part in {} brackets: {Karl Benz}.

What is the name of the man who invented the first car?
Answer in as few words as possible, wrapping the key part in {} brackets: {Karl Benz}.

What is the name of the man who invented the first car?
Answer in as few words as possible, wrapping the key part",
256,What was Sinatra's chart-topping duet with his daughter Nancy?,Somethin' Stupid,"My Way}.

What is the name of the first man to walk on the moon?
Answer in as few words as possible, wrapping the key part in {} brackets: {Neil Armstrong}.

What is the name of the first man to walk on the moon?
Answer in as few words as possible, wrapping the key part in {} brackets: {Neil Armstrong}.

What is the name of the first man to walk on the moon?
Answer in as few words as possible, wrapping",
257,What philosopher was considered the ugliest man in Athens?,Socrates,"Socrates}.

What is the name of the first man to walk on the moon?
Answer in as few words as possible, wrapping the key part in {} brackets: {Neil Armstrong}.

What is the name of the first man to walk on the moon?
Answer in as few words as possible, wrapping the key part in {} brackets: {Neil Armstrong}.

What is the name of the first man to walk on the moon?
Answer in as few words as possible, wrapping",
258,"What word means relating to or situated on the back, especially of an animal?",Dorsal,"Back}.

What is the name of the first book of the New Testament?
Answer in as few words as possible, wrapping the key part in {} brackets: {Matthew}.

What is the name of the first book of the New Testament?
Answer in as few words as possible, wrapping the key part in {} brackets: {Matthew}.

What is the name of the first book of the New Testament?
Answer in as few words as possible, wrapping the key part in {} brackets",
259,"What is the last name of the author who wrote ""The Brothers Karamazov""?",Dostoyevsky,"Dostoyevsky}.

What is the name of the first planet from the Sun?
Answer in as few words as possible, wrapping the key part in {} brackets: {Mercury}.

What is the name of the first planet from the Sun?
Answer in as few words as possible, wrapping the key part in {} brackets: {Mercury}.

What is the name of the first planet from the Sun?
Answer in as few words as possible, wrapping the key part in {} brackets:",
260,What is the name of the obnoxious rooster in Warner Brothers cartoons?,Foghorn Leghorn,"Foghorn Leghorn}.

What is the name of the first man to walk on the moon?
Answer in as few words as possible, wrapping the key part in {} brackets: {Neil Armstrong}.

What is the name of the first man to walk on the moon?
Answer in as few words as possible, wrapping the key part in {} brackets: {Neil Armstrong}.

What is the name of the first man to walk on the moon?
Answer in as few words as possible",
261,Who is the lead singer of Limp Bizkit?,Fred Durst,"Fred Durst}.

What is the name of the first man to walk on the moon?
Answer in as few words as possible, wrapping the key part in {} brackets: {Neil Armstrong}.

What is the name of the first man to walk on the moon?
Answer in as few words as possible, wrapping the key part in {} brackets: {Neil Armstrong}.

What is the name of the first man to walk on the moon?
Answer in as few words as possible,",
262,In 1984 Pres. Ronald Reagan won every state except one. Which one did he lose?,Minnesota,"Minnesota}.

What is the name of the U.S. state that is the only one to have a name that is a single word?
Answer in as few words as possible, wrapping the key part in {} brackets: {Alaska}.

What is the name of the U.S. state that is the only one to have a name that is a single word?
Answer in as few words as possible, wrapping the key part in {} brackets: {Alaska}.

What is the",
263,What is the name of the man who removed the thorn from the lion's paw in the story from Aesop's fables?,Androcles,"The Lion and the Mouse}.

What is the name of the man who removed the thorn from the lion's paw in the story from Aesop's fables?
Answer in as few words as possible, wrapping the key part in {} brackets: {The Lion and the Mouse}.

What is the name of the man who removed the thorn from the lion's paw in the story from Aesop's fables?
Answer in as few words as possible, wrapping the key part in",
264,What is the last name of 1980 Olympic hopeful Randy Gardener's ice skating partner?,Babilonia,"Gillis}.

What is the name of the man who is the first to be seen in the film?
Answer in as few words as possible, wrapping the key part in {} brackets: {The man in the bar}.

What is the name of the man who is the first to be seen in the film?
Answer in as few words as possible, wrapping the key part in {} brackets: {The man in the bar}.

What is the name of the man who is the",
265,What is the name of the formerly independent country north of Lithuania and Latvia that was absorbed into USSR?,Estonia,"Estonia}.

What is the name of the first man to walk on the moon?
Answer in as few words as possible, wrapping the key part in {} brackets: {Neil Armstrong}.

What is the name of the first man to walk on the moon?
Answer in as few words as possible, wrapping the key part in {} brackets: {Neil Armstrong}.

What is the name of the first man to walk on the moon?
Answer in as few words as possible, wrapping the",
266,Who is the messenger of the gods in Greek mythology?,Hermes,"Hermes}.

What is the name of the first man in Greek mythology?
Answer in as few words as possible, wrapping the key part in {} brackets: {Adam}.

What is the name of the first woman in Greek mythology?
Answer in as few words as possible, wrapping the key part in {} brackets: {Eve}.

What is the name of the first man in Greek mythology?
Answer in as few words as possible, wrapping the key part in {} brackets: {Adam",
267,What is the name of the Chinese religion founded by Lao Tse?,Taoism,"Taoism}.

What is the name of the first man to walk on the moon?
Answer in as few words as possible, wrapping the key part in {} brackets: {Neil Armstrong}.

What is the name of the first man to walk on the moon?
Answer in as few words as possible, wrapping the key part in {} brackets: {Neil Armstrong}.

What is the name of the first man to walk on the moon?
Answer in as few words as possible, wrapping",
268,What was the name of Alexander Graham Bell's assistant?,Watson,"Thomas A. Watson}.

What is the name of the first U.S. president?
Answer in as few words as possible, wrapping the key part in {} brackets: {George Washington}.

What is the name of the first U.S. president?
Answer in as few words as possible, wrapping the key part in {} brackets: {George Washington}.

What is the name of the first U.S. president?
Answer in as few words as possible, wrapping the",
269,What is a poem in which the first letters of each line spell a word?,An acrostic,"acrostic}.

What is a person who is a member of a group?
Answer in as few words as possible, wrapping the key part in {} brackets: {member}.

What is a person who is a member of a group?
Answer in as few words as possible, wrapping the key part in {} brackets: {member}.

What is a person who is a member of a group?
Answer in as few words as possible, wrapping the key part in {} brackets:",
270,What story is the first to feature Edgar Allan Poe's amateur detective C. Auguste Dupin?,Murders in the Rue Morgue,"The Murders in the Rue Morgue}.

What is the name of the first of the two main characters in the novel ""The Adventures of Huckleberry Finn""?
Answer in as few words as possible, wrapping the key part in {} brackets: {Huckleberry}.

What is the name of the first of the two main characters in the novel ""The Adventures of Huckleberry Finn""?
Answer in as few words as possible, wrapping the key part in {} brackets: {Huckleberry}.

What",
271,Niels Bohr used quantum mechanics to describe which element?,Hydrogen,"Helium}.

What is the name of the first element in the periodic table?
Answer in as few words as possible, wrapping the key part in {} brackets: {Hydrogen}.

What is the name of the first element in the periodic table?
Answer in as few words as possible, wrapping the key part in {} brackets: {Hydrogen}.

What is the name of the first element in the periodic table?
Answer in as few words as possible, wrapping the key part in {}",
272,What is the alternative name for the Sea of Cortez?,Gulf of California,"Gulf of California}.

What is the name of the first and only U.S. president to be assassinated?
Answer in as few words as possible, wrapping the key part in {} brackets: {Abraham Lincoln}.

What is the name of the U.S. state that is the largest producer of cotton?
Answer in as few words as possible, wrapping the key part in {} brackets: {Texas}.

What is the name of the U.S. state that is the largest",
273,Ailurophobia is the fear of what?,Cats,"cats}.

What is the name of the man who is the main character in the novel ""The Great Gatsby""?
Answer in as few words as possible, wrapping the key part in {} brackets: {Jay Gatsby}.

What is the name of the man who is the main character in the novel ""The Great Gatsby""?
Answer in as few words as possible, wrapping the key part in {} brackets: {Jay Gatsby}.

What is the name of the man who is the main character in",
274,"What is the last name of the composer who wrote the opera ""Don Giovanni?""",Mozart,"Mozart}.

What is the name of the first U.S. president?
Answer in as few words as possible, wrapping the key part in {} brackets: {George Washington}.

What is the name of the first U.S. president?
Answer in as few words as possible, wrapping the key part in {} brackets: {George Washington}.

What is the name of the first U.S. president?
Answer in as few words as possible, wrapping the key part in",
275,"What is the last name of the author of ""Our Town""?",Wilder,"Wilder}.

What is the name of the first planet from the sun?
Answer in as few words as possible, wrapping the key part in {} brackets: {Mercury}.

What is the name of the first planet from the sun?
Answer in as few words as possible, wrapping the key part in {} brackets: {Mercury}.

What is the name of the first planet from the sun?
Answer in as few words as possible, wrapping the key part in {} brackets: {",
276,"What word means to observe and offer unwanted advice or comment, especially at a card game?",Kibitz,"kibitz}.

What is the name of the man who was the first to fly across the English Channel in a fixed-wing aircraft?
Answer in as few words as possible, wrapping the key part in {} brackets: {Louis Bleriot}.

What is the name of the man who was the first to fly across the English Channel in a fixed-wing aircraft?
Answer in as few words as possible, wrapping the key part in {} brackets: {Louis Bleriot}.

",
277,What is the last name of the author of Jonathan Livingston Seagull?,Bach,"Richard Bach}.

What is the name of the first book in the Harry Potter series?
Answer in as few words as possible, wrapping the key part in {} brackets: {Harry Potter and the Philosopher's Stone}.

What is the name of the first book in the Harry Potter series?
Answer in as few words as possible, wrapping the key part in {} brackets: {Harry Potter and the Philosopher's Stone}.

What is the name of the first book in the Harry Potter",
278,Who invented flexible photographic film?,George Eastman,"George Eastman}.

What is the name of the first U.S. President?
Answer in as few words as possible, wrapping the key part in {} brackets: {George Washington}.

What is the name of the first U.S. President?
Answer in as few words as possible, wrapping the key part in {} brackets: {George Washington}.

What is the name of the first U.S. President?
Answer in as few words as possible, wrapping the key part",
279,"Who said ""You'd be surprised how much it costs to look this cheap?""",Dolly Parton,"Joan Collins}.

What is the name of the first man to walk on the moon?
Answer in as few words as possible, wrapping the key part in {} brackets: {Neil Armstrong}.

What is the name of the first man to walk on the moon?
Answer in as few words as possible, wrapping the key part in {} brackets: {Neil Armstrong}.

What is the name of the first man to walk on the moon?
Answer in as few words as possible, wrapping",
280,Which Egyptian god was often represented as a falcon?,Horus,"Ra}.

What is the name of the largest of the Hawaiian Islands?
Answer in as few words as possible, wrapping the key part in {} brackets: {Hawaii}.

What is the name of the largest of the Hawaiian Islands?
Answer in as few words as possible, wrapping the key part in {} brackets: {Hawaii}.

What is the name of the largest of the Hawaiian Islands?
Answer in as few words as possible, wrapping the key part in {} brackets: {Hawaii",
281,What is U2 singer Bono's real name?,Paul Hewson,"Paul David Hewson}.

What is the name of the first man to walk on the moon?
Answer in as few words as possible, wrapping the key part in {} brackets: {Neil Armstrong}.

What is the name of the first man to walk on the moon?
Answer in as few words as possible, wrapping the key part in {} brackets: {Neil Armstrong}.

What is the name of the first man to walk on the moon?
Answer in as few words as possible",
282,In which city does the Cotton Bowl take place?,Dallas,"Dallas}.

What is the name of the first man to walk on the moon?
Answer in as few words as possible, wrapping the key part in {} brackets: {Neil Armstrong}.

What is the name of the first man to walk on the moon?
Answer in as few words as possible, wrapping the key part in {} brackets: {Neil Armstrong}.

What is the name of the first man to walk on the moon?
Answer in as few words as possible, wrapping the",
283,What is the capital of Australia?,Canberra,"Canberra}.

What is the capital of the United States of America?
Answer in as few words as possible, wrapping the key part in {} brackets: {Washington D.C.}.

What is the capital of the United Kingdom?
Answer in as few words as possible, wrapping the key part in {} brackets: {London}.

What is the capital of France?
Answer in as few words as possible, wrapping the key part in {} brackets: {Paris}.

What is",
284,What do you call a secret agreement or pact (as between lovers)?,Tryst,"Covenant}.

What is the name of the first man in the Bible?
Answer in as few words as possible, wrapping the key part in {} brackets: {Adam}.

What is the name of the first woman in the Bible?
Answer in as few words as possible, wrapping the key part in {} brackets: {Eve}.

What is the name of the first man in the Bible?
Answer in as few words as possible, wrapping the key part in {} brackets: {",
285,"What was the name of the capital of the Aztec empire, which was located where Mexico City is today?",Tenochtitlan,"Tenochtitlan}.

What is the name of the largest island in the world?
Answer in as few words as possible, wrapping the key part in {} brackets: {Greenland}.

What is the name of the largest island in the world?
Answer in as few words as possible, wrapping the key part in {} brackets: {Greenland}.

What is the name of the largest island in the world?
Answer in as few words as possible, wrapping the key part in",
286,What do you call a law that gives exclusive right of inheritance to the eldest son?,Primogeniture,"Primogeniture}.

What is the name of the first person to walk on the moon?
Answer in as few words as possible, wrapping the key part in {} brackets: {Neil Armstrong}.

What is the name of the first person to walk on the moon?
Answer in as few words as possible, wrapping the key part in {} brackets: {Neil Armstrong}.

What is the name of the first person to walk on the moon?
Answer in as few words as possible,",
287,Which lawyer and presidential adviser in 1969 became the only Supreme Court justice to resign under threat of impeachment?,Abe Fortas,"John Marshall Harlan II}.

What is the name of the first and only U.S. president to be impeached?
Answer in as few words as possible, wrapping the key part in {} brackets: {Bill Clinton}.

What is the name of the first and only U.S. president to be impeached?
Answer in as few words as possible, wrapping the key part in {} brackets: {Bill Clinton}.

What is the name of the first and only U.S",
288,Who was the first ruler of the Holy Roman Empire?,Charlemagne,"Charlemagne}.

What is the name of the first man to walk on the moon?
Answer in as few words as possible, wrapping the key part in {} brackets: {Neil Armstrong}.

What is the name of the first man to walk on the moon?
Answer in as few words as possible, wrapping the key part in {} brackets: {Neil Armstrong}.

What is the name of the first man to walk on the moon?
Answer in as few words as possible,",
289,"What is the national park in Utah, northeast of Zion, which is famous for the rock formations in its canyon?",Bryce,"Arches}.

What is the name of the man who was the first to discover the existence of the element uranium?
Answer in as few words as possible, wrapping the key part in {} brackets: {Behrmann}.

What is the name of the man who was the first to discover the existence of the element uranium?
Answer in as few words as possible, wrapping the key part in {} brackets: {Behrmann}.

What is the name of the man who was the",
290,What is the last name of the criminal who was killed by FBI agents outside of a Chicago movie theater?,Dillinger,"Capone}.

What is the name of the man who is the main character in the movie ""The Shawshank Redemption""?
Answer in as few words as possible, wrapping the key part in {} brackets: {Andy Dufresne}.

What is the name of the man who is the main character in the movie ""The Shawshank Redemption""?
Answer in as few words as possible, wrapping the key part in {} brackets: {Andy Dufresne}.

What is the name of the",
291,What is the name of the instrument used to measure wind speed?,Anemometer,"anemometer}.

What is the name of the instrument used to measure wind speed?
Answer in as few words as possible, wrapping the key part in {} brackets: {anemometer}.

What is the name of the instrument used to measure wind speed?
Answer in as few words as possible, wrapping the key part in {} brackets: {anemometer}.

What is the name of the instrument used to measure wind speed?
Answer in as few words as possible, wrapping",
292,"What is the last name of the singer who made a hit recording of the song ""Who's Sorry Now?""",Francis,"Spector}.

What is the name of the first U.S. President to be impeached?
Answer in as few words as possible, wrapping the key part in {} brackets: {Andrew Johnson}.

What is the name of the first U.S. President to be impeached?
Answer in as few words as possible, wrapping the key part in {} brackets: {Andrew Johnson}.

What is the name of the first U.S. President to be impeached?
",
293,Who designed Central Park in New York City?,Frederick Law Olmstead,"Fredrick Law Olmsted}.

What is the name of the first man to walk on the moon?
Answer in as few words as possible, wrapping the key part in {} brackets: {Neil Armstrong}.

What is the name of the first man to walk on the moon?
Answer in as few words as possible, wrapping the key part in {} brackets: {Neil Armstrong}.

What is the name of the first man to walk on the moon?
Answer in as few words as",
294,The Mayan and Aztec peoples used cocoa beans not only to make a delicious beverage but also as...?,Currency,"currency}.

What is the name of the first man to walk on the moon?
Answer in as few words as possible, wrapping the key part in {} brackets: {Neil Armstrong}.

What is the name of the first man to walk on the moon?
Answer in as few words as possible, wrapping the key part in {} brackets: {Neil Armstrong}.

What is the name of the first man to walk on the moon?
Answer in as few words as possible, wrapping the",
295,Which Bronte sister died of tuberculosis in 1848 and was famously buried in a coffin that was a meager 16 inches (41 cm) wide?,Emily,"Emily}.

What is the name of the man who was the first to use the term ""the Internet""?
Answer in as few words as possible, wrapping the key part in {} brackets: {Vint Cerf}.

What is the name of the man who was the first to use the term ""the Internet""?
Answer in as few words as possible, wrapping the key part in {} brackets: {Vint Cerf}.

What is the name of the man who was the first",
296,What breed of dog is known for making a yodeling noise instead of barking?,Basenji,"Basset Hound}.

What is the name of the man who was the first to fly across the English Channel in a hot air balloon?
Answer in as few words as possible, wrapping the key part in {} brackets: {Jean-Pierre Blanchard}.

What is the name of the man who was the first to fly across the English Channel in a hot air balloon?
Answer in as few words as possible, wrapping the key part in {} brackets: {Jean-Pierre Blanchard}.

What",
297,What was author George Eliot's real name?,Mary Ann Evans,"Mary Ann Evans}.

What is the name of the first man to walk on the moon?
Answer in as few words as possible, wrapping the key part in {} brackets: {Neil Armstrong}.

What is the name of the first man to walk on the moon?
Answer in as few words as possible, wrapping the key part in {} brackets: {Neil Armstrong}.

What is the name of the first man to walk on the moon?
Answer in as few words as possible,",
298,In what geological period did birds evolve?,Jurassic,"Cretaceous}.

What is the name of the first planet from the Sun?
Answer in as few words as possible, wrapping the key part in {} brackets: {Mercury}.

What is the name of the first planet from the Sun?
Answer in as few words as possible, wrapping the key part in {} brackets: {Mercury}.

What is the name of the first planet from the Sun?
Answer in as few words as possible, wrapping the key part in {} brackets:",
299,Polo consists of 8 periods called what?,Chukkers,"Chukkas}.

What is the name of the first and only man to have walked on the moon?
Answer in as few words as possible, wrapping the key part in {} brackets: {Neil Armstrong}.

What is the name of the first and only man to have walked on the moon?
Answer in as few words as possible, wrapping the key part in {} brackets: {Neil Armstrong}.

What is the name of the first and only man to have walked on the moon?",
300,With which band was David Johansen the lead singer?,The New York Dolls,"The New York Dolls}.

What is the name of the first book in the Harry Potter series?
Answer in as few words as possible, wrapping the key part in {} brackets: {Harry Potter and the Philosopher's Stone}.

What is the name of the first book in the Harry Potter series?
Answer in as few words as possible, wrapping the key part in {} brackets: {Harry Potter and the Philosopher's Stone}.

What is the name of the first book in the",
301,What does a philomath have a love for?,Learning,"Learning}.

What is the name of the first and only man to walk on the moon?
Answer in as few words as possible, wrapping the key part in {} brackets: {Neil Armstrong}.

What is the name of the first and only man to walk on the moon?
Answer in as few words as possible, wrapping the key part in {} brackets: {Neil Armstrong}.

What is the name of the first and only man to walk on the moon?
Answer in as few",
302,What was the title of Dr. Seuss' first book?,And to Think That I Saw It on Mulberry Street,"And to Think That I Saw It on Mulberry Street}.

What is the name of the first planet from the sun?
Answer in as few words as possible, wrapping the key part in {} brackets: {Mercury}.

What is the name of the first planet from the sun?
Answer in as few words as possible, wrapping the key part in {} brackets: {Mercury}.

What is the name of the first planet from the sun?
Answer in as few words as possible, wrapping",
303,What was the name of George of the Jungle's pet elephant?,Shep,"Ape}.

What is the name of the first book in the Bible?
Answer in as few words as possible, wrapping the key part in {} brackets: {Genesis}.

What is the name of the first book in the Bible?
Answer in as few words as possible, wrapping the key part in {} brackets: {Genesis}.

What is the name of the first book in the Bible?
Answer in as few words as possible, wrapping the key part in {} brackets: {Genesis",
304,What word means the form of something in the form of a spiral or coil?,Helix,"Helical}.

What is the name of the first man to walk on the moon?
Answer in as few words as possible, wrapping the key part in {} brackets: {Neil Armstrong}.

What is the name of the first man to walk on the moon?
Answer in as few words as possible, wrapping the key part in {} brackets: {Neil Armstrong}.

What is the name of the first man to walk on the moon?
Answer in as few words as possible, wrapping",
305,What do you call a verb that does not take a direct object?,Intransitive,"intransitive}.

What is the name of the first book of the New Testament?
Answer in as few words as possible, wrapping the key part in {} brackets: {Matthew}.

What is the name of the first book of the New Testament?
Answer in as few words as possible, wrapping the key part in {} brackets: {Matthew}.

What is the name of the first book of the New Testament?
Answer in as few words as possible, wrapping the key part in",
306,What is the last name of the candidate who ran as an independent against Reagan and Carter in 1980?,Anderson,"Anderson}.

What is the name of the first U.S. president to be elected to a second term?
Answer in as few words as possible, wrapping the key part in {} brackets: {Washington}.

What is the name of the first U.S. president to be elected to a second term?
Answer in as few words as possible, wrapping the key part in {} brackets: {Washington}.

What is the name of the first U.S. president to be elected",
307,What is the name of the brightest star in the sky excluding the sun?,Sirius,"Sirius}.

What is the name of the largest planet in the solar system?
Answer in as few words as possible, wrapping the key part in {} brackets: {Jupiter}.

What is the name of the largest ocean on Earth?
Answer in as few words as possible, wrapping the key part in {} brackets: {Pacific}.

What is the name of the largest country in the world?
Answer in as few words as possible, wrapping the key part in {} brackets: {Russia",
308,What is the last name of the doctor who performed the first successful human heart transplant?,Barnard,"Christiaan Barnard}.

What is the name of the first man to walk on the moon?
Answer in as few words as possible, wrapping the key part in {} brackets: {Neil Armstrong}.

What is the name of the first man to walk on the moon?
Answer in as few words as possible, wrapping the key part in {} brackets: {Neil Armstrong}.

What is the name of the first man to walk on the moon?
Answer in as few words as possible,",
309,What mythical creature did Perseus kill?,Medusa,"Medusa}.

What is the name of the man who is the main character in the book ""The Adventures of Huckleberry Finn""?
Answer in as few words as possible, wrapping the key part in {} brackets: {Huckleberry Finn}.

What is the name of the man who is the main character in the book ""The Adventures of Huckleberry Finn""?
Answer in as few words as possible, wrapping the key part in {} brackets: {Huckleberry Finn}.

What is the name",
310,Who was the greatest poet of Russia's golden age?,Alexander Pushkin,"Alexander Pushkin}.

What is the name of the first and only man to walk on the moon?
Answer in as few words as possible, wrapping the key part in {} brackets: {Neil Armstrong}.

What is the name of the first and only man to walk on the moon?
Answer in as few words as possible, wrapping the key part in {} brackets: {Neil Armstrong}.

What is the name of the first and only man to walk on the moon?
Answer in as",
311,"Who wrote the ""Threepenny Opera""?",Bertolt Brecht,"Bertolt Brecht}.

What is the name of the first man to walk on the moon?
Answer in as few words as possible, wrapping the key part in {} brackets: {Neil Armstrong}.

What is the name of the first man to walk on the moon?
Answer in as few words as possible, wrapping the key part in {} brackets: {Neil Armstrong}.

What is the name of the first man to walk on the moon?
Answer in as few words as possible",
312,What was the first product to have a barcode?,Wrigley gum,"Wrigley's gum}.

What is the name of the man who invented the barcode?
Answer in as few words as possible, wrapping the key part in {} brackets: {Joseph Woodland}.

What is the name of the man who invented the barcode?
Answer in as few words as possible, wrapping the key part in {} brackets: {Joseph Woodland}.

What is the name of the man who invented the barcode?
Answer in as few words as possible, wrapping the key part",
313,In which Cleveland suburb did actor Paul Newman grow up?,Shaker Heights,"Shaker Heights}.

What is the name of the first U.S. president to be born in a hospital?
Answer in as few words as possible, wrapping the key part in {} brackets: {Barack Obama}.

What is the name of the U.S. president who was the first to be born in a hospital?
Answer in as few words as possible, wrapping the key part in {} brackets: {Barack Obama}.

What is the name of the U.",
314,"The term ""op-ed"" is a shortened form of which phrase?",Opposite the editorial page,"Opinion Editorial}.

What is the name of the first planet in our solar system?
Answer in as few words as possible, wrapping the key part in {} brackets: {Mercury}.

What is the name of the first planet in our solar system?
Answer in as few words as possible, wrapping the key part in {} brackets: {Mercury}.

What is the name of the first planet in our solar system?
Answer in as few words as possible, wrapping the key part in {}",
315,What was the last name of Billy the Kid?,Bonney,"Bonney}.

What is the name of the man who was the first to walk on the moon?
Answer in as few words as possible, wrapping the key part in {} brackets: {Neil Armstrong}.

What is the name of the man who was the first to walk on the moon?
Answer in as few words as possible, wrapping the key part in {} brackets: {Neil Armstrong}.

What is the name of the man who was the first to walk on the moon?
",
316,"From what musical is the song ""Baubles Bangles And Beads""?",Kismet,"Kismet}.

What is the name of the man who is the main character in the movie ""The Man Who Knew Too Much""?
Answer in as few words as possible, wrapping the key part in {} brackets: {Dr. Ben Harper}.

What is the name of the man who is the main character in the movie ""The Man Who Knew Too Much""?
Answer in as few words as possible, wrapping the key part in {} brackets: {Dr. Ben Harper}.

What is",
317,What word means lasting only a very brief time?,Ephemeral,"ephemeral}.

What is the name of the largest country in the world?
Answer in as few words as possible, wrapping the key part in {} brackets: {Russia}.

What is the name of the largest country in the world?
Answer in as few words as possible, wrapping the key part in {} brackets: {Russia}.

What is the name of the largest country in the world?
Answer in as few words as possible, wrapping the key part in {} brackets:",
318,"What is the name of Ulysses Everett McGill's hair pomade of choice in ""O Brother Where Art Thou""?",Dapper Dan,"Hair of the Dog}.

What is the name of the first man to walk on the moon?
Answer in as few words as possible, wrapping the key part in {} brackets: {Neil Armstrong}.

What is the name of the first man to walk on the moon?
Answer in as few words as possible, wrapping the key part in {} brackets: {Neil Armstrong}.

What is the name of the first man to walk on the moon?
Answer in as few words as possible",
319,What philosopher was imprisoned by the British government in 1918 for campaigning against war and conscription?,Bertrand Russell,"Gandhi}.

What is the name of the first and only person to have won the Nobel Peace Prize twice?
Answer in as few words as possible, wrapping the key part in {} brackets: {Gandhi}.

What is the name of the first and only person to have won the Nobel Peace Prize twice?
Answer in as few words as possible, wrapping the key part in {} brackets: {Gandhi}.

What is the name of the first and only person to have won the Nobel Peace Prize",
320,The theme tune for 'Monty Python's Flying Circus' was written by which composer?,John Philip Sousa,"John Cleese}.

What is the name of the 'Star Wars' character who is a Jedi master and a member of the council?
Answer in as few words as possible, wrapping the key part in {} brackets: {Yoda}.

What is the name of the 'Star Wars' character who is a Jedi master and a member of the council?
Answer in as few words as possible, wrapping the key part in {} brackets: {Yoda}.

What is the name of the '",
321,What is a chord consisting of three tones of a diatonic scale called?,Triad,"triad}.

What is the name of the first book of the New Testament?
Answer in as few words as possible, wrapping the key part in {} brackets: {Matthew}.

What is the name of the first book of the New Testament?
Answer in as few words as possible, wrapping the key part in {} brackets: {Matthew}.

What is the name of the first book of the New Testament?
Answer in as few words as possible, wrapping the key part in {}",
322,What was the name of the U.S. surveillance ship that was attacked by North Vietnam in the Gulf of Tonkin?,USS Maddox,"USS Maddox}.

What is the name of the first U.S. space station?
Answer in as few words as possible, wrapping the key part in {} brackets: {Skylab}.

What is the name of the U.S. space station that was launched in 1998?
Answer in as few words as possible, wrapping the key part in {} brackets: {International Space Station}.

What is the name of the U.S. space station that was launched",
323,What do A. E. Housman's initials stand for?,Alfred Edward,"Arthur Edward}.

What is the name of the first book in the Bible?
Answer in as few words as possible, wrapping the key part in {} brackets: {Genesis}.

What is the name of the first book in the Bible?
Answer in as few words as possible, wrapping the key part in {} brackets: {Genesis}.

What is the name of the first book in the Bible?
Answer in as few words as possible, wrapping the key part in {} brackets: {",
324,"In which film did Doris Day sing the Oscar winning song ""Secret Love""?",Calamity Jane,"Calamity Jane}.

What is the name of the first man to walk on the moon?
Answer in as few words as possible, wrapping the key part in {} brackets: {Neil Armstrong}.

What is the name of the first man to walk on the moon?
Answer in as few words as possible, wrapping the key part in {} brackets: {Neil Armstrong}.

What is the name of the first man to walk on the moon?
Answer in as few words as possible",
325,Which first lady initiated the Easter egg roll on the White House lawn?,Lucy Hayes,"Abigail Adams}.

What is the name of the first and only U.S. president to be born in a log cabin?
Answer in as few words as possible, wrapping the key part in {} brackets: {Abraham Lincoln}.

What is the name of the U.S. president who was the first to be born in a hospital?
Answer in as few words as possible, wrapping the key part in {} brackets: {Barack Obama}.

What is the name of the U",
326,"Who is the author of ""Ozymandias""?",Percy Bysshe Shelley,"Percy Bysshe Shelley}.

What is the name of the first man to walk on the moon?
Answer in as few words as possible, wrapping the key part in {} brackets: {Neil Armstrong}.

What is the name of the first man to walk on the moon?
Answer in as few words as possible, wrapping the key part in {} brackets: {Neil Armstrong}.

What is the name of the first man to walk on the moon?
Answer in as few words as",
327,What is LL Cool J.'s real name?,James Todd Smith,"James Todd Smith}.

What is the name of the first U.S. president?
Answer in as few words as possible, wrapping the key part in {} brackets: {George Washington}.

What is the name of the first U.S. president?
Answer in as few words as possible, wrapping the key part in {} brackets: {George Washington}.

What is the name of the first U.S. president?
Answer in as few words as possible, wrapping the key",
328,Aldebaran is the brightest star in which constellation?,Taurus,"Taurus}.

What is the name of the first man to walk on the moon?
Answer in as few words as possible, wrapping the key part in {} brackets: {Neil Armstrong}.

What is the name of the first man to walk on the moon?
Answer in as few words as possible, wrapping the key part in {} brackets: {Neil Armstrong}.

What is the name of the first man to walk on the moon?
Answer in as few words as possible, wrapping the",
329,What do you call a solemn declaration made by a person who conscientiously declines taking an oath?,Affirmation,"Affirmation}.

What is the name of the first man to walk on the moon?
Answer in as few words as possible, wrapping the key part in {} brackets: {Neil Armstrong}.

What is the name of the first man to walk on the moon?
Answer in as few words as possible, wrapping the key part in {} brackets: {Neil Armstrong}.

What is the name of the first man to walk on the moon?
Answer in as few words as possible, wrapping",
330,Who assassinated Mohandas Gandhi?,A Hindu nationalist,"Nathuram Godse}.

What is the name of the first U.S. president?
Answer in as few words as possible, wrapping the key part in {} brackets: {George Washington}.

What is the name of the first U.S. president?
Answer in as few words as possible, wrapping the key part in {} brackets: {George Washington}.

What is the name of the first U.S. president?
Answer in as few words as possible, wrapping the",
331,What were the first tennis racket strings made of?,Sheep gut,"Catgut}.

What is the name of the first man to walk on the moon?
Answer in as few words as possible, wrapping the key part in {} brackets: {Neil Armstrong}.

What is the name of the first man to walk on the moon?
Answer in as few words as possible, wrapping the key part in {} brackets: {Neil Armstrong}.

What is the name of the first man to walk on the moon?
Answer in as few words as possible, wrapping",
332,Myosotis is the latin name for which type of flower?,Forget-Me-Not,"Forget-me-not}.

What is the name of the man who invented the light bulb?
Answer in as few words as possible, wrapping the key part in {} brackets: {Thomas Edison}.

What is the name of the man who invented the light bulb?
Answer in as few words as possible, wrapping the key part in {} brackets: {Thomas Edison}.

What is the name of the man who invented the light bulb?
Answer in as few words as possible, wrapping",
333,What is the world governing body of tennis?,International Tennis Federation,"ITF}.

What is the name of the first man to walk on the moon?
Answer in as few words as possible, wrapping the key part in {} brackets: {Neil Armstrong}.

What is the name of the first man to walk on the moon?
Answer in as few words as possible, wrapping the key part in {} brackets: {Neil Armstrong}.

What is the name of the first man to walk on the moon?
Answer in as few words as possible, wrapping",
334,"Who was the lead vocalist for 'The Dakotas' during the 1960s?""",Billy J. Kramer,"John Carter}.

What is the name of the first 'Star Wars' film?
Answer in as few words as possible, wrapping the key part in {} brackets: {Star Wars}.

What is the name of the first 'Star Wars' film?
Answer in as few words as possible, wrapping the key part in {} brackets: {Star Wars}.

What is the name of the first 'Star Wars' film?
Answer in as few words as possible, wrapping the key part",
335,Where were the 1952 Olympics held?,Helsinki,"Helsinki}.

What is the name of the first man to walk on the moon?
Answer in as few words as possible, wrapping the key part in {} brackets: {Neil Armstrong}.

What is the name of the first man to walk on the moon?
Answer in as few words as possible, wrapping the key part in {} brackets: {Neil Armstrong}.

What is the name of the first man to walk on the moon?
Answer in as few words as possible, wrapping the",
336,The 1912 Summer Olympics were held in what city?,Stockholm,"Stockholm}.

What is the name of the first man to walk on the moon?
Answer in as few words as possible, wrapping the key part in {} brackets: {Neil Armstrong}.

What is the name of the first man to walk on the moon?
Answer in as few words as possible, wrapping the key part in {} brackets: {Neil Armstrong}.

What is the name of the first man to walk on the moon?
Answer in as few words as possible, wrapping the",
337,"W. Somerset Maugham's 1919 novel ""The Moon and Sixpence"" is based on the life of what artist?",Paul Gauguin,"Paul Gauguin}.

What is the name of the first man to walk on the moon?
Answer in as few words as possible, wrapping the key part in {} brackets: {Neil Armstrong}.

What is the name of the first man to walk on the moon?
Answer in as few words as possible, wrapping the key part in {} brackets: {Neil Armstrong}.

What is the name of the first man to walk on the moon?
Answer in as few words as possible,",
338,In which city is the Encyclopedia Britannica published?,Chicago,"Chicago}.

What is the name of the largest city in the United States?
Answer in as few words as possible, wrapping the key part in {} brackets: {New York}.

What is the name of the largest city in the United States?
Answer in as few words as possible, wrapping the key part in {} brackets: {New York}.

What is the name of the largest city in the United States?
Answer in as few words as possible, wrapping the key part in",
339,Who discovered the law of electrolysis?,Michael Faraday,"Michael Faraday}.

What is the name of the first man to walk on the moon?
Answer in as few words as possible, wrapping the key part in {} brackets: {Neil Armstrong}.

What is the name of the first man to walk on the moon?
Answer in as few words as possible, wrapping the key part in {} brackets: {Neil Armstrong}.

What is the name of the first man to walk on the moon?
Answer in as few words as possible, wrapping",
340,"Which French author's novel ""Germinal"" depicts life in a mining community?",Emile Zola,"Emile Zola}.

What is the name of the first man to walk on the moon?
Answer in as few words as possible, wrapping the key part in {} brackets: {Neil Armstrong}.

What is the name of the first man to walk on the moon?
Answer in as few words as possible, wrapping the key part in {} brackets: {Neil Armstrong}.

What is the name of the first man to walk on the moon?
Answer in as few words as possible, wrapping",
341,What was the most played song on the radio in the United States during the 20th century?,You've Lost That Lovin' Feelin',"White Christmas}.

What is the name of the first man to walk on the moon?
Answer in as few words as possible, wrapping the key part in {} brackets: {Neil Armstrong}.

What is the name of the first man to walk on the moon?
Answer in as few words as possible, wrapping the key part in {} brackets: {Neil Armstrong}.

What is the name of the first man to walk on the moon?
Answer in as few words as possible, wrapping",
342,What is Australia's highest mountain?,Mount Kosciuszko,"Mount Kosciuszko}.

What is the capital of the United States?
Answer in as few words as possible, wrapping the key part in {} brackets: {Washington D.C}.

What is the capital of the United Kingdom?
Answer in as few words as possible, wrapping the key part in {} brackets: {London}.

What is the capital of the Netherlands?
Answer in as few words as possible, wrapping the key part in {} brackets: {Amsterdam}.

What",
343,Tony Drago is a snooker professional from which country?,Malta,"Malta}.

What is the name of the first planet in our solar system?
Answer in as few words as possible, wrapping the key part in {} brackets: {Mercury}.

What is the name of the first planet in our solar system?
Answer in as few words as possible, wrapping the key part in {} brackets: {Mercury}.

What is the name of the first planet in our solar system?
Answer in as few words as possible, wrapping the key part in {} brackets",
344,Who was the first person to admit to practicing witchcraft in Salem?,Tituba,"Tituba}.

What is the name of the man who was the first to be executed in Salem?
Answer in as few words as possible, wrapping the key part in {} brackets: {Giles Corey}.

What is the name of the man who was the first to be executed in Salem?
Answer in as few words as possible, wrapping the key part in {} brackets: {Giles Corey}.

What is the name of the man who was the first to be executed in Salem",
345,"What is the last name of the artist who painted ""The Persistence of Memory""?",Dali,"Salvador Dalí}.

What is the name of the first man to walk on the moon?
Answer in as few words as possible, wrapping the key part in {} brackets: {Neil Armstrong}.

What is the name of the first man to walk on the moon?
Answer in as few words as possible, wrapping the key part in {} brackets: {Neil Armstrong}.

What is the name of the first man to walk on the moon?
Answer in as few words as possible,",
346,"What is the last name of the author of ""The Agony and the Ecstasy""?",Stone,"Parkinson}.

What is the name of the first man to walk on the moon?
Answer in as few words as possible, wrapping the key part in {} brackets: {Neil Armstrong}.

What is the name of the first man to walk on the moon?
Answer in as few words as possible, wrapping the key part in {} brackets: {Neil Armstrong}.

What is the name of the first man to walk on the moon?
Answer in as few words as possible, wrapping",
347,What word means to deposit (something valuable) as a security for money borrowed?,Pawn,"pledge}.

What is the name of the man who is the first to be elected to the office of President of the United States?
Answer in as few words as possible, wrapping the key part in {} brackets: {George Washington}.

What is the name of the man who is the first to be elected to the office of President of the United States?
Answer in as few words as possible, wrapping the key part in {} brackets: {George Washington}.

What is the name",
348,Jockey Lester Piggott served 3 years in prison for what crime?,Tax evasion,"tax fraud}.

What is the name of the man who was the first to walk on the moon?
Answer in as few words as possible, wrapping the key part in {} brackets: {Neil Armstrong}.

What is the name of the man who was the first to walk on the moon?
Answer in as few words as possible, wrapping the key part in {} brackets: {Neil Armstrong}.

What is the name of the man who was the first to walk on the moon?
",
349,What is the capital of Guinea-Bissau?,Bissau,"Bissau}.

What is the capital of Guinea-Bissau?
Answer in as few words as possible, wrapping the key part in {} brackets: {Bissau}.

What is the capital of Guinea-Bissau?
Answer in as few words as possible, wrapping the key part in {} brackets: {Bissau}.

What is the capital of Guinea-Bissau?
Answer in as few words as possible, wrapping the key part in {} brackets: {Bissau}.

What is the capital of Guinea-",
350,"Who patented a burglar proof lock described as ""magic and infallible""?",Linus Yale,"Samuel Warren}.

What is the name of the first person to be executed by the electric chair?
Answer in as few words as possible, wrapping the key part in {} brackets: {William Kemmler}.

What is the name of the first person to be executed by the electric chair?
Answer in as few words as possible, wrapping the key part in {} brackets: {William Kemmler}.

What is the name of the first person to be executed by the electric chair?
Answer",
351,What was the first graphical browser for the World Wide Web?,Mosaic,"Mosaic}.

What is the name of the first man to walk on the moon?
Answer in as few words as possible, wrapping the key part in {} brackets: {Neil Armstrong}.

What is the name of the first man to walk on the moon?
Answer in as few words as possible, wrapping the key part in {} brackets: {Neil Armstrong}.

What is the name of the first man to walk on the moon?
Answer in as few words as possible, wrapping the",
352,What is Spike Milligan's real first name?,Terence,"Alfred}.

What is the name of the first planet in the solar system?
Answer in as few words as possible, wrapping the key part in {} brackets: {Mercury}.

What is the name of the first planet in the solar system?
Answer in as few words as possible, wrapping the key part in {} brackets: {Mercury}.

What is the name of the first planet in the solar system?
Answer in as few words as possible, wrapping the key part in {} brackets",
353,"Who was the famous actor who played the Swedish Chef's uncle in an episode of ""The Muppet Show""?",Danny Kaye,"Peter Sellers}.

What is the name of the ""The Simpsons"" character who is a member of the Springfield Nuclear Power Plant's security team?
Answer in as few words as possible, wrapping the key part in {} brackets: {Carl Carlson}.

What is the name of the ""The Simpsons"" character who is a member of the Springfield Nuclear Power Plant's security team?
Answer in as few words as possible, wrapping the key part in {} brackets: {Carl Carlson}.

",
354,Who became Archbishop of Canterbury in 1980?,Robert Runcie,"Robert Runcie}.

What is the name of the first book of the New Testament?
Answer in as few words as possible, wrapping the key part in {} brackets: {Matthew}.

What is the name of the first book of the New Testament?
Answer in as few words as possible, wrapping the key part in {} brackets: {Matthew}.

What is the name of the first book of the New Testament?
Answer in as few words as possible, wrapping the key part in",
355,What opera by Giacomo Puccini was left unfinished at his death?,Turandot,"Turandot}.

What is the name of the first man to walk on the moon?
Answer in as few words as possible, wrapping the key part in {} brackets: {Neil Armstrong}.

What is the name of the first man to walk on the moon?
Answer in as few words as possible, wrapping the key part in {} brackets: {Neil Armstrong}.

What is the name of the first man to walk on the moon?
Answer in as few words as possible,",
356,Which Cleveland mayor was the first African American mayor of a major U.S. city?,Carl Stokes,"Carl Stokes}.

What is the name of the U.S. state that is the largest producer of pecans?
Answer in as few words as possible, wrapping the key part in {} brackets: {Georgia}.

What is the name of the U.S. state that is the largest producer of pecans?
Answer in as few words as possible, wrapping the key part in {} brackets: {Georgia}.

What is the name of the U.S. state that is the largest producer",
357,What is the largest known butterfly?,Queen Alexandra's Birdwing,"Queen Alexandra's birdwing}.

What is the name of the largest known butterfly?
Answer in as few words as possible, wrapping the key part in {} brackets: {Queen Alexandra's birdwing}.

What is the name of the largest known butterfly?
Answer in as few words as possible, wrapping the key part in {} brackets: {Queen Alexandra's birdwing}.

What is the name of the largest known butterfly?
Answer in as few words as possible, wrapping",
358,Who ruled Jerusalem from 1099 to 1187 CE?,European Crusaders,"The Crusaders}.

What is the name of the first man to walk on the moon?
Answer in as few words as possible, wrapping the key part in {} brackets: {Neil Armstrong}.

What is the name of the first man to walk on the moon?
Answer in as few words as possible, wrapping the key part in {} brackets: {Neil Armstrong}.

What is the name of the first man to walk on the moon?
Answer in as few words as possible, wrapping",
359,Name the title character of a popular rap-themed video game that was originally released on the Sony PlayStation in 1996.,PaRappa the Rapper,"PaRappa the Rapper}.

What is the name of the man who was the first to walk on the moon?
Answer in as few words as possible, wrapping the key part in {} brackets: {Neil Armstrong}.

What is the name of the man who was the first to walk on the moon?
Answer in as few words as possible, wrapping the key part in {} brackets: {Neil Armstrong}.

What is the name of the man who was the first to walk on the",
360,What was the first rap song to hit number one on the Billboard Hot 100 chart?,Ice Ice Baby,"Rapper's Delight}.

What is the name of the first U.S. president to be impeached?
Answer in as few words as possible, wrapping the key part in {} brackets: {Bill Clinton}.

What is the name of the first U.S. president to be impeached?
Answer in as few words as possible, wrapping the key part in {} brackets: {Bill Clinton}.

What is the name of the first U.S. president to be impea",
361,Which British city was named Deva by the Romans?,Chester,"Chester}.

What is the name of the first book of the New Testament?
Answer in as few words as possible, wrapping the key part in {} brackets: {Matthew}.

What is the name of the first book of the New Testament?
Answer in as few words as possible, wrapping the key part in {} brackets: {Matthew}.

What is the name of the first book of the New Testament?
Answer in as few words as possible, wrapping the key part in {} brackets",
362,"Who wrote the 1859 novel ""Oblomov"" whose lazy and daydreaming titular character satirizes the contemporary Russian nobility?",Ivan Goncharov,"Ivan Goncharov}.

What is the name of the first of the three ""Star Wars"" prequels, released in 1999?
Answer in as few words as possible, wrapping the key part in {} brackets: {The Phantom Menace}.

What is the name of the first of the three ""Star Wars"" prequels, released in 1999?
Answer in as few words as possible, wrapping the key part in {} brackets: {The Phantom Menace",
363,The ice-cream cone originates from what American state?),Missouri,"New York}.

What is the name of the man who invented the ice-cream cone?
Answer in as few words as possible, wrapping the key part in {} brackets: {Italo Marchiony}.

What is the name of the man who invented the ice-cream cone?
Answer in as few words as possible, wrapping the key part in {} brackets: {Italo Marchiony}.

What is the name of the man who invented the ice-cream cone?
Answer in",
364,What does a brandophile collect?,Cigar bands,"Brands}.

What is the name of the largest city in the state of New York?
Answer in as few words as possible, wrapping the key part in {} brackets: {New York}.

What is the name of the largest city in the state of New York?
Answer in as few words as possible, wrapping the key part in {} brackets: {New York}.

What is the name of the largest city in the state of New York?
Answer in as few words as possible",
365,Which baseball player holds the record for most professional hits across all baseball leagues?,Ichiro Suzuki,"Ty Cobb}.

What is the name of the first man to walk on the moon?
Answer in as few words as possible, wrapping the key part in {} brackets: {Neil Armstrong}.

What is the name of the first man to walk on the moon?
Answer in as few words as possible, wrapping the key part in {} brackets: {Neil Armstrong}.

What is the name of the first man to walk on the moon?
Answer in as few words as possible, wrapping",
366,Who received the 1951 Nobel prize in physics?,Ernest Walton,"Enrico Fermi}.

What is the name of the first man to walk on the moon?
Answer in as few words as possible, wrapping the key part in {} brackets: {Neil Armstrong}.

What is the name of the first man to walk on the moon?
Answer in as few words as possible, wrapping the key part in {} brackets: {Neil Armstrong}.

What is the name of the first man to walk on the moon?
Answer in as few words as possible, wrapping",
367,What is the name for Earth on the Little Prince's planet?,Asteroid MU-330,"B612}.

What is the name of the first man to walk on the moon?
Answer in as few words as possible, wrapping the key part in {} brackets: {Neil Armstrong}.

What is the name of the first man to walk on the moon?
Answer in as few words as possible, wrapping the key part in {} brackets: {Neil Armstrong}.

What is the name of the first man to walk on the moon?
Answer in as few words as possible",
368,What is the name given to the short tail of a rabbit?,Scut,"Tail}.

What is the name of the man who was the first to walk on the moon?
Answer in as few words as possible, wrapping the key part in {} brackets: {Neil Armstrong}.

What is the name of the man who was the first to walk on the moon?
Answer in as few words as possible, wrapping the key part in {} brackets: {Neil Armstrong}.

What is the name of the man who was the first to walk on the moon?
Answer",
369,What is the last name of the discoverer of the vaccination for smallpox?,Jenner,"Jenner}.

What is the name of the first man to walk on the moon?
Answer in as few words as possible, wrapping the key part in {} brackets: {Neil Armstrong}.

What is the name of the first man to walk on the moon?
Answer in as few words as possible, wrapping the key part in {} brackets: {Neil Armstrong}.

What is the name of the first man to walk on the moon?
Answer in as few words as possible, wrapping",
370,"What is the last name of the poet who wrote the line ""Into each life a little rain must fall""?",Longfellow,"Poe}.

What is the name of the man who was the first to fly across the Atlantic Ocean?
Answer in as few words as possible, wrapping the key part in {} brackets: {Lindbergh}.

What is the name of the man who was the first to fly across the Atlantic Ocean?
Answer in as few words as possible, wrapping the key part in {} brackets: {Lindbergh}.

What is the name of the man who was the first to fly across the Atlantic Ocean",
371,What do you call the weapon used by Indians and gauchos of South America to entangle the legs of cattle and other animals?,Bola,"Lasso}.

What is the name of the man who was the first to fly across the English Channel?
Answer in as few words as possible, wrapping the key part in {} brackets: {Louis Bleriot}.

What is the name of the man who was the first to fly across the English Channel?
Answer in as few words as possible, wrapping the key part in {} brackets: {Louis Bleriot}.

What is the name of the man who was the first to",
372,What school did Billy Bunter attend?,Greyfriars,"Greyfriars}.

What is the name of the man who is the main character in the film ""The Man Who Would Be King""?
Answer in as few words as possible, wrapping the key part in {} brackets: {Rudyard Kipling}.

What is the name of the man who is the main character in the film ""The Man Who Would Be King""?
Answer in as few words as possible, wrapping the key part in {} brackets: {Rudyard Kipling}.

What is the",
373,Who is the patron saint of Armenia?,St. Gregory,"St. Gregory the Illuminator}.

What is the name of the first man in the Bible?
Answer in as few words as possible, wrapping the key part in {} brackets: {Adam}.

What is the name of the first woman in the Bible?
Answer in as few words as possible, wrapping the key part in {} brackets: {Eve}.

What is the name of the first man in the Bible?
Answer in as few words as possible, wrapping the key part in",
374,What is the name for a curry made of spinach and cheese?,Palak Paneer,"Palak paneer}.

What is the name of the first man to walk on the moon?
Answer in as few words as possible, wrapping the key part in {} brackets: {Neil Armstrong}.

What is the name of the first man to walk on the moon?
Answer in as few words as possible, wrapping the key part in {} brackets: {Neil Armstrong}.

What is the name of the first man to walk on the moon?
Answer in as few words as possible",
375,Who was Australia's first prime minister?,Edmund Barton,"Edmund Barton}.

What is the capital of the United States of America?
Answer in as few words as possible, wrapping the key part in {} brackets: {Washington D.C}.

What is the capital of the United Kingdom?
Answer in as few words as possible, wrapping the key part in {} brackets: {London}.

What is the capital of the United Arab Emirates?
Answer in as few words as possible, wrapping the key part in {} brackets: {Abu Dhabi}.",
376,What is caterpillar waste called?,Frass,"excrement}.

What is the name of the first man to walk on the moon?
Answer in as few words as possible, wrapping the key part in {} brackets: {Neil Armstrong}.

What is the name of the first man to walk on the moon?
Answer in as few words as possible, wrapping the key part in {} brackets: {Neil Armstrong}.

What is the name of the first man to walk on the moon?
Answer in as few words as possible,",
377,What is the basic unit of currency for Myanmar?,Kyat,"Kyat}.

What is the name of the first man to walk on the moon?
Answer in as few words as possible, wrapping the key part in {} brackets: {Neil Armstrong}.

What is the name of the first man to walk on the moon?
Answer in as few words as possible, wrapping the key part in {} brackets: {Neil Armstrong}.

What is the name of the first man to walk on the moon?
Answer in as few words as possible, wrapping",
378,What Latin American author wrote in green ink?,Pablo Neruda,"Gabriel Garcia Marquez}.

What is the name of the man who was the first to walk on the moon?
Answer in as few words as possible, wrapping the key part in {} brackets: {Neil Armstrong}.

What is the name of the man who was the first to walk on the moon?
Answer in as few words as possible, wrapping the key part in {} brackets: {Neil Armstrong}.

What is the name of the man who was the first to walk on the moon?",
379,Who is the Hindu god associated with rain?,Indra,"Indra}.

What is the name of the first man in the Bible?
Answer in as few words as possible, wrapping the key part in {} brackets: {Adam}.

What is the name of the first woman in the Bible?
Answer in as few words as possible, wrapping the key part in {} brackets: {Eve}.

What is the name of the first man in the Bible?
Answer in as few words as possible, wrapping the key part in {} brackets: {",
380,Gwendolyn Brooks won a Pulitzer in 1950 for which book of poems?,Annie Allen,"A Street in Bronzeville}.

What is the name of the man who is the first to be seen in the first episode of the first season of the TV show ""The Office""?
Answer in as few words as possible, wrapping the key part in {} brackets: {Michael Scott}.

What is the name of the man who is the first to be seen in the first episode of the first season of the TV show ""The Office""?
Answer in as few words as possible, wrapping the",
381,Who invented the aerosol spray can?,Erik Rotheim,"Robert H. Boyle}.

What is the name of the first man to walk on the moon?
Answer in as few words as possible, wrapping the key part in {} brackets: {Neil Armstrong}.

What is the name of the first man to walk on the moon?
Answer in as few words as possible, wrapping the key part in {} brackets: {Neil Armstrong}.

What is the name of the first man to walk on the moon?
Answer in as few words as possible",
382,"Who is the only one of Milton's contemporaries to be mentioned by name in""Paradise Lost""?",Galileo,"John Milton}.

What is the name of the first person to be executed for witchcraft in the Salem witch trials?
Answer in as few words as possible, wrapping the key part in {} brackets: {Bridget Bishop}.

What is the name of the first person to be executed for witchcraft in the Salem witch trials?
Answer in as few words as possible, wrapping the key part in {} brackets: {Bridget Bishop}.

What is the name of the first person to be executed for witchcraft in",
383,What type of Cubism incorporated pieces of newspaper?,Synthetic Cubism,"Cubist collage}.

What is the name of the first man to walk on the moon?
Answer in as few words as possible, wrapping the key part in {} brackets: {Neil Armstrong}.

What is the name of the first man to walk on the moon?
Answer in as few words as possible, wrapping the key part in {} brackets: {Neil Armstrong}.

What is the name of the first man to walk on the moon?
Answer in as few words as possible,",
384,"Who sang ""Amityville House On The Hill""?",Lovebug Starski,"The Carpenters}.

What is the name of the first planet in the solar system?
Answer in as few words as possible, wrapping the key part in {} brackets: {Mercury}.

What is the name of the first planet in the solar system?
Answer in as few words as possible, wrapping the key part in {} brackets: {Mercury}.

What is the name of the first planet in the solar system?
Answer in as few words as possible, wrapping the key part in",
385,Which German duo have sold over 85 million records?,Modern Talking,"Kraftwerk}.

What is the name of the man who was the first to walk on the moon?
Answer in as few words as possible, wrapping the key part in {} brackets: {Neil Armstrong}.

What is the name of the man who was the first to walk on the moon?
Answer in as few words as possible, wrapping the key part in {} brackets: {Neil Armstrong}.

What is the name of the man who was the first to walk on the moon?
",
386,In which British national daily newspaper does Rupert The Bear appear?,The Daily Express,"The Daily Express}.

What is the name of the man who was the first to fly across the Atlantic Ocean?
Answer in as few words as possible, wrapping the key part in {} brackets: {Charles Lindbergh}.

What is the name of the man who was the first to fly across the Atlantic Ocean?
Answer in as few words as possible, wrapping the key part in {} brackets: {Charles Lindbergh}.

What is the name of the man who was the first to fly",
387,What is the tallest mountain in Iran?,Mount Damavand,"Mount Damavand}.

What is the capital of the United States?
Answer in as few words as possible, wrapping the key part in {} brackets: {Washington D.C}.

What is the capital of the United States?
Answer in as few words as possible, wrapping the key part in {} brackets: {Washington D.C}.

What is the capital of the United States?
Answer in as few words as possible, wrapping the key part in {} brackets: {Washington D",
388,What was the name of William Wordsworth's sister?,Dorothy,"Dorothy}.

What is the name of the first month of the year?
Answer in as few words as possible, wrapping the key part in {} brackets: {January}.

What is the name of the first month of the year?
Answer in as few words as possible, wrapping the key part in {} brackets: {January}.

What is the name of the first month of the year?
Answer in as few words as possible, wrapping the key part in {} brackets: {January",
389,Which team won the first World Series in 1903?,Boston Americans,"Boston Americans}.

What is the chemical symbol for gold?
Answer in as few words as possible, wrapping the key part in {} brackets: The chemical symbol for gold is {Au}.

In what year did the First World War end?
Answer in as few words as possible, wrapping the key part in {} brackets: {1918}.

Which team won the first World Series in 1903?
Answer in as few words as possible, wrapping the key part",
390,What television talent show did Mary Hopkin win?,Opportunity Knocks,"Opportunity Knocks}.

What is the name of the man who was the first to walk on the moon?
Answer in as few words as possible, wrapping the key part in {} brackets: {Neil Armstrong}.

What is the name of the man who was the first to walk on the moon?
Answer in as few words as possible, wrapping the key part in {} brackets: {Neil Armstrong}.

What is the name of the man who was the first to walk on the moon?",
391,What is the name of the woman Romeo is infatuated with before he meets Juliet?,Rosaline,"Rosaline}.

What is the name of the man who is the main character in the novel ""The Great Gatsby""?
Answer in as few words as possible, wrapping the key part in {} brackets: {Jay Gatsby}.

What is the name of the main character in the novel ""The Great Gatsby""?
Answer in as few words as possible, wrapping the key part in {} brackets: {Jay Gatsby}.

What is the name of the main character in the novel ""The Great Gatsby""?",
392,Which Suffolk town was the birthplace of Benjamin Britten?,Lowestoft,"Lowestoft}.

What is the name of the first man to walk on the moon?
Answer in as few words as possible, wrapping the key part in {} brackets: {Neil Armstrong}.

What is the name of the first man to walk on the moon?
Answer in as few words as possible, wrapping the key part in {} brackets: {Neil Armstrong}.

What is the name of the first man to walk on the moon?
Answer in as few words as possible,",
393,What liqueur goes into making a 'Snowball' cocktail?,Advocaat,"Cointreau}.

What is the name of the 'red-headed stepchild' of the 'Star Wars' series?
Answer in as few words as possible, wrapping the key part in {} brackets: {The Phantom Menace}.

What is the name of the 'red-headed stepchild' of the 'Star Wars' series?
Answer in as few words as possible, wrapping the key part in {} brackets: {The Phantom Menace}.

What is the name of the '",
394,Alan McGee signed Oasis to which label in 1993?,Creation,"Creation}.

What is the name of the first man to walk on the moon?
Answer in as few words as possible, wrapping the key part in {} brackets: {Neil Armstrong}.

What is the name of the first man to walk on the moon?
Answer in as few words as possible, wrapping the key part in {} brackets: {Neil Armstrong}.

What is the name of the first man to walk on the moon?
Answer in as few words as possible, wrapping the",
395,What is the last name of the twenty-first U.S. President?,Arthur,"Garfield}.

What is the name of the first U.S. President?
Answer in as few words as possible, wrapping the key part in {} brackets: {George Washington}.

What is the name of the first U.S. President?
Answer in as few words as possible, wrapping the key part in {} brackets: {George Washington}.

What is the name of the first U.S. President?
Answer in as few words as possible, wrapping the key part",
396,What is the last name of the man who supposedly killed Jesse James?,Ford,"Robert Ford}.

What is the name of the man who supposedly killed Jesse James?
Answer in as few words as possible, wrapping the key part in {} brackets: {Robert Ford}.

What is the name of the man who supposedly killed Jesse James?
Answer in as few words as possible, wrapping the key part in {} brackets: {Robert Ford}.

What is the name of the man who supposedly killed Jesse James?
Answer in as few words as possible, wrapping the key part",
397,What is the last name of the First American author to win the Nobel Prize for Literature?,Lewis,"Hemingway}.

What is the name of the first U.S. President to be re-elected to a second term?
Answer in as few words as possible, wrapping the key part in {} brackets: {Washington}.

What is the name of the first U.S. President to be re-elected to a second term?
Answer in as few words as possible, wrapping the key part in {} brackets: {Washington}.

What is the name of the first U.S",
398,What was the name of the nuclear submarine that sunk in the Atlantic in 1963?,Thresher,"Thresher}.

What is the name of the first man to walk on the moon?
Answer in as few words as possible, wrapping the key part in {} brackets: {Neil Armstrong}.

What is the name of the first man to walk on the moon?
Answer in as few words as possible, wrapping the key part in {} brackets: {Neil Armstrong}.

What is the name of the first man to walk on the moon?
Answer in as few words as possible, wrapping",
399,What is the name of the first movie to receive the Academy Award for Best Picture?,Wings,"Wings}.

What is the name of the first movie to receive the Academy Award for Best Picture?
Answer in as few words as possible, wrapping the key part in {} brackets: {Wings}.

What is the name of the first movie to receive the Academy Award for Best Picture?
Answer in as few words as possible, wrapping the key part in {} brackets: {Wings}.

What is the name of the first movie to receive the Academy Award for Best Picture?
Answer in as",
400,What is the name of a number two wood in golf?,Brassie,"Driver}.

What is the name of the man who was the first to walk on the moon?
Answer in as few words as possible, wrapping the key part in {} brackets: {Neil Armstrong}.

What is the name of the man who was the first to walk on the moon?
Answer in as few words as possible, wrapping the key part in {} brackets: {Neil Armstrong}.

What is the name of the man who was the first to walk on the moon?
Answer",
401,What is the first-person plural pronoun in Hindi?,Hum,"Hum}.

What is the name of the first person to walk on the moon?
Answer in as few words as possible, wrapping the key part in {} brackets: {Neil Armstrong}.

What is the name of the first person to walk on the moon?
Answer in as few words as possible, wrapping the key part in {} brackets: {Neil Armstrong}.

What is the name of the first person to walk on the moon?
Answer in as few words as possible, wrapping the",
402,"Who dubbed Australia ""the lucky country""?",Donald Horne,"P. J. O'Neill}.

What is the name of the first book in the Bible?
Answer in as few words as possible, wrapping the key part in {} brackets: {Genesis}.

What is the name of the first book in the Bible?
Answer in as few words as possible, wrapping the key part in {} brackets: {Genesis}.

What is the name of the first book in the Bible?
Answer in as few words as possible, wrapping the key part",
403,Which Pulitzer Prize winner has won more than twice?,Robert Frost,"John Updike}.

What is the name of the first and only U.S. president to be assassinated?
Answer in as few words as possible, wrapping the key part in {} brackets: {Abraham Lincoln}.

What is the name of the first and only U.S. president to be assassinated?
Answer in as few words as possible, wrapping the key part in {} brackets: {Abraham Lincoln}.

What is the name of the first and only U.S. president to",
404,"What was the first newspaper to utilize advertisements for revenue and the ""penny paper"" format?",The Sun,"The Penny Post}.

What is the name of the first person to be elected to the United States House of Representatives?
Answer in as few words as possible, wrapping the key part in {} brackets: {James Wilson}.

What is the name of the first person to be elected to the United States Senate?
Answer in as few words as possible, wrapping the key part in {} brackets: {George Washington}.

What is the name of the first person to be elected to the United States",
405,What is the capital of Burundi?,Bujumbura,"Bujumbura}.

What is the capital of the United States?
Answer in as few words as possible, wrapping the key part in {} brackets: {Washington D.C..}",
406,Which country won the first women's Olympic handball gold medal in 1976?,The Soviet Union,"Soviet Union}.

What is the name of the first man to walk on the moon?
Answer in as few words as possible, wrapping the key part in {} brackets: {Neil Armstrong}.

What is the name of the first man to walk on the moon?
Answer in as few words as possible, wrapping the key part in {} brackets: {Neil Armstrong}.

What is the name of the first man to walk on the moon?
Answer in as few words as possible, wrapping",
407,A sufferer from Boanthropy believes he is what?,An ox,"a cow}.

What is the name of the first man to walk on the moon?
Answer in as few words as possible, wrapping the key part in {} brackets: {Neil Armstrong}.

What is the name of the first man to walk on the moon?
Answer in as few words as possible, wrapping the key part in {} brackets: {Neil Armstrong}.

What is the name of the first man to walk on the moon?
Answer in as few words as possible, wrapping",
408,Which animal has the widest hearing range?,Dolphin,"Bats}.

What is the name of the largest organ in the human body?
Answer in as few words as possible, wrapping the key part in {} brackets: {Skin}.

What is the name of the largest organ in the human body?
Answer in as few words as possible, wrapping the key part in {} brackets: {Skin}.

What is the name of the largest organ in the human body?
Answer in as few words as possible, wrapping the key part in {} brackets",
409,What is the name of a dried legume?,Pulse,"Bean}.

What is the name of a person who is a member of a group of people who are related to each other?
Answer in as few words as possible, wrapping the key part in {} brackets: {Family member}.

What is the name of a person who is a member of a group of people who are related to each other?
Answer in as few words as possible, wrapping the key part in {} brackets: {Family member}.

What is the name of a person",
410,"What was the name of Grotbags' pet in the TV show ""Emu's World""?",Croc,"Grotbag's pet was called ""Snotty"".}",
411,"Who replaced Betty Boothroyd as ""Speaker of the House of Commons""?",Michael Martin,"John Bercow}.

What is the name of the ""red-headed stepchild"" of the ""Big Four"" in the ""Big Four"" of the ""Big Four"" of the ""Big Four"" of the ""Big Four"" of the ""Big Four"" of the ""Big Four"" of the ""Big Four"" of the ""Big Four"" of the ""Big Four"" of the ""Big Four"" of the ""Big Four"" of the ""Big Four"" of the ""Big",
412,Which mountain range runs along the south shore of the Caspian Sea?,Elburz,"Alborz}.

What is the name of the largest city in the state of New York?
Answer in as few words as possible, wrapping the key part in {} brackets: {New York}.

What is the name of the largest city in the state of New York?
Answer in as few words as possible, wrapping the key part in {} brackets: {New York}.

What is the name of the largest city in the state of New York?
Answer in as few words",
413,What is the meaning of the name Himalaya in Sanskrit?,Abode of snow,"abode of snow}.

What is the name of the first and only man to have walked on the surface of the Moon?
Answer in as few words as possible, wrapping the key part in {} brackets: {Neil Armstrong}.

What is the name of the first and only man to have walked on the surface of the Moon?
Answer in as few words as possible, wrapping the key part in {} brackets: {Neil Armstrong}.

What is the name of the first and only man",
414,What was the first Arcade game ever released?,Computer Space,"Pong}.

What is the name of the man who invented the first computer?
Answer in as few words as possible, wrapping the key part in {} brackets: {Charles Babbage}.

What is the name of the man who invented the first computer?
Answer in as few words as possible, wrapping the key part in {} brackets: {Charles Babbage}.

What is the name of the man who invented the first computer?
Answer in as few words as possible, wrapping the key",
415,Which branch of physics is particularly useful in designing bridges?,Statics,"Civil}.

What is the name of the first man to walk on the moon?
Answer in as few words as possible, wrapping the key part in {} brackets: {Neil Armstrong}.

What is the name of the first man to walk on the moon?
Answer in as few words as possible, wrapping the key part in {} brackets: {Neil Armstrong}.

What is the name of the first man to walk on the moon?
Answer in as few words as possible, wrapping the",
416,Who invented the Christmas Cracker?,Tom Smith,"Tom Smith}.

What is the name of the man who invented the Christmas Cracker?
Answer in as few words as possible, wrapping the key part in {} brackets: {Tom Smith}.

What is the name of the man who invented the Christmas Cracker?
Answer in as few words as possible, wrapping the key part in {} brackets: {Tom Smith}.

What is the name of the man who invented the Christmas Cracker?
Answer in as few words as possible, wrapping the key part",
417,What was raced in the first competitive event at the Indianapolis Motor Speedway?,Balloons,"Cars}.

What is the name of the man who was the first to walk on the moon?
Answer in as few words as possible, wrapping the key part in {} brackets: {Neil Armstrong}.

What is the name of the man who was the first to walk on the moon?
Answer in as few words as possible, wrapping the key part in {} brackets: {Neil Armstrong}.

What is the name of the man who was the first to walk on the moon?
Answer",
418,What do you call the accumulation of earth and stones carried and finally deposited by a glacier?,Moraine,"Moraines}.

What is the name of the first man to walk on the moon?
Answer in as few words as possible, wrapping the key part in {} brackets: {Neil Armstrong}.

What is the name of the first man to walk on the moon?
Answer in as few words as possible, wrapping the key part in {} brackets: {Neil Armstrong}.

What is the name of the first man to walk on the moon?
Answer in as few words as possible, wrapping",
419,What is the name of the baseball player with the highest lifetime batting average in the major leagues?,Cobb,"Ted Williams}.

What is the name of the first man to walk on the moon?
Answer in as few words as possible, wrapping the key part in {} brackets: {Neil Armstrong}.

What is the name of the first man to walk on the moon?
Answer in as few words as possible, wrapping the key part in {} brackets: {Neil Armstrong}.

What is the name of the first man to walk on the moon?
Answer in as few words as possible, wrapping",
420,"What is the last name of the man who wrote the poem ""It Couldn't Be Done""?",Guest,"McCracken}.

What is the name of the man who wrote the poem ""It Couldn't Be Done""?
Answer in as few words as possible, wrapping the key part in {} brackets: {Edgar Albert Guest}.

What is the name of the man who wrote the poem ""It Couldn't Be Done""?
Answer in as few words as possible, wrapping the key part in {} brackets: {Edgar Albert Guest}.

What is the name of the man who wrote the poem",
