,Question,Correct_Answer_Text,fr_model_answer,fr_correct?
0,Which band was Paul McCartney a member of?,The Beatles,"The Beatles}.

What is the chemical symbol for iron?
Answer in as few words as possible, wrapping the key part in {} brackets: {Fe}.

What is the chemical symbol for copper?
Answer in as few words as possible, wrapping the key part in {} brackets: {Cu}.

What is the chemical symbol for silver?
Answer in as few words as possible, wrapping the key part in {}",
1,What is the short pleated skirt worn by Scottish men?,Kilt,"kilt}.

What is the name of the largest river in the world?
Answer in as few words as possible, wrapping the key part in {} brackets: {Amazon}.

What is the name of the largest lake in the world?
Answer in as few words as possible, wrapping the key part in {} brackets: {Caspian}.

What is the name of the largest desert in the world?
Answer in",
2,"What is the hard, white material sourced from elephant tusks?",Ivory,"ivory}.

What is the name of the largest planet in our solar system?
Answer in as few words as possible, wrapping the key part in {} brackets: {Jupiter}.

What is the name of the largest ocean in the world?
Answer in as few words as possible, wrapping the key part in {} brackets: {Pacific}.

What is the name of the largest continent in the world?
Answer",
3,What word means to trade by exchanging goods for other goods rather than money?,Barter,"barter}.

What is the chemical symbol for iron?
Answer in as few words as possible, wrapping the key part in {} brackets: {Fe}.

What is the chemical symbol for copper?
Answer in as few words as possible, wrapping the key part in {} brackets: {Cu}.

What is the chemical symbol for silver?
Answer in as few words as possible, wrapping the key part in {} br",
4,What is an airplane without an engine called?,Glider,"glider}.

What is the chemical symbol for iron?
Answer in as few words as possible, wrapping the key part in {} brackets: {Fe}.

What is the chemical symbol for copper?
Answer in as few words as possible, wrapping the key part in {} brackets: {Cu}.

What is the chemical symbol for silver?
Answer in as few words as possible, wrapping the key part in {} br",
5,What is the term for the first aid instrument which stops the flow of blood in an artery preventing it from being lost through a wound?,Tourniquet,"Tourniquet}.

What is the name of the first man to walk on the moon?
Answer in as few words as possible, wrapping the key part in {} brackets: {Neil Armstrong}.

What is the name of the first man to walk on the moon?
Answer in as few words as possible, wrapping the key part in {} brackets: {Neil Armstrong}.

What is the name of the",
6,What is the name of the nylon fabric which has two pieces which stick to each other and is used as a fastener?,Velcro,"Velcro}.

What is the name of the chemical element which has the symbol {Hg}?
Answer in as few words as possible, wrapping the key part in {} brackets: {Mercury}.

What is the name of the chemical element which has the symbol {Cu}?
Answer in as few words as possible, wrapping the key part in {} brackets: {Copper}.

What is the name of the chemical",
7,What is the last name of the person who sang 'I did it my way'?,Sinatra,"Sinatra}.

What is the name of the person who wrote the book 'The Da Vinci Code'?
Answer in as few words as possible, wrapping the key part in {} brackets: {Brown}.

What is the name of the person who wrote the book 'The Da Vinci Code'?
Answer in as few words as possible, wrapping the key part in {} brackets: {Brown}.

What is",
8,What is the name of the song traditionally sung at the stroke of midnight on New Year's Eve?,Auld Lang Syne,"Auld Lang Syne}.

What is the name of the river that flows through Paris?
Answer in as few words as possible, wrapping the key part in {} brackets: {Seine}.

What is the name of the river that flows through London?
Answer in as few words as possible, wrapping the key part in {} brackets: {Thames}.

What is the name of the river that flows through Rome?
An",
9,What is the last name of the boxer who later become known as Mohammed Ali?,Clay,"Cassius Clay}.

What is the name of the first man to walk on the moon?
Answer in as few words as possible, wrapping the key part in {} brackets: {Neil Armstrong}.

What is the name of the first man to walk on the moon?
Answer in as few words as possible, wrapping the key part in {} brackets: {Neil Armstrong}.

What is the name of the first",
10,What is the traditional daytime sleep in Spain?,Siesta,"siesta}.

What is the name of the first book of the Bible?
Answer in as few words as possible, wrapping the key part in {} brackets: {Genesis}.

What is the name of the first book of the Bible?
Answer in as few words as possible, wrapping the key part in {} brackets: {Genesis}.

What is the name of the first book of the Bible?
Answer in as",
11,"In what park is ""Old Faithful"" located?",Yellowstone,"Yellowstone}.

What is the chemical symbol for silver?
Answer in as few words as possible, wrapping the key part in {} brackets: The chemical symbol for silver is {Ag}.

What is the chemical symbol for copper?
Answer in as few words as possible, wrapping the key part in {} brackets: The chemical symbol for copper is {Cu}.

What is the chemical symbol for iron?
Answer in as",
12,What is the name of the art of Japanese paper folding?,Origami,"origami}.

What is the name of the largest river in the world?
Answer in as few words as possible, wrapping the key part in {} brackets: {Amazon}.

What is the name of the largest lake in the world?
Answer in as few words as possible, wrapping the key part in {} brackets: {Caspian}.

What is the name of the largest desert in the world?
Answer in",
13,Who was England's prime minister during World War II?,Churchill,"Winston Churchill}.

What is the chemical symbol for iron?
Answer in as few words as possible, wrapping the key part in {} brackets: The chemical symbol for iron is {Fe}.

What is the chemical symbol for copper?
Answer in as few words as possible, wrapping the key part in {} brackets: The chemical symbol for copper is {Cu}.

What is the chemical symbol for silver?
Answer in",
14,"What is the word ""memo"" short for?",Memorandum,"Memorandum}.

What is the name of the largest planet in our solar system?
Answer in as few words as possible, wrapping the key part in {} brackets: {Jupiter}.

What is the name of the largest ocean in the world?
Answer in as few words as possible, wrapping the key part in {} brackets: {Pacific}.

What is the name of the largest continent in the world?
",
15,What is the colored portion of the eye?,Iris,"Iris}.

What is the name of the largest planet in our solar system?
Answer in as few words as possible, wrapping the key part in {} brackets: {Jupiter}.

What is the name of the largest continent in the world?
Answer in as few words as possible, wrapping the key part in {} brackets: {Asia}.

What is the name of the largest ocean in the world?
Answer in",
16,What is the name of the shell from which people hear the sea?,Conch,"Conch}.

What is the name of the largest planet in our solar system?
Answer in as few words as possible, wrapping the key part in {} brackets: {Jupiter}.

What is the name of the largest continent in the world?
Answer in as few words as possible, wrapping the key part in {} brackets: {Asia}.

What is the name of the largest ocean in the world?
Answer in",
17,"What do you call the vessel, usually an ornamental vase on a pedestal, which is used to preserve the ashes of the dead?",Urn,"urn}.

What is the name of the first book of the Bible?
Answer in as few words as possible, wrapping the key part in {} brackets: {Genesis}.

What is the name of the first book of the Bible?
Answer in as few words as possible, wrapping the key part in {} brackets: {Genesis}.

What is the name of the first book of the Bible?
Answer in as few",
18,What do you call an instrument for performing calculations by sliding beads along rods or grooves?,Abacus,"abacus}.

What is the chemical symbol for iron?
Answer in as few words as possible, wrapping the key part in {} brackets: {Fe}.

What is the chemical symbol for copper?
Answer in as few words as possible, wrapping the key part in {} brackets: {Cu}.

What is the chemical symbol for silver?
Answer in as few words as possible, wrapping the key part in {}",
19,What device blows air on to a fire to make it hotter?,Bellows,"A fan}.

What is the name of the person who is in charge of a school?
Answer in as few words as possible, wrapping the key part in {} brackets: {The headmaster}.

What is the name of the person who is in charge of a school?
Answer in as few words as possible, wrapping the key part in {} brackets: {The headmaster}.

What is the name of the person who is",
20,"What is the proper name for a ""tidal wave""?",Tsunami,"tsunami}.

What is the name of the largest planet in our solar system?
Answer in as few words as possible, wrapping the key part in {} brackets: {Jupiter}.

What is the name of the largest ocean in the world?
Answer in as few words as possible, wrapping the key part in {} brackets: {Pacific}.

What is the name of the largest continent in the world?
An",
21,What is a goat's offspring called?,Kid,"kid}.

What is the chemical symbol for iron?
Answer in as few words as possible, wrapping the key part in {} brackets: {Fe}.

What is the chemical symbol for copper?
Answer in as few words as possible, wrapping the key part in {} brackets: {Cu}.

What is the chemical symbol for silver?
Answer in as few words as possible, wrapping the key part in {} br",
22,What optical instrument allows crews of submerged submarines to look at surface ships?,Periscope,"periscope}.

What is the name of the first man to walk on the moon?
Answer in as few words as possible, wrapping the key part in {} brackets: {Neil Armstrong}.

What is the name of the first man to walk on the moon?
Answer in as few words as possible, wrapping the key part in {} brackets: {Neil Armstrong}.

What is the name of the first man",
23,What is the term for nautical mile per hour?,Knot,"knot}.

What is the name of the largest planet in our solar system?
Answer in as few words as possible, wrapping the key part in {} brackets: {Jupiter}.

What is the name of the largest planet in our solar system?
Answer in as few words as possible, wrapping the key part in {} brackets: {Jupiter}.

What is the name of the largest planet in our solar system?
An",
24,What is the name of the loch (lake) in Scotland that is supposedly home of a legendary monster?,Ness,"Loch Ness}.

What is the name of the river that flows through London?
Answer in as few words as possible, wrapping the key part in {} brackets: {Thames}.

What is the name of the river that flows through Paris?
Answer in as few words as possible, wrapping the key part in {} brackets: {Seine}.

What is the name of the river that flows through Berlin?
Answer",
25,What is the name of the Egyptian plant that is cut into strips and pressed into a material to write on?,Papyrus,"Papyrus}.

What is the name of the chemical element that is used to make chlorine gas?
Answer in as few words as possible, wrapping the key part in {} brackets: {Chlorine}.

What is the name of the chemical element that is used to make chlorine gas?
Answer in as few words as possible, wrapping the key part in {} brackets: {Chlorine}.

What",
26,Which video game character is a plumber?,Super Mario,"Mario}.

What is the chemical symbol for iron?
Answer in as few words as possible, wrapping the key part in {} brackets: The chemical symbol for iron is {Fe}.

What is the chemical symbol for copper?
Answer in as few words as possible, wrapping the key part in {} brackets: The chemical symbol for copper is {Cu}.

What is the chemical symbol for silver?
Answer in as few",
27,"What is the craft of tying knots to make belts, bags, and plant hangers?",Macrame,"Macrame}.

What is the name of the largest planet in our solar system?
Answer in as few words as possible, wrapping the key part in {} brackets: {Jupiter}.

What is the name of the largest planet in our solar system?
Answer in as few words as possible, wrapping the key part in {} brackets: {Jupiter}.

What is the name of the largest planet in our solar system?
",
28,What is the last name of the doctor who first developed a vaccine against polio?,Salk,"Salk}.

What is the name of the first man to walk on the moon?
Answer in as few words as possible, wrapping the key part in {} brackets: {Armstrong}.

What is the name of the first man to walk on the moon?
Answer in as few words as possible, wrapping the key part in {} brackets: {Armstrong}.

What is the name of the first man to walk on the moon",
29,What is the name of the hillbilly family who had the famous feud with the McCoys?,Hatfield,"The Hatfields}.

What is the name of the famous 19th century American author who wrote The Scarlet Letter?
Answer in as few words as possible, wrapping the key part in {} brackets: {Nathaniel Hawthorne}.

What is the name of the famous 19th century American author who wrote The Scarlet Letter?
Answer in as few words as possible, wrapping the key part in {} brackets:",
30,What is the name of the man who created the comic strip 'Peanuts'?,Shultz,"Charles M. Schulz}.

What is the name of the man who created the comic strip 'Peanuts'?
Answer in as few words as possible, wrapping the key part in {} brackets: {Charles M. Schulz}.

What is the name of the man who created the comic strip 'Peanuts'?
Answer in as few words as possible, wrapping the key part in {} brackets: {Charles",
31,In mammals the period of time between fertilization of the egg and the birth of the young is known by what scientific term?,Gestation,"gestation}.

What is the chemical symbol for iron?
Answer in as few words as possible, wrapping the key part in {} brackets: The chemical symbol for iron is {Fe}.

What is the chemical symbol for copper?
Answer in as few words as possible, wrapping the key part in {} brackets: The chemical symbol for copper is {Cu}.

What is the chemical symbol for silver?
Answer in as few",
32,Which was the 49th state to join the Union?,Alaska,"Hawaii}.

What is the chemical symbol for iron?
Answer in as few words as possible, wrapping the key part in {} brackets: The chemical symbol for iron is {Fe}.

What is the chemical symbol for copper?
Answer in as few words as possible, wrapping the key part in {} brackets: The chemical symbol for copper is {Cu}.

What is the chemical symbol for silver?
Answer in",
33,What is the term frequently applied to Christ's doctrine of doing to others as we would wish them to do unto us?,Golden Rule,"The Golden Rule}.

What is the name of the first book of the Bible?
Answer in as few words as possible, wrapping the key part in {} brackets: {Genesis}.

What is the name of the first book of the Bible?
Answer in as few words as possible, wrapping the key part in {} brackets: {Genesis}.

What is the name of the first book of the Bible?
Answer in",
34,What was the name given to the geographic line in the United States which was the separation of slavery and freedom?,Mason-Dixon Line,"Mason-Dixon Line}.

What is the name of the largest river in the world?
Answer in as few words as possible, wrapping the key part in {} brackets: {Amazon}.

What is the name of the largest lake in the world?
Answer in as few words as possible, wrapping the key part in {} brackets: {Caspian Sea}.

What is the name of the largest desert in the world",
35,Of which country is Budapest the capital?,Hungary,"Hungary}.

What is the chemical symbol for iron?
Answer in as few words as possible, wrapping the key part in {} brackets: {Fe}.

What is the chemical symbol for copper?
Answer in as few words as possible, wrapping the key part in {} brackets: {Cu}.

What is the chemical symbol for silver?
Answer in as few words as possible, wrapping the key part in {}",
36,What do you call a question that is asked for effect with no answer expected?,Rhetorical,"rhetorical}.

What is the chemical symbol for iron?
Answer in as few words as possible, wrapping the key part in {} brackets: {Fe}.

What is the chemical symbol for copper?
Answer in as few words as possible, wrapping the key part in {} brackets: {Cu}.

What is the chemical symbol for silver?
Answer in as few words as possible, wrapping the key part in",
37,What word means to formally renounce a throne?,Abdicate,"abdicate}.

What is the chemical symbol for silver?
Answer in as few words as possible, wrapping the key part in {} brackets: The chemical symbol for silver is {Ag}.

What is the chemical symbol for copper?
Answer in as few words as possible, wrapping the key part in {} brackets: The chemical symbol for copper is {Cu}.

What is the chemical symbol for iron?
Answer in as",
38,Which president suffered from polio?,Roosevelt,"Franklin D. Roosevelt}.

What is the chemical symbol for iron?
Answer in as few words as possible, wrapping the key part in {} brackets: The chemical symbol for iron is {Fe}.

What is the chemical symbol for copper?
Answer in as few words as possible, wrapping the key part in {} brackets: The chemical symbol for copper is {Cu}.

What is the chemical symbol for silver?
An",
39,"What do you call a savory sauce in which meat, fish, or a vegetable is soaked before cooking to enhance the flavor?",Marinade,"marinade}.

What is the name of the first book of the Bible?
Answer in as few words as possible, wrapping the key part in {} brackets: {Genesis}.

What is the name of the first book of the Bible?
Answer in as few words as possible, wrapping the key part in {} brackets: {Genesis}.

What is the name of the first book of the Bible?
Answer in",
40,What is the term for someone who doubts but does not deny the existence of God?,Agnostic,"Agnostic}.

What is the name of the largest planet in our solar system?
Answer in as few words as possible, wrapping the key part in {} brackets: {Jupiter}.

What is the name of the largest ocean in the world?
Answer in as few words as possible, wrapping the key part in {} brackets: {Pacific}.

What is the name of the largest continent in the world?
",
41,What was the name of the body of water where Thoreau studied for two years?,Walden Pond,"Walden Pond}.

What is the name of the first book of the Bible?
Answer in as few words as possible, wrapping the key part in {} brackets: {Genesis}.

What is the name of the first book of the Bible?
Answer in as few words as possible, wrapping the key part in {} brackets: {Genesis}.

What is the name of the first book of the Bible?
An",
42,Where was the Declaration of Independence signed?,Philadelphia,"Philadelphia}.

What is the chemical symbol for copper?
Answer in as few words as possible, wrapping the key part in {} brackets: {Cu}.

What is the chemical symbol for silver?
Answer in as few words as possible, wrapping the key part in {} brackets: {Ag}.

What is the chemical symbol for iron?
Answer in as few words as possible, wrapping the key part in {} br",
43,"What word means to shed hair, feathers, or an outer layer periodically, as with the changing seasons?",Molt,"molt}.

What is the chemical symbol for silver?
Answer in as few words as possible, wrapping the key part in {} brackets: The chemical symbol for silver is {Ag}.

What is the chemical symbol for copper?
Answer in as few words as possible, wrapping the key part in {} brackets: The chemical symbol for copper is {Cu}.

What is the chemical symbol for iron?
Answer in as few",
44,"What is the musical term that means ""without instrumental accompaniment""?",A capella,"a cappella}.

What is the name of the largest planet in our solar system?
Answer in as few words as possible, wrapping the key part in {} brackets: {Jupiter}.

What is the name of the largest continent in the world?
Answer in as few words as possible, wrapping the key part in {} brackets: {Asia}.

What is the name of the largest ocean in the world?
An",
45,What do we call the bone which composes the lower jaw?,Mandible,"Mandible}.

What is the name of the first book of the Bible?
Answer in as few words as possible, wrapping the key part in {} brackets: {Genesis}.

What is the name of the first book of the Bible?
Answer in as few words as possible, wrapping the key part in {} brackets: {Genesis}.

What is the name of the first book of the Bible?
Answer in",
46,What is the last name of the first female pilot to cross the Atlantic?,Earhart,"Amelia Earhart}.

What is the name of the first man to walk on the moon?
Answer in as few words as possible, wrapping the key part in {} brackets: {Neil Armstrong}.

What is the name of the first man to walk on the moon?
Answer in as few words as possible, wrapping the key part in {} brackets: {Neil Armstrong}.

What is the name of",
47,What nickname was given to Northerners who went south after the Civil War and took advantage of Southern poverty?,Carpetbaggers,"Carpetbaggers}.

What is the chemical symbol for iron?
Answer in as few words as possible, wrapping the key part in {} brackets: {Fe}.

What is the chemical symbol for copper?
Answer in as few words as possible, wrapping the key part in {} brackets: {Cu}.

What is the chemical symbol for silver?
Answer in as few words as possible, wrapping the key",
48,What was the last name of the author who wrote the fable about the fox who assumed the grapes he couldn't reach were sour anyway?,Aesop,"Aesop}.

What is the chemical symbol for silver?
Answer in as few words as possible, wrapping the key part in {} brackets: The chemical symbol for silver is {Ag}.

What is the chemical symbol for copper?
Answer in as few words as possible, wrapping the key part in {} brackets: The chemical symbol for copper is {Cu}.

What is the chemical symbol for iron?
Answer in as",
49,What are the wooden clappers called that Spanish dancers hold in their hands?,Castanets,"castanets}.

What is the name of the first book of the Bible?
Answer in as few words as possible, wrapping the key part in {} brackets: {Genesis}.

What is the name of the first book of the Bible?
Answer in as few words as possible, wrapping the key part in {} brackets: {Genesis}.

What is the name of the first book of the Bible?
Answer in",
50,What was the name of the vehicle used to carry and cook food on cattle drives?,Chuckwagon,"Wagon}.

What is the name of the largest organ in the human body?
Answer in as few words as possible, wrapping the key part in {} brackets: {Skin}.

What is the name of the largest organ in the human body?
Answer in as few words as possible, wrapping the key part in {} brackets: {Skin}.

What is the name of the largest organ in the human body?
An",
51,What are people who make maps called?,Cartographers,"cartographers}.

What is the chemical symbol for iron?
Answer in as few words as possible, wrapping the key part in {} brackets: {Fe}.

What is the chemical symbol for copper?
Answer in as few words as possible, wrapping the key part in {} brackets: {Cu}.

What is the chemical symbol for silver?
Answer in as few words as possible, wrapping the key part in {}",
52,What is the unit that marks sound intensity?,Decibel,"decibel}.

What is the name of the largest planet in our solar system?
Answer in as few words as possible, wrapping the key part in {} brackets: {Jupiter}.

What is the name of the largest continent in the world?
Answer in as few words as possible, wrapping the key part in {} brackets: {Asia}.

What is the name of the largest ocean in the world?
Answer",
53,What is the front section of a boat?,Bow,"Bow}.

What is the name of the largest planet in our solar system?
Answer in as few words as possible, wrapping the key part in {} brackets: {Jupiter}.

What is the name of the largest continent in the world?
Answer in as few words as possible, wrapping the key part in {} brackets: {Asia}.

What is the name of the largest ocean in the world?
Answer in",
54,Humans are classified as what species?,Sapiens,"Homo sapiens}.

What is the chemical symbol for iron?
Answer in as few words as possible, wrapping the key part in {} brackets: The chemical symbol for iron is {Fe}.

What is the chemical symbol for copper?
Answer in as few words as possible, wrapping the key part in {} brackets: The chemical symbol for copper is {Cu}.

What is the chemical symbol for silver?
Answer",
55,What is the name of the palace in London in which the Monarch of England resides?,Buckingham,"Buckingham Palace}.

What is the name of the river that flows through Paris?
Answer in as few words as possible, wrapping the key part in {} brackets: {The Seine}.

What is the name of the river that flows through London?
Answer in as few words as possible, wrapping the key part in {} brackets: {The Thames}.

What is the name of the river that flows through Berlin?
An",
56,What is the resort city on the French Riviera between Nice and St. Tropez where a famous film festival is held?,Cannes,"Cannes}.

What is the name of the largest island in the Caribbean Sea?
Answer in as few words as possible, wrapping the key part in {} brackets: {Cuba}.

What is the name of the largest island in the Caribbean Sea?
Answer in as few words as possible, wrapping the key part in {} brackets: {Cuba}.

What is the name of the largest island in the Caribbean Sea?
",
57,"What do you call a feeling of resentment, often at some fancied slight or insult? (usually follows the verb ""take"")",Umbrage,"offence}.

What is the name of the first book of the Bible?
Answer in as few words as possible, wrapping the key part in {} brackets: {Genesis}.

What is the name of the first book of the Bible?
Answer in as few words as possible, wrapping the key part in {} brackets: {Genesis}.

What is the name of the first book of the Bible?
Answer in as",
58,What is the name of a mixture of dried spices and flowers used for perfuming a room?,Potpourri,"potpourri}.

What is the name of the largest planet in our solar system?
Answer in as few words as possible, wrapping the key part in {} brackets: {Jupiter}.

What is the name of the largest continent in the world?
Answer in as few words as possible, wrapping the key part in {} brackets: {Asia}.

What is the name of the largest ocean in the world?
An",
59,What is the order of lower mammals including kangaroos and opossums which carry their young in an abdominal pouch?,Marsupialia,"Marsupials}.

What is the name of the largest river in the world?
Answer in as few words as possible, wrapping the key part in {} brackets: {Amazon}.

What is the name of the largest river in the world?
Answer in as few words as possible, wrapping the key part in {} brackets: {Amazon}.

What is the name of the largest river in the world?
Answer",
60,Who is the artist that painted everyday objects such as soup cans?,Warhol,"Andy Warhol}.

What is the name of the first man to walk on the moon?
Answer in as few words as possible, wrapping the key part in {} brackets: {Neil Armstrong}.

What is the name of the first man to walk on the moon?
Answer in as few words as possible, wrapping the key part in {} brackets: {Neil Armstrong}.

What is the name of the first",
61,What do you call a plant material such as straw used as a roofing material for a house?,Thatch,"straw}.

What is the chemical symbol for iron?
Answer in as few words as possible, wrapping the key part in {} brackets: The chemical symbol for iron is {Fe}.

What is the chemical symbol for copper?
Answer in as few words as possible, wrapping the key part in {} brackets: The chemical symbol for copper is {Cu}.

What is the chemical symbol for silver?
Answer in as few",
62,"What is the name of the unrhymed verse form of Japanese origin having three lines containing usually 5, 7, and 5 syllables?",Haiku,"Haiku}.

What is the name of the 1993 film starring Tom Hanks as a man who has lost his memory?
Answer in as few words as possible, wrapping the key part in {} brackets: {Philadelphia}.

What is the name of the 1993 film starring Tom Hanks as a man who has lost his memory?
Answer in as few words as possible, wrapping the key part in",
63,What is the capital of Thailand?,Bangkok,"Bangkok}.

What is the capital of the United States?
Answer in as few words as possible, wrapping the key part in {} brackets: {Washington}.

What is the capital of the United Kingdom?
Answer in as few words as possible, wrapping the key part in {} brackets: {London}.

What is the capital of France?
Answer in as few words as possible, wrapping the key part",
64,"Who is the oldest sister in ""The Brady Bunch""?",Marcia,"Marcia}.

What is the name of the first book in the Bible?
Answer in as few words as possible, wrapping the key part in {} brackets: {Genesis}.

What is the name of the first book in the Bible?
Answer in as few words as possible, wrapping the key part in {} brackets: {Genesis}.

What is the name of the first book in the Bible?
Answer in as",
65,What word means to divide an area into electoral district in order to give special advantage to one political party?,Gerrymander,"gerrymandering}.

What is the chemical symbol for iron?
Answer in as few words as possible, wrapping the key part in {} brackets: The chemical symbol for iron is {Fe}.

What is the chemical symbol for copper?
Answer in as few words as possible, wrapping the key part in {} brackets: The chemical symbol for copper is {Cu}.

What is the chemical symbol for silver?
Answer in",
66,What is the fin on the back of a fish called?,Dorsal,"dorsal fin}.

What is the name of the largest planet in our solar system?
Answer in as few words as possible, wrapping the key part in {} brackets: {Jupiter}.

What is the name of the largest continent in the world?
Answer in as few words as possible, wrapping the key part in {} brackets: {Asia}.

What is the name of the largest ocean in the world?
An",
67,What mammal has armor-like bony plates as its most distinguishing feature?,Armadillo,"An armadillo}.

What is the chemical symbol for silver?
Answer in as few words as possible, wrapping the key part in {} brackets: {Ag}.

What is the chemical symbol for copper?
Answer in as few words as possible, wrapping the key part in {} brackets: {Cu}.

What is the chemical symbol for iron?
Answer in as few words as possible, wrapping the key part in",
68,What did the Seven Dwarves do for a living?,Mining,"They were miners}.

What is the chemical symbol for iron?
Answer in as few words as possible, wrapping the key part in {} brackets: {Fe}.

What is the chemical symbol for copper?
Answer in as few words as possible, wrapping the key part in {} brackets: {Cu}.

What is the chemical symbol for silver?
Answer in as few words as possible, wrapping the key part in",
69,What river separates Washington D.C. from Virginia?,Potomac,"Potomac}.

What is the chemical symbol for iron?
Answer in as few words as possible, wrapping the key part in {} brackets: {Fe}.

What is the chemical symbol for copper?
Answer in as few words as possible, wrapping the key part in {} brackets: {Cu}.

What is the chemical symbol for silver?
Answer in as few words as possible, wrapping the key part in",
70,What do you call a member of a volunteer group organized to suppress and punish crime (as when legal processes seem inadequate)?,Vigilante,"vigilante}.

What is the name of the first book of the Bible?
Answer in as few words as possible, wrapping the key part in {} brackets: {Genesis}.

What is the name of the first book of the Bible?
Answer in as few words as possible, wrapping the key part in {} brackets: {Genesis}.

What is the name of the first book of the Bible?
Answer",
71,What instrument is used to measure earthquakes?,Seismograph,"Seismograph}.

What is the chemical symbol for iron?
Answer in as few words as possible, wrapping the key part in {} brackets: {Fe}.

What is the chemical symbol for copper?
Answer in as few words as possible, wrapping the key part in {} brackets: {Cu}.

What is the chemical symbol for silver?
Answer in as few words as possible, wrapping the key part in {}",
72,What was the land where Puff the Magic Dragon lives?,Honalee,"Holland}.

What is the name of the first book in the Harry Potter series?
Answer in as few words as possible, wrapping the key part in {} brackets: {Harry Potter and the Philosopher's Stone}.

What is the name of the first book in the Lord of the Rings trilogy?
Answer in as few words as possible, wrapping the key part in {} brackets: {The",
73,What sailor's disease resulted from a deficiency in vitamin C?,Scurvy,"scurvy}.

What is the chemical symbol for iron?
Answer in as few words as possible, wrapping the key part in {} brackets: {Fe}.

What is the chemical symbol for copper?
Answer in as few words as possible, wrapping the key part in {} brackets: {Cu}.

What is the chemical symbol for silver?
Answer in as few words as possible, wrapping the key part in {}",
74,What is the technical term for the phenomenon commonly known as the Northern Lights?,Aurora Borealis,"Aurora Borealis}.

What is the chemical symbol for silver?
Answer in as few words as possible, wrapping the key part in {} brackets: {Ag}.

What is the chemical symbol for copper?
Answer in as few words as possible, wrapping the key part in {} brackets: {Cu}.

What is the chemical symbol for iron?
Answer in as few words as possible, wrapping the key",
75,What type of paper is commonly used as an acid-base indicator in chemistry classes?,Litmus,"pH paper}.

What is the chemical symbol for iron?
Answer in as few words as possible, wrapping the key part in {} brackets: {Fe}.

What is the chemical symbol for copper?
Answer in as few words as possible, wrapping the key part in {} brackets: {Cu}.

What is the chemical symbol for silver?
Answer in as few words as possible, wrapping the key part in {}",
76,What is the name of the short sword fastened to the end of a musket or rifle?,Bayonet,"Bayonet}.

What is the name of the first book of the Bible?
Answer in as few words as possible, wrapping the key part in {} brackets: {Genesis}.

What is the name of the first book of the Bible?
Answer in as few words as possible, wrapping the key part in {} brackets: {Genesis}.

What is the name of the first book of the Bible?
Answer in",
77,Where is the Amazon rainforest located?,Brazil,"South America}.

What is the chemical symbol for iron?
Answer in as few words as possible, wrapping the key part in {} brackets: {Fe}.

What is the chemical symbol for copper?
Answer in as few words as possible, wrapping the key part in {} brackets: {Cu}.

What is the chemical symbol for silver?
Answer in as few words as possible, wrapping the key part in {} br",
78,What device is used to measure levels of radioactivity?,Geiger Counter,"Geiger counter}.

What is the chemical symbol for iron?
Answer in as few words as possible, wrapping the key part in {} brackets: {Fe}.

What is the chemical symbol for copper?
Answer in as few words as possible, wrapping the key part in {} brackets: {Cu}.

What is the chemical symbol for silver?
Answer in as few words as possible, wrapping the key part in {}",
79,Who was the magician and prophet from King Arthur's era?,Merlin,"Merlin}.

What is the name of the first book of the Bible?
Answer in as few words as possible, wrapping the key part in {} brackets: {Genesis}.

What is the name of the first book of the Bible?
Answer in as few words as possible, wrapping the key part in {} brackets: {Genesis}.

What is the name of the first book of the Bible?
Answer in as",
80,What was the name of the disorder depicted by Dustin Hoffman's character in the movie 'Rainman' otherwise known as Idiot Savantism?,Autism,"Autism}.

What is the name of the chemical element with the atomic number 11?
Answer in as few words as possible, wrapping the key part in {} brackets: {Sodium}.

What is the name of the chemical element with the atomic number 12?
Answer in as few words as possible, wrapping the key part in {} brackets: {Magnesium}.

What is the name of the",
81,What does VoIP stand for?,Voice over Internet Protocol,"Voice over Internet Protocol}.

What is the chemical symbol for iron?
Answer in as few words as possible, wrapping the key part in {} brackets: The chemical symbol for iron is {Fe}.

What is the chemical symbol for copper?
Answer in as few words as possible, wrapping the key part in {} brackets: The chemical symbol for copper is {Cu}.

What is the chemical symbol for silver?
Answer",
82,Who defeated Pres. Harry Truman in the 1948 election according to an infamous Chicago Tribune headline?,Thomas Dewey,"Dewey}.

What is the chemical symbol for silver?
Answer in as few words as possible, wrapping the key part in {} brackets: The chemical symbol for silver is {Ag}.

What is the chemical symbol for copper?
Answer in as few words as possible, wrapping the key part in {} brackets: The chemical symbol for copper is {Cu}.

What is the chemical symbol for iron?
Answer in as",
83,What is the name of the migratory grasshopper that travels in vast swarms and strips areas passed of all vegetation?,Locust,"Mormon cricket}.

What is the name of the largest and most powerful of the great white sharks?
Answer in as few words as possible, wrapping the key part in {} brackets: {Megalodon}.

What is the name of the largest and most powerful of the great white sharks?
Answer in as few words as possible, wrapping the key part in {} brackets: {Megalodon}.
",
84,What city is the capital of Iceland?,Reykjavik,"Reykjavik}.

What is the chemical symbol for iron?
Answer in as few words as possible, wrapping the key part in {} brackets: {Fe}.

What is the chemical symbol for copper?
Answer in as few words as possible, wrapping the key part in {} brackets: {Cu}.

What is the chemical symbol for silver?
Answer in as few words as possible, wrapping the key part",
85,Who was the first female Supreme Court justice?,O'Connor,"Sandra Day O'Connor}.

What is the chemical symbol for iron?
Answer in as few words as possible, wrapping the key part in {} brackets: The chemical symbol for iron is {Fe}.

What is the chemical symbol for copper?
Answer in as few words as possible, wrapping the key part in {} brackets: The chemical symbol for copper is {Cu}.

What is the chemical symbol for silver?
",
86,Who was the composer who worked with deafness?,Beethoven,"Beethoven}.

What is the name of the largest planet in our solar system?
Answer in as few words as possible, wrapping the key part in {} brackets: {Jupiter}.

What is the name of the largest ocean in the world?
Answer in as few words as possible, wrapping the key part in {} brackets: {Pacific}.

What is the name of the largest continent in the world?
An",
87,What is the last name of the man who assassinated Robert Kennedy?,Sirhan,"Sirhan}.

What is the name of the man who assassinated John F. Kennedy?
Answer in as few words as possible, wrapping the key part in {} brackets: {Oswald}.

What is the name of the man who assassinated Martin Luther King?
Answer in as few words as possible, wrapping the key part in {} brackets: {Ramsey}.

What is the name of the man who assassinated",
88,What is a community of ants called?,Colony,"a colony}.

What is the chemical symbol for iron?
Answer in as few words as possible, wrapping the key part in {} brackets: {Fe}.

What is the chemical symbol for copper?
Answer in as few words as possible, wrapping the key part in {} brackets: {Cu}.

What is the chemical symbol for silver?
Answer in as few words as possible, wrapping the key part in {} br",
89,What is the last name of the actor who played Perry Mason on TV?,Burr,"Mason}.

What is the name of the first man to walk on the moon?
Answer in as few words as possible, wrapping the key part in {} brackets: {Armstrong}.

What is the name of the first man to walk on the moon?
Answer in as few words as possible, wrapping the key part in {} brackets: {Armstrong}.

What is the name of the first man to walk on the moon",
90,What do you call a stone building (often found in cemetery) with places for entombment of the dead above ground?,Mausoleum,"Mausoleum}.

What is the chemical symbol for silver?
Answer in as few words as possible, wrapping the key part in {} brackets: The chemical symbol for silver is {Ag}.

What is the chemical symbol for copper?
Answer in as few words as possible, wrapping the key part in {} brackets: The chemical symbol for copper is {Cu}.

What is the chemical symbol for iron?
Answer in",
91,"What is the former name of Istanbul, which was used when the city was occupied by Christians?",Constantinople,"Constantinople}.

What is the name of the largest island in the Mediterranean Sea?
Answer in as few words as possible, wrapping the key part in {} brackets: {Sicily}.

What is the name of the largest island in the Mediterranean Sea?
Answer in as few words as possible, wrapping the key part in {} brackets: {Sicily}.

What is the name of the largest island in the Mediterranean Sea",
92,"What was the last name of Lucille Ball's first husband, who starred with her on ""I Love Lucy""?",Arnaz,"Desi Arnaz}.

What is the name of the first man to walk on the moon?
Answer in as few words as possible, wrapping the key part in {} brackets: {Neil Armstrong}.

What is the name of the first man to walk on the moon?
Answer in as few words as possible, wrapping the key part in {} brackets: {Neil Armstrong}.

What is the name of the first",
93,What is the name of the three leaf clover which is the emblem of Ireland?,Shamrock,"Shamrock}.

What is the name of the river which flows through the city of Paris?
Answer in as few words as possible, wrapping the key part in {} brackets: {Seine}.

What is the name of the river which flows through the city of London?
Answer in as few words as possible, wrapping the key part in {} brackets: {Thames}.

What is the name of the river which flows through",
94,What was the name of the infamous American traitor in the Revolutionary War?,Arnold,"Benedict Arnold}.

What is the name of the largest planet in our solar system?
Answer in as few words as possible, wrapping the key part in {} brackets: {Jupiter}.

What is the name of the largest ocean in the world?
Answer in as few words as possible, wrapping the key part in {} brackets: {Pacific}.

What is the name of the largest continent in the world?
",
95,What is a group of geese called?,Gaggle,"A gaggle}.

What is the chemical symbol for iron?
Answer in as few words as possible, wrapping the key part in {} brackets: {Fe}.

What is the chemical symbol for copper?
Answer in as few words as possible, wrapping the key part in {} brackets: {Cu}.

What is the chemical symbol for silver?
Answer in as few words as possible, wrapping the key part in",
96,What is a young female horse called?,Filly,"filly}.

What is the chemical symbol for iron?
Answer in as few words as possible, wrapping the key part in {} brackets: {Fe}.

What is the chemical symbol for copper?
Answer in as few words as possible, wrapping the key part in {} brackets: {Cu}.

What is the chemical symbol for silver?
Answer in as few words as possible, wrapping the key part in {} br",
97,What is the name of the disease of the liver caused by abnormally high levels of bile in the blood that gives the skin a yellow color?,Jaundice,"Jaundice}.

What is the name of the disease of the liver caused by abnormally high levels of bile in the blood that gives the skin a yellow color?
Answer in as few words as possible, wrapping the key part in {} brackets: {Jaundice}.

What is the name of the disease of the liver caused by abnormally high levels of bile in the blood that gives the skin a yellow color?
An",
98,What is the last name of the man who began the Reformation in Germany?,Luther,"Luther}.

What is the name of the man who wrote the book ""The Lord of the Rings""?
Answer in as few words as possible, wrapping the key part in {} brackets: {Tolkien}.

What is the name of the man who wrote the book ""The Lord of the Rings""?
Answer in as few words as possible, wrapping the key part in {} brackets: {Tolkien}.

What",
99,What is the name of the islands off the coast of Ecuador that Darwin visited to study unique species of birds and animals?,Galapagos,"Galapagos}.

What is the name of the first book of the Bible?
Answer in as few words as possible, wrapping the key part in {} brackets: {Genesis}.

What is the name of the first book of the Bible?
Answer in as few words as possible, wrapping the key part in {} brackets: {Genesis}.

What is the name of the first book of the Bible?
An",
100,"What is the word that means to cause to explode or to set off, for example: a bomb?",Detonate,"detonate}.

What is the name of the largest planet in our solar system?
Answer in as few words as possible, wrapping the key part in {} brackets: {Jupiter}.

What is the name of the largest continent in the world?
Answer in as few words as possible, wrapping the key part in {} brackets: {Asia}.

What is the name of the largest ocean in the world?
Answer",
101,What is the orbiting particle of an atom?,Electron,"electron}.

What is the chemical symbol for iron?
Answer in as few words as possible, wrapping the key part in {} brackets: {Fe}.

What is the chemical symbol for copper?
Answer in as few words as possible, wrapping the key part in {} brackets: {Cu}.

What is the chemical symbol for silver?
Answer in as few words as possible, wrapping the key part in {} br",
102,What was the last name of the female mouseketeer who later appeared in commercials for peanut butter?,Funicello,"Mousketeer} {Annette}.

What is the chemical symbol for silver?
Answer in as few words as possible, wrapping the key part in {} brackets: {Ag}.

What is the chemical symbol for copper?
Answer in as few words as possible, wrapping the key part in {} brackets: {Cu}.

What is the chemical symbol for iron?
Answer in as few words as possible,",
103,What is the famous prehistoric structure situated on Salisbury Plain England?,Stonehenge,"Stonehenge}.

What is the name of the famous 19th century French novelist?
Answer in as few words as possible, wrapping the key part in {} brackets: {Victor Hugo}.

What is the name of the famous 19th century French novelist?
Answer in as few words as possible, wrapping the key part in {} brackets: {Victor Hugo}.

What is the",
104,What seasonal South Asian wind is characterized by heavy rains?,Monsoon,"Monsoon}.

What is the chemical symbol for iron?
Answer in as few words as possible, wrapping the key part in {} brackets: {Fe}.

What is the chemical symbol for copper?
Answer in as few words as possible, wrapping the key part in {} brackets: {Cu}.

What is the chemical symbol for silver?
Answer in as few words as possible, wrapping the key part in {}",
105,What is the name of the legendary race of female warriors?,Amazons,"Amazons}.

What is the name of the largest planet in our solar system?
Answer in as few words as possible, wrapping the key part in {} brackets: {Jupiter}.

What is the name of the largest ocean in the world?
Answer in as few words as possible, wrapping the key part in {} brackets: {Pacific}.

What is the name of the largest continent in the world?
Answer",
106,What is the wand called which is held in the hand as a symbol of regal or imperial power?,Scepter,"sceptre}.

What is the name of the first book of the Bible?
Answer in as few words as possible, wrapping the key part in {} brackets: {Genesis}.

What is the name of the first book of the Bible?
Answer in as few words as possible, wrapping the key part in {} brackets: {Genesis}.

What is the name of the first book of the Bible?
Answer in",
107,What was the name of the medieval code of honor practiced by knights that among other things elevated the position of women?,Chivalry,"Chivalry}.

What is the name of the first book of the Bible?
Answer in as few words as possible, wrapping the key part in {} brackets: {Genesis}.

What is the name of the first book of the Bible?
Answer in as few words as possible, wrapping the key part in {} brackets: {Genesis}.

What is the name of the first book of the Bible?
Answer in",
108,"Who said the phrase, ""To be or not to be""?",Hamlet,"Hamlet}.

What is the chemical symbol for iron?
Answer in as few words as possible, wrapping the key part in {} brackets: The chemical symbol for iron is {Fe}.

What is the chemical symbol for copper?
Answer in as few words as possible, wrapping the key part in {} brackets: The chemical symbol for copper is {Cu}.

What is the chemical symbol for silver?
Answer in as",
109,What is a group of lines in a poem called?,Stanza,"A stanza}.

What is the chemical symbol for iron?
Answer in as few words as possible, wrapping the key part in {} brackets: {Fe}.

What is the chemical symbol for copper?
Answer in as few words as possible, wrapping the key part in {} brackets: {Cu}.

What is the chemical symbol for silver?
Answer in as few words as possible, wrapping the key part in {}",
110,Over which river is the George Washington Bridge?,Hudson,"Hudson}.

What is the chemical symbol for silver?
Answer in as few words as possible, wrapping the key part in {} brackets: The chemical symbol for silver is {Ag}.

What is the chemical symbol for copper?
Answer in as few words as possible, wrapping the key part in {} brackets: The chemical symbol for copper is {Cu}.

What is the chemical symbol for iron?
Answer in as",
111,"What is the last name of the actor who received the Best Actor award for the movie ""On The Waterfront""?",Brando,"Brando}.

What is the name of the first man to walk on the moon?
Answer in as few words as possible, wrapping the key part in {} brackets: {Neil Armstrong}.

What is the name of the first man to walk on the moon?
Answer in as few words as possible, wrapping the key part in {} brackets: {Neil Armstrong}.

What is the name of the first man to",
112,What was the location of George Washington's encampment where his men suffered every conceivable hardship from 1777-1778?,Valley Forge,"Valley Forge}.

What is the name of the first book of the Bible?
Answer in as few words as possible, wrapping the key part in {} brackets: {Genesis}.

What is the name of the first book of the Bible?
Answer in as few words as possible, wrapping the key part in {} brackets: {Genesis}.

What is the name of the first book of the Bible?
Answer",
113,What was the last name of the nearly blind impressionist artist who painted a series of mural-sized pictures of water lilies near the end of his life?,Monet,"Monet}.

What is the chemical symbol for silver?
Answer in as few words as possible, wrapping the key part in {} brackets: {Ag}.

What is the chemical symbol for copper?
Answer in as few words as possible, wrapping the key part in {} brackets: {Cu}.

What is the chemical symbol for iron?
Answer in as few words as possible, wrapping the key part in {} br",
114,What dwarf kills himself when a young bride guesses his highly unusual name?,Rumpelstiltskin,"Rumpelstiltskin}.

What is the chemical symbol for iron?
Answer in as few words as possible, wrapping the key part in {} brackets: The chemical symbol for iron is {Fe}.

What is the chemical symbol for copper?
Answer in as few words as possible, wrapping the key part in {} brackets: The chemical symbol for copper is {Cu}.

What is the chemical symbol for silver?
",
115,What word means to bleed heavily or uncontrollably?,Hemorrhage,"haemorrhage}.

What is the name of the largest planet in our solar system?
Answer in as few words as possible, wrapping the key part in {} brackets: {Jupiter}.

What is the name of the largest continent in the world?
Answer in as few words as possible, wrapping the key part in {} brackets: {Asia}.

What is the name of the largest ocean in the world?
",
116,What is the name of the strait between Alaska and Siberia?,Bering,"Bering Strait}.

What is the name of the river that flows through Paris?
Answer in as few words as possible, wrapping the key part in {} brackets: {Seine}.

What is the name of the river that flows through London?
Answer in as few words as possible, wrapping the key part in {} brackets: {Thames}.

What is the name of the river that flows through Rome?
Answer",
117,What is the last name of the current mayor of New York City?,De Blasio,"De Blasio}.

What is the name of the largest city in the United States?
Answer in as few words as possible, wrapping the key part in {} brackets: {New York}.

What is the name of the largest city in the United States?
Answer in as few words as possible, wrapping the key part in {} brackets: {New York}.

What is the name of the largest city in the United States?",
118,What beetle was held sacred by ancient Egyptians?,Scarab,"Scarab}.

What is the chemical symbol for iron?
Answer in as few words as possible, wrapping the key part in {} brackets: {Fe}.

What is the chemical symbol for copper?
Answer in as few words as possible, wrapping the key part in {} brackets: {Cu}.

What is the chemical symbol for silver?
Answer in as few words as possible, wrapping the key part in {}",
119,What river in Hades does Charon ferry dead souls across?,Styx,"Styx}.

What is the chemical symbol for iron?
Answer in as few words as possible, wrapping the key part in {} brackets: {Fe}.

What is the chemical symbol for copper?
Answer in as few words as possible, wrapping the key part in {} brackets: {Cu}.

What is the chemical symbol for silver?
Answer in as few words as possible, wrapping the key part in {}",
120,Who shot an apple off of his son's head in the 14th century?,William Tell,"Nicholas Flamel}.

What is the chemical symbol for iron?
Answer in as few words as possible, wrapping the key part in {} brackets: The chemical symbol for iron is {Fe}.

What is the chemical symbol for copper?
Answer in as few words as possible, wrapping the key part in {} brackets: The chemical symbol for copper is {Cu}.

What is the chemical symbol for silver?
An",
121,What is the last name of the author of Little Women?,Alcott,"Alcott}.

What is the name of the first book of the Bible?
Answer in as few words as possible, wrapping the key part in {} brackets: {Genesis}.

What is the name of the first book of the Bible?
Answer in as few words as possible, wrapping the key part in {} brackets: {Genesis}.

What is the name of the first book of the Bible?
Answer in as",
122,What is last name of the woman who wrote Gone With the Wind?,Mitchell,"Mitchell}.

What is the name of the first man to walk on the moon?
Answer in as few words as possible, wrapping the key part in {} brackets: {Armstrong}.

What is the name of the first man to walk on the moon?
Answer in as few words as possible, wrapping the key part in {} brackets: {Armstrong}.

What is the name of the first man to walk on the",
123,What is the last name of the author of 'The Hobbit'?,Tolkien,"Tolkien}.

What is the name of the first book in the Harry Potter series?
Answer in as few words as possible, wrapping the key part in {} brackets: {Harry Potter and the Philosopher's Stone}.

What is the name of the first book in the Lord of the Rings trilogy?
Answer in as few words as possible, wrapping the key part in {} brackets: {The",
124,What did the Wright Brothers do before inventing an aircraft?,Built bicycles,"They were bicycle makers}.

What is the chemical symbol for iron?
Answer in as few words as possible, wrapping the key part in {} brackets: {Fe}.

What is the chemical symbol for copper?
Answer in as few words as possible, wrapping the key part in {} brackets: {Cu}.

What is the chemical symbol for silver?
Answer in as few words as possible, wrapping the key",
125,"What is the last name of the actress who played Gloria on TV's ""All in the Family""?",Struthers,"Arden}.

What is the name of the first man to walk on the moon?
Answer in as few words as possible, wrapping the key part in {} brackets: {Armstrong}.

What is the name of the first man to walk on the moon?
Answer in as few words as possible, wrapping the key part in {} brackets: {Armstrong}.

What is the name of the first man to walk on the moon",
126,"What is the last name of the actor who starred in both the Broadway production and the film, ""A Streetcar Named Desire""?",Brando,"Brando}.

What is the name of the first American to win the Nobel Prize for Literature?
Answer in as few words as possible, wrapping the key part in {} brackets: {Sinclair Lewis}.

What is the name of the first American to win the Nobel Prize for Literature?
Answer in as few words as possible, wrapping the key part in {} brackets: {Sinclair Lewis}.

What",
127,"What is the last name of the Romanian gymnast who scored 7 perfect ""10's"" and won 3 gold medals in the 1976 Olympics?",Comaneci,"Cosnita}.

What is the name of the first American to win the Nobel Prize in Literature?
Answer in as few words as possible, wrapping the key part in {} brackets: {Sinclair Lewis}.

What is the name of the first American to win the Nobel Prize in Physics?
Answer in as few words as possible, wrapping the key part in {} brackets: {Albert A. Michelson",
128,"What do you call a habitual spasmodic motion or twitching of particular muscles, especially in the face?",Tic,"tic}.

What is the name of the largest river in the world?
Answer in as few words as possible, wrapping the key part in {} brackets: {Amazon}.

What is the name of the largest lake in the world?
Answer in as few words as possible, wrapping the key part in {} brackets: {Caspian}.

What is the name of the largest desert in the world?
Answer in",
129,What is the river that flows north from Switzerland to Holland and forms the border between Germany and France?,Rhine,"Rhine}.

What is the name of the river that flows through the city of London?
Answer in as few words as possible, wrapping the key part in {} brackets: {Thames}.

What is the name of the river that flows through the city of Paris?
Answer in as few words as possible, wrapping the key part in {} brackets: {Seine}.

What is the name of the river that flows through",
130,What was the harp-like instrument used in ancient Greece to accompany singing and recitation?,Lyre,"lyre}.

What is the name of the first book of the Bible?
Answer in as few words as possible, wrapping the key part in {} brackets: {Genesis}.

What is the name of the first book of the Bible?
Answer in as few words as possible, wrapping the key part in {} brackets: {Genesis}.

What is the name of the first book of the Bible?
Answer in as",
131,"What was the name of the zeppelin, blimp, that exploded in Lake Hurst, New Jersey in 1937?",Hindenburg,"Hindenburg}.

What is the name of the first man to walk on the moon?
Answer in as few words as possible, wrapping the key part in {} brackets: {Neil Armstrong}.

What is the name of the first man to walk on the moon?
Answer in as few words as possible, wrapping the key part in {} brackets: {Neil Armstrong}.

What is the name of the first man",
132,What is a male witch called?,Warlock,"A warlock}.

What is the chemical symbol for iron?
Answer in as few words as possible, wrapping the key part in {} brackets: {Fe}.

What is the chemical symbol for copper?
Answer in as few words as possible, wrapping the key part in {} brackets: {Cu}.

What is the chemical symbol for silver?
Answer in as few words as possible, wrapping the key part in {}",
133,What is the first name of the school teacher who was chased by the headless horseman in 'The Legend of Sleepy Hollow'?,Ichabod,"Ichabod}.

What is the name of the first man to walk on the moon?
Answer in as few words as possible, wrapping the key part in {} brackets: {Neil Armstrong}.

What is the name of the first man to walk on the moon?
Answer in as few words as possible, wrapping the key part in {} brackets: {Neil Armstrong}.

What is the name of the first",
134,What is the last name of the author of 'Uncle Tom's Cabin'?,Stowe,"Stowe}.

What is the name of the first man to walk on the moon?
Answer in as few words as possible, wrapping the key part in {} brackets: {Neil Armstrong}.

What is the name of the first man to walk on the moon?
Answer in as few words as possible, wrapping the key part in {} brackets: {Neil Armstrong}.

What is the name of the first man to",
135,What was the last name of Scrooge's dead partner in Dickens' 'A Christmas Carol?',Marley,"Marley}.

What is the name of the first book of the Bible?
Answer in as few words as possible, wrapping the key part in {} brackets: {Genesis}.

What is the name of the first book of the Bible?
Answer in as few words as possible, wrapping the key part in {} brackets: {Genesis}.

What is the name of the first book of the Bible?
Answer in as",
136,What is the term for when three musical notes are played together?,Chord,"chord}.

What is the name of the largest planet in our solar system?
Answer in as few words as possible, wrapping the key part in {} brackets: {Jupiter}.

What is the name of the largest continent in the world?
Answer in as few words as possible, wrapping the key part in {} brackets: {Asia}.

What is the name of the largest ocean in the world?
Answer in",
137,What do you call the three periods(...) used to indicate an omission or a pause?,Ellipsis,"ellipsis}.

What is the chemical symbol for iron?
Answer in as few words as possible, wrapping the key part in {} brackets: The chemical symbol for iron is {Fe}.

What is the chemical symbol for copper?
Answer in as few words as possible, wrapping the key part in {} brackets: The chemical symbol for copper is {Cu}.

What is the chemical symbol for silver?
Answer in as",
138,What word would means having a healthy reddish color?,Ruddy,"Rosy}.

What is the chemical symbol for iron?
Answer in as few words as possible, wrapping the key part in {} brackets: The chemical symbol for iron is {Fe}.

What is the chemical symbol for copper?
Answer in as few words as possible, wrapping the key part in {} brackets: The chemical symbol for copper is {Cu}.

What is the chemical symbol for silver?
Answer in as",
139,What is the last name of the author who wrote the Sherlock Holmes stories?,Doyle,"Doyle}.

What is the name of the first book in the Harry Potter series?
Answer in as few words as possible, wrapping the key part in {} brackets: {Philosopher's Stone}.

What is the name of the first book in the Lord of the Rings trilogy?
Answer in as few words as possible, wrapping the key part in {} brackets: {Fellowship of the Ring}.
",
140,What game was Deep Blue skilled at?,Chess,"Chess}.

What is the chemical symbol for iron?
Answer in as few words as possible, wrapping the key part in {} brackets: {Fe}.

What is the chemical symbol for copper?
Answer in as few words as possible, wrapping the key part in {} brackets: {Cu}.

What is the chemical symbol for silver?
Answer in as few words as possible, wrapping the key part in {} br",
141,"Who was Time Magazine's 1938 ""Man of the Year""?",Adolph Hitler,"Adolf Hitler}.

What is the chemical symbol for silver?
Answer in as few words as possible, wrapping the key part in {} brackets: The chemical symbol for silver is {Ag}.

What is the chemical symbol for copper?
Answer in as few words as possible, wrapping the key part in {} brackets: The chemical symbol for copper is {Cu}.

What is the chemical symbol for iron?
Answer in as",
142,Who was the fictional character who married his mother and blinded himself?,Oedipus,"Oedipus}.

What is the name of the largest planet in our solar system?
Answer in as few words as possible, wrapping the key part in {} brackets: {Jupiter}.

What is the name of the largest ocean in the world?
Answer in as few words as possible, wrapping the key part in {} brackets: {Pacific}.

What is the name of the largest continent in the world?
",
143,What was the name of the German Secret State Police?,Gestapo,"Gestapo}.

What is the name of the largest river in the world?
Answer in as few words as possible, wrapping the key part in {} brackets: {Amazon}.

What is the name of the largest lake in the world?
Answer in as few words as possible, wrapping the key part in {} brackets: {Caspian Sea}.

What is the name of the largest desert in the world?
",
144,What peace treaty ended World War I?,Versailles,"The Treaty of Versailles}.

What is the chemical symbol for iron?
Answer in as few words as possible, wrapping the key part in {} brackets: {Fe}.

What is the chemical symbol for copper?
Answer in as few words as possible, wrapping the key part in {} brackets: {Cu}.

What is the chemical symbol for silver?
Answer in as few words as possible, wrapping the",
145,"Which bone does the colloquial term ""jawbone"" refer to?",Mandible,"Mandible}.

What is the chemical symbol for iron?
Answer in as few words as possible, wrapping the key part in {} brackets: {Fe}.

What is the chemical symbol for copper?
Answer in as few words as possible, wrapping the key part in {} brackets: {Cu}.

What is the chemical symbol for silver?
Answer in as few words as possible, wrapping the key part in {}",
146,Which Aerosmith song was re-made by Run D.M.C.?,Walk this Way,"Walk This Way}.

What is the chemical symbol for iron?
Answer in as few words as possible, wrapping the key part in {} brackets: The chemical symbol for iron is {Fe}.

What is the chemical symbol for copper?
Answer in as few words as possible, wrapping the key part in {} brackets: The chemical symbol for copper is {Cu}.

What is the chemical symbol for silver?
Answer in as",
147,What is the name for the legendary Egyptian sculpture which asked people a famous riddle?,Sphinx,"The Sphinx}.

What is the name of the famous painting by Leonardo da Vinci?
Answer in as few words as possible, wrapping the key part in {} brackets: {The Mona Lisa}.

What is the name of the famous painting by Vincent van Gogh?
Answer in as few words as possible, wrapping the key part in {} brackets: {The Starry Night}.

What is the name of",
148,What is the capital of Finland?,Helsinki,"Helsinki}.

What is the chemical symbol for iron?
Answer in as few words as possible, wrapping the key part in {} brackets: {Fe}.

What is the capital of the United Kingdom?
Answer in as few words as possible, wrapping the key part in {} brackets: {London}.

What is the chemical symbol for copper?
Answer in as few words as possible, wrapping the key part in",
149,What is the capital of Canada?,Ottawa,"Ottawa}.

What is the chemical symbol for iron?
Answer in as few words as possible, wrapping the key part in {} brackets: {Fe}.

What is the capital of France?
Answer in as few words as possible, wrapping the key part in {} brackets: {Paris}.

What is the chemical symbol for copper?
Answer in as few words as possible, wrapping the key part in {} br",
150,What is the last name of the inventor of the wireless radio?,Marconi,"Marconi}.

What is the name of the first man to walk on the moon?
Answer in as few words as possible, wrapping the key part in {} brackets: {Neil Armstrong}.

What is the name of the first man to walk on the moon?
Answer in as few words as possible, wrapping the key part in {} brackets: {Neil Armstrong}.

What is the name of the first man",
151,What is the largest city and capital of Kenya?,Nairobi,"Nairobi}.

What is the name of the largest city in the United States?
Answer in as few words as possible, wrapping the key part in {} brackets: {New York}.

What is the name of the largest city in the United Kingdom?
Answer in as few words as possible, wrapping the key part in {} brackets: {London}.

What is the name of the largest city in the United States?
An",
152,Who was the most famous Greek doctor?,Hippocrates,"Hippocrates}.

What is the chemical symbol for iron?
Answer in as few words as possible, wrapping the key part in {} brackets: The chemical symbol for iron is {Fe}.

What is the chemical symbol for copper?
Answer in as few words as possible, wrapping the key part in {} brackets: The chemical symbol for copper is {Cu}.

What is the chemical symbol for silver?
Answer in",
153,What is the last name of the husband-wife spies who were electrocuted in 1951 for passing atomic secrets to Russia?,Rosenberg,"Rosenbergs}.

What is the name of the first man to walk on the moon?
Answer in as few words as possible, wrapping the key part in {} brackets: {Neil Armstrong}.

What is the name of the first man to walk on the moon?
Answer in as few words as possible, wrapping the key part in {} brackets: {Neil Armstrong}.

What is the name of the first",
154,What is the gas that forms dry ice when frozen?,Carbon dioxide,"CO2}.

What is the chemical symbol for iron?
Answer in as few words as possible, wrapping the key part in {} brackets: {Fe}.

What is the chemical symbol for copper?
Answer in as few words as possible, wrapping the key part in {} brackets: {Cu}.

What is the chemical symbol for silver?
Answer in as few words as possible, wrapping the key part in {} br",
155,What was the last name of the explorer who tramped through what is now Florida looking for the fountain of youth?,Ponce De Leon,"Ponce de Leon}.

What is the chemical symbol for silver?
Answer in as few words as possible, wrapping the key part in {} brackets: The chemical symbol for silver is {Ag}.

What is the chemical symbol for copper?
Answer in as few words as possible, wrapping the key part in {} brackets: The chemical symbol for copper is {Cu}.

What is the chemical symbol for iron?
Answer in",
156,What is the last name of the author of 'Call of the Wild'?,London,"London}.

What is the name of the first book of the Bible?
Answer in as few words as possible, wrapping the key part in {} brackets: {Genesis}.

What is the name of the first book of the Bible?
Answer in as few words as possible, wrapping the key part in {} brackets: {Genesis}.

What is the name of the first book of the Bible?
Answer in as few",
157,What kind of poison did Socrates take as his execution?,Hemlock,"hemlock}.

What is the chemical symbol for iron?
Answer in as few words as possible, wrapping the key part in {} brackets: {Fe}.

What is the chemical symbol for copper?
Answer in as few words as possible, wrapping the key part in {} brackets: {Cu}.

What is the chemical symbol for silver?
Answer in as few words as possible, wrapping the key part in {} br",
158,What is the last name of the woman who founded the American Red Cross?,Barton,"Clara Barton}.

What is the name of the first American to walk on the moon?
Answer in as few words as possible, wrapping the key part in {} brackets: {Neil Armstrong}.

What is the name of the first American to walk on the moon?
Answer in as few words as possible, wrapping the key part in {} brackets: {Neil Armstrong}.

What is the name of the first",
159,Who was the person who visited the Lilliputians?,Gulliver,"Gulliver}.

What is the name of the first book in the Bible?
Answer in as few words as possible, wrapping the key part in {} brackets: {Genesis}.

What is the name of the first book in the Bible?
Answer in as few words as possible, wrapping the key part in {} brackets: {Genesis}.

What is the name of the first book in the Bible?
Answer in",
160,Who was Robin Hood's greatest enemy?,Sheriff of Nottingham,"Sheriff of Nottingham}.

What is the name of the largest planet in our solar system?
Answer in as few words as possible, wrapping the key part in {} brackets: {Jupiter}.

What is the name of the largest ocean in the world?
Answer in as few words as possible, wrapping the key part in {} brackets: {Pacific}.

What is the name of the largest continent in the",
161,What is the navigation instrument used at sea to plot positioning by the stars?,Sextant,"sextant}.

What is the name of the first man to walk on the moon?
Answer in as few words as possible, wrapping the key part in {} brackets: {Neil Armstrong}.

What is the name of the first man to walk on the moon?
Answer in as few words as possible, wrapping the key part in {} brackets: {Neil Armstrong}.

What is the name of the first man",
162,"What do you call a word or sentence that reads the same backward or forward, such as ""Madam, I'm Adam""?",Palindrome,"Palindrome}.

What is the name of the first book of the Bible?
Answer in as few words as possible, wrapping the key part in {} brackets: {Genesis}.

What is the name of the first book of the Bible?
Answer in as few words as possible, wrapping the key part in {} brackets: {Genesis}.

What is the name of the first book of the Bible?
Answer in",
163,Which body of water separates Central and South America?,Panama Canal,"Panama Canal}.

What is the chemical symbol for iron?
Answer in as few words as possible, wrapping the key part in {} brackets: {Fe}.

What is the chemical symbol for copper?
Answer in as few words as possible, wrapping the key part in {} brackets: {Cu}.

What is the chemical symbol for silver?
Answer in as few words as possible, wrapping the key part in {}",
164,What word means to cut or chop (food) into very small pieces?,Mince,"mince}.

What is the name of the largest planet in our solar system?
Answer in as few words as possible, wrapping the key part in {} brackets: {Jupiter}.

What is the name of the largest continent in the world?
Answer in as few words as possible, wrapping the key part in {} brackets: {Asia}.

What is the name of the largest ocean in the world?
Answer in",
165,What was the capital of Czechoslovakia?,Prague,"Prague}.

What is the chemical symbol for silver?
Answer in as few words as possible, wrapping the key part in {} brackets: {Ag}.

What is the chemical symbol for copper?
Answer in as few words as possible, wrapping the key part in {} brackets: {Cu}.

What is the chemical symbol for iron?
Answer in as few words as possible, wrapping the key part in {} br",
166,What is the mixture of two or more metallic elements?,Alloy,"alloy}.

What is the name of the chemical element with the symbol {Hg}?
Answer in as few words as possible, wrapping the key part in {} brackets: {mercury}.

What is the name of the chemical element with the symbol {Cu}?
Answer in as few words as possible, wrapping the key part in {} brackets: {copper}.

What is the name of the chemical element with",
167,What do you call the leather band formerly used for sharpening an old-fashioned razor?,Strop,"A strop}.

What is the name of the first book of the Bible?
Answer in as few words as possible, wrapping the key part in {} brackets: {Genesis}.

What is the name of the first book of the Bible?
Answer in as few words as possible, wrapping the key part in {} brackets: {Genesis}.

What is the name of the first book of the Bible?
Answer in",
168,What is the colloquial term for patella?,Kneecap,"Knee cap}.

What is the chemical symbol for iron?
Answer in as few words as possible, wrapping the key part in {} brackets: {Fe}.

What is the chemical symbol for copper?
Answer in as few words as possible, wrapping the key part in {} brackets: {Cu}.

What is the chemical symbol for silver?
Answer in as few words as possible, wrapping the key part in",
169,What is the name of the hardwood of an (Asian) Indian timber tree often used for furniture?,Teak,"Teak}.

What is the name of the hardwood of an (Asian) Indian timber tree often used for furniture?
Answer in as few words as possible, wrapping the key part in {} brackets: {Teak}.

What is the name of the hardwood of an (Asian) Indian timber tree often used for furniture?
Answer in as few words as possible, wrapping the key part in {} brackets: {",
170,Who was Elton John's chief lyricist?,Bernie Taupin,"Bernie Taupin}.

What is the name of the first book of the Bible?
Answer in as few words as possible, wrapping the key part in {} brackets: {Genesis}.

What is the name of the first book of the Bible?
Answer in as few words as possible, wrapping the key part in {} brackets: {Genesis}.

What is the name of the first book of the Bible?
",
171,"Which serial killer called himself ""Son of Sam""?",David Berkowitz,"David Berkowitz}.

What is the chemical symbol for iron?
Answer in as few words as possible, wrapping the key part in {} brackets: The chemical symbol for iron is {Fe}.

What is the chemical symbol for copper?
Answer in as few words as possible, wrapping the key part in {} brackets: The chemical symbol for copper is {Cu}.

What is the chemical symbol for silver?
Answer in",
172,"Who is known as ""The Father of Geometry""?",Euclid,"Euclid}.

What is the chemical symbol for iron?
Answer in as few words as possible, wrapping the key part in {} brackets: The chemical symbol for iron is {Fe}.

What is the chemical symbol for copper?
Answer in as few words as possible, wrapping the key part in {} brackets: The chemical symbol for copper is {Cu}.

What is the chemical symbol for silver?
Answer in",
173,What was the name of the Union ironclad ship that fought the Confederate ironclad Merrimack?,Monitor,"Monitor}.

What is the chemical symbol for copper?
Answer in as few words as possible, wrapping the key part in {} brackets: {Cu}.

What is the chemical symbol for silver?
Answer in as few words as possible, wrapping the key part in {} brackets: {Ag}.

What is the chemical symbol for iron?
Answer in as few words as possible, wrapping the key part in {} brack",
174,In 'Romeo and Juliet' who were the Montagues feuding with?,Capulets,"The Capulets}.

What is the chemical symbol for iron?
Answer in as few words as possible, wrapping the key part in {} brackets: {Fe}.

What is the chemical symbol for copper?
Answer in as few words as possible, wrapping the key part in {} brackets: {Cu}.

What is the chemical symbol for silver?
Answer in as few words as possible, wrapping the key part in",
175,"What is the last name of the actor who starred in ""Hart to Hart"" and ""Switch"" on TV and also in many movies?",Wagner,"Robert Wagner}.

What is the name of the first man to walk on the moon?
Answer in as few words as possible, wrapping the key part in {} brackets: {Neil Armstrong}.

What is the name of the first man to walk on the moon?
Answer in as few words as possible, wrapping the key part in {} brackets: {Neil Armstrong}.

What is the name of the",
176,What do you call a person who collects and studies stamps?,Philatelist,"A philatelist}.

What is the chemical symbol for iron?
Answer in as few words as possible, wrapping the key part in {} brackets: {Fe}.

What is the chemical symbol for copper?
Answer in as few words as possible, wrapping the key part in {} brackets: {Cu}.

What is the chemical symbol for silver?
Answer in as few words as possible, wrapping the key part in",
177,What is the name of the river that runs through Rome?,Tiber,"Tiber}.

What is the name of the river that runs through Paris?
Answer in as few words as possible, wrapping the key part in {} brackets: {Seine}.

What is the name of the river that runs through London?
Answer in as few words as possible, wrapping the key part in {} brackets: {Thames}.

What is the name of the river that runs through Berlin?
Answer in as",
178,What is the name of the mountain range that separates Asia from Europe?,Ural,"Caucasus}.

What is the name of the river that flows through Paris?
Answer in as few words as possible, wrapping the key part in {} brackets: {Seine}.

What is the name of the river that flows through London?
Answer in as few words as possible, wrapping the key part in {} brackets: {Thames}.

What is the name of the river that flows through Berlin?
Answer",
179,What was the 2001 event that led to the bankruptcy of a U.S. energy company and resulted in the dissolution of Arthur Anderson?,The Enron Scandal,"Enron}.

What is the chemical symbol for silver?
Answer in as few words as possible, wrapping the key part in {} brackets: The chemical symbol for silver is {Ag}.

What is the chemical symbol for copper?
Answer in as few words as possible, wrapping the key part in {} brackets: The chemical symbol for copper is {Cu}.

What is the chemical symbol for platinum?
Answer in as",
180,"Whose autobiography is titled ""Lady Sings the Blues""?",Billie Holiday,"Billie Holiday}.

What is the name of the first book of the Bible?
Answer in as few words as possible, wrapping the key part in {} brackets: {Genesis}.

What is the name of the first book of the Bible?
Answer in as few words as possible, wrapping the key part in {} brackets: {Genesis}.

What is the name of the first book of the Bible?
Answer",
181,What is the name of the Viking who discovered Greenland?,Erik the Red,"Erik the Red}.

What is the name of the first man to walk on the moon?
Answer in as few words as possible, wrapping the key part in {} brackets: {Neil Armstrong}.

What is the name of the first man to walk on the moon?
Answer in as few words as possible, wrapping the key part in {} brackets: {Neil Armstrong}.

What is the name of the first",
182,What was Bob Dylan's birth name?,Robert Zimmerman,"Robert Allen Zimmerman}.

What is the chemical symbol for iron?
Answer in as few words as possible, wrapping the key part in {} brackets: {Fe}.

What is the chemical symbol for copper?
Answer in as few words as possible, wrapping the key part in {} brackets: {Cu}.

What is the chemical symbol for silver?
Answer in as few words as possible, wrapping the",
183,Where was the 1939 World's Fair held?,New York City,"New York}.

What is the chemical symbol for silver?
Answer in as few words as possible, wrapping the key part in {} brackets: The chemical symbol for silver is {Ag}.

What is the chemical symbol for copper?
Answer in as few words as possible, wrapping the key part in {} brackets: The chemical symbol for copper is {Cu}.

What is the chemical symbol for iron?
Answer in as few",
184,What did the irascible Ted Williams do in the final at bat of his 19-year major-league career?,Hit a home run,"He hit a home run}.

What is the name of the first American to win the Nobel Prize in Literature?
Answer in as few words as possible, wrapping the key part in {} brackets: {Sinclair Lewis}.

What is the name of the first American to win the Nobel Prize in Literature?
Answer in as few words as possible, wrapping the key part in {} brackets: {Sinclair Lewis}.",
185,On top of which mountain was Moses given the Ten Commandments?,Sinai,"Mount Sinai}.

What is the chemical symbol for iron?
Answer in as few words as possible, wrapping the key part in {} brackets: The chemical symbol for iron is {Fe}.

What is the chemical symbol for copper?
Answer in as few words as possible, wrapping the key part in {} brackets: The chemical symbol for copper is {Cu}.

What is the chemical symbol for silver?
Answer in",
186,What is the last name of the Cuban leader that Castro overthrew?,Batista,"Batista}.

What is the name of the first man to walk on the moon?
Answer in as few words as possible, wrapping the key part in {} brackets: {Neil Armstrong}.

What is the name of the first man to walk on the moon?
Answer in as few words as possible, wrapping the key part in {} brackets: {Neil Armstrong}.

What is the name of the first man",
187,What is the name of the fountain in Rome into which coins are thrown for good luck?,Trevi,"Trevi}.

What is the name of the river that flows through Paris?
Answer in as few words as possible, wrapping the key part in {} brackets: {Seine}.

What is the name of the river that flows through London?
Answer in as few words as possible, wrapping the key part in {} brackets: {Thames}.

What is the name of the river that flows through Berlin?
Answer in",
188,What was the English settlement that vanished in the late 1580s?,Roanoke,"Roanoke}.

What is the name of the first book of the Bible?
Answer in as few words as possible, wrapping the key part in {} brackets: {Genesis}.

What is the name of the first book of the Bible?
Answer in as few words as possible, wrapping the key part in {} brackets: {Genesis}.

What is the name of the first book of the Bible?
Answer in",
189,What do you call a moderately fast gait of a horse in which the legs move in diagonal pairs?,Trot,"A trot}.

What is the chemical symbol for iron?
Answer in as few words as possible, wrapping the key part in {} brackets: {Fe}.

What is the chemical symbol for silver?
Answer in as few words as possible, wrapping the key part in {} brackets: {Ag}.

What is the chemical symbol for copper?
Answer in as few words as possible, wrapping the key part in {} br",
190,What is the term given to pure spiritual love which is devoid of carnal desires between members of opposite sexes?,Platonic,"Platonic love}.

What is the name of the first book of the Bible?
Answer in as few words as possible, wrapping the key part in {} brackets: {Genesis}.

What is the name of the first book of the Bible?
Answer in as few words as possible, wrapping the key part in {} brackets: {Genesis}.

What is the name of the first book of the Bible?
Answer",
191,What was the disease known as the 'Black Plague'?,Bubonic,"Bubonic plague}.

What is the chemical symbol for iron?
Answer in as few words as possible, wrapping the key part in {} brackets: The chemical symbol for iron is {Fe}.

What is the chemical symbol for copper?
Answer in as few words as possible, wrapping the key part in {} brackets: The chemical symbol for copper is {Cu}.

What is the chemical symbol for silver?
Answer",
192,What was the last name of the person known as the 'desert fox',Rommel,"Rommel}.

What is the chemical symbol for iron?
Answer in as few words as possible, wrapping the key part in {} brackets: {Fe}.

What is the chemical symbol for copper?
Answer in as few words as possible, wrapping the key part in {} brackets: {Cu}.

What is the chemical symbol for silver?
Answer in as few words as possible, wrapping the key part in {} br",
193,What is the last name of the first person to climb Mount Everest?,Hillary,"Hillary}.

What is the name of the first man to walk on the moon?
Answer in as few words as possible, wrapping the key part in {} brackets: {Armstrong}.

What is the name of the first man to walk on the moon?
Answer in as few words as possible, wrapping the key part in {} brackets: {Armstrong}.

What is the name of the first man to walk on the",
194,What is the last name of the British admiral who won the Battle of Trafalgar?,Nelson,"Nelson}.

What is the name of the river that flows through Paris?
Answer in as few words as possible, wrapping the key part in {} brackets: {Seine}.

What is the name of the river that flows through London?
Answer in as few words as possible, wrapping the key part in {} brackets: {Thames}.

What is the name of the river that flows through Berlin?
Answer in as",
195,"What is the last name of the French author who wrote ""The Stranger""?",Camus,"Camus}.

What is the name of the first man to walk on the moon?
Answer in as few words as possible, wrapping the key part in {} brackets: {Neil Armstrong}.

What is the name of the first man to walk on the moon?
Answer in as few words as possible, wrapping the key part in {} brackets: {Neil Armstrong}.

What is the name of the first man to",
196,"What is the last name of the man who created the comic strip ""Li'l Abner""?",Capp,"Al Capp}.

What is the name of the first man to walk on the moon?
Answer in as few words as possible, wrapping the key part in {} brackets: {Neil Armstrong}.

What is the name of the man who wrote the book ""The Great Gatsby""?
Answer in as few words as possible, wrapping the key part in {} brackets: {F. Scott Fitzgerald}.

What is",
197,To which continent is the yam native?,Africa,"Africa}.

What is the chemical symbol for iron?
Answer in as few words as possible, wrapping the key part in {} brackets: {Fe}.

What is the chemical symbol for copper?
Answer in as few words as possible, wrapping the key part in {} brackets: {Cu}.

What is the chemical symbol for silver?
Answer in as few words as possible, wrapping the key part in {} br",
198,What word means to raise into position by means of a pulley?,Hoist,"hoist}.

What is the chemical symbol for iron?
Answer in as few words as possible, wrapping the key part in {} brackets: {Fe}.

What is the chemical symbol for copper?
Answer in as few words as possible, wrapping the key part in {} brackets: {Cu}.

What is the chemical symbol for silver?
Answer in as few words as possible, wrapping the key part in {} br",
199,What is the old name of Taiwan?,Formosa,"Formosa}.

What is the chemical symbol for iron?
Answer in as few words as possible, wrapping the key part in {} brackets: {Fe}.

What is the chemical symbol for copper?
Answer in as few words as possible, wrapping the key part in {} brackets: {Cu}.

What is the chemical symbol for silver?
Answer in as few words as possible, wrapping the key part in {} br",
200,What was the creature killed by Theseus which had the body of a man and the head of a bull?,Minotaur,"Minotaur}.

What is the name of the river which flows through the city of Paris?
Answer in as few words as possible, wrapping the key part in {} brackets: {Seine}.

What is the name of the river which flows through the city of London?
Answer in as few words as possible, wrapping the key part in {} brackets: {Thames}.

What is the name of the river which flows through",
201,In which city is Michelangelo's statue of David located?,Florence,"Florence}.

What is the chemical symbol for iron?
Answer in as few words as possible, wrapping the key part in {} brackets: {Fe}.

What is the chemical symbol for copper?
Answer in as few words as possible, wrapping the key part in {} brackets: {Cu}.

What is the chemical symbol for silver?
Answer in as few words as possible, wrapping the key part in {}",
202,What is the last name of the man who invented dynamite?,Nobel,"Nobel}.

What is the name of the man who invented the telephone?
Answer in as few words as possible, wrapping the key part in {} brackets: {Edison}.

What is the name of the man who invented the light bulb?
Answer in as few words as possible, wrapping the key part in {} brackets: {Edison}.

What is the name of the man who invented the radio?",
203,What is John Kenneth Galbraith's profession?,Economist,"Economist}.

What is the name of the first book of the Bible?
Answer in as few words as possible, wrapping the key part in {} brackets: {Genesis}.

What is the name of the first book of the Bible?
Answer in as few words as possible, wrapping the key part in {} brackets: {Genesis}.

What is the name of the first book of the Bible?
Answer in",
204,Who was the bouncy and egotistical friend of Christopher Robin?,Tigger,"Piglet}.

What is the name of the largest planet in our solar system?
Answer in as few words as possible, wrapping the key part in {} brackets: {Jupiter}.

What is the name of the largest continent in the world?
Answer in as few words as possible, wrapping the key part in {} brackets: {Asia}.

What is the name of the largest ocean in the world?
Answer",
205,What is a network designed to allow communication within an organization?,An intranet,"LAN}.

What is the chemical symbol for iron?
Answer in as few words as possible, wrapping the key part in {} brackets: {Fe}.

What is the chemical symbol for copper?
Answer in as few words as possible, wrapping the key part in {} brackets: {Cu}.

What is the chemical symbol for silver?
Answer in as few words as possible, wrapping the key part in {} brack",
206,What was invented by Wilhelm Rontgen in 1895?,X-ray machine,"X-rays}.

What is the chemical symbol for iron?
Answer in as few words as possible, wrapping the key part in {} brackets: {Fe}.

What is the chemical symbol for copper?
Answer in as few words as possible, wrapping the key part in {} brackets: {Cu}.

What is the chemical symbol for silver?
Answer in as few words as possible, wrapping the key part in",
207,Who is the national poet of Scotland?,Robert Burns,"Robert Burns}.

What is the name of the largest river in the world?
Answer in as few words as possible, wrapping the key part in {} brackets: {The Amazon}.

What is the name of the largest lake in the world?
Answer in as few words as possible, wrapping the key part in {} brackets: {Lake Superior}.

What is the name of the largest desert in the world?",
208,What do you call a sharp and sudden pain in the side?,Stitch,"A side}.

What is the name of the largest planet in our solar system?
Answer in as few words as possible, wrapping the key part in {} brackets: {Jupiter}.

What is the name of the largest planet in our solar system?
Answer in as few words as possible, wrapping the key part in {} brackets: {Jupiter}.

What is the name of the largest planet in our solar system?
An",
209,What is the metric for gemstone quality?,Carat,"carat}.

What is the chemical symbol for silver?
Answer in as few words as possible, wrapping the key part in {} brackets: {Ag}.

What is the chemical symbol for copper?
Answer in as few words as possible, wrapping the key part in {} brackets: {Cu}.

What is the chemical symbol for platinum?
Answer in as few words as possible, wrapping the key part in {}",
210,"What was the last name of the composer of the ""Maple Leaf Rag""?",Joplin,"Scott Joplin}.

What is the chemical symbol for iron?
Answer in as few words as possible, wrapping the key part in {} brackets: The chemical symbol for iron is {Fe}.

What is the chemical symbol for copper?
Answer in as few words as possible, wrapping the key part in {} brackets: The chemical symbol for copper is {Cu}.

What is the chemical symbol for silver?
Answer",
211,What is the long process by which a dead organism turns to stone?,Petrification,"Fossilisation}.

What is the name of the largest planet in our solar system?
Answer in as few words as possible, wrapping the key part in {} brackets: {Jupiter}.

What is the name of the largest continent in the world?
Answer in as few words as possible, wrapping the key part in {} brackets: {Asia}.

What is the name of the largest ocean in the world?
An",
212,What was the first feature-length motion picture with sound?,The Jazz Singer,"The Jazz Singer}.

What is the name of the first man to walk on the moon?
Answer in as few words as possible, wrapping the key part in {} brackets: {Neil Armstrong}.

What is the name of the first man to walk on the moon?
Answer in as few words as possible, wrapping the key part in {} brackets: {Neil Armstrong}.

What is the name of the first",
213,Which sport has the highest amount of doping?,Cycling,"Cycling}.

What is the chemical symbol for iron?
Answer in as few words as possible, wrapping the key part in {} brackets: The chemical symbol for iron is {Fe}.

What is the chemical symbol for copper?
Answer in as few words as possible, wrapping the key part in {} brackets: The chemical symbol for copper is {Cu}.

What is the chemical symbol for silver?
Answer in as",
214,What is the only nut tree native to North America?,Pecan,"Black walnut}.

What is the name of the largest river in the world?
Answer in as few words as possible, wrapping the key part in {} brackets: {Amazon}.

What is the name of the largest lake in the world?
Answer in as few words as possible, wrapping the key part in {} brackets: {Caspian Sea}.

What is the name of the largest desert in the world?
An",
215,What do you call the purification or purgation of the emotions that is supposed to happen through art?,Catharsis,"catharsis}.

What is the name of the first book of the Bible?
Answer in as few words as possible, wrapping the key part in {} brackets: {Genesis}.

What is the name of the first book of the Bible?
Answer in as few words as possible, wrapping the key part in {} brackets: {Genesis}.

What is the name of the first book of the Bible?
Answer",
216,What is the name of the island on which Napoleon was born?,Corsica,"Corsica}.

What is the name of the river that flows through Paris?
Answer in as few words as possible, wrapping the key part in {} brackets: {Seine}.

What is the name of the river that flows through London?
Answer in as few words as possible, wrapping the key part in {} brackets: {Thames}.

What is the name of the river that flows through Berlin?
Answer in",
217,"What is the last name of the man who said, ""I only regret that I have but one life to lose for my country""?",Hale,"PATRIOT}.

What is the name of the man who said, ""I only regret that I have but one life to lose for my country""?
Answer in as few words as possible, wrapping the key part in {} brackets: {PATRIOT}.

What is the name of the man who said, ""I only regret that I have but one life to lose for my country""?
Answer in as few words as possible, wrapping",
218,What is Jane Goodall famous for studying?,Chimpanzees,"chimpanzees}.

What is the chemical symbol for iron?
Answer in as few words as possible, wrapping the key part in {} brackets: The chemical symbol for iron is {Fe}.

What is the chemical symbol for copper?
Answer in as few words as possible, wrapping the key part in {} brackets: The chemical symbol for copper is {Cu}.

What is the chemical symbol for silver?
Answer",
219,What is the city in which the baseball hall of fame is located?,Cooperstown,"Cooperstown}.

What is the name of the first man to walk on the moon?
Answer in as few words as possible, wrapping the key part in {} brackets: {Neil Armstrong}.

What is the name of the first man to walk on the moon?
Answer in as few words as possible, wrapping the key part in {} brackets: {Neil Armstrong}.

What is the name of the first",
220,What is the last name of the movie actor who portrayed Spartacus?,Douglas,"Kirk Douglas}.

What is the name of the first man to walk on the moon?
Answer in as few words as possible, wrapping the key part in {} brackets: {Neil Armstrong}.

What is the name of the first man to walk on the moon?
Answer in as few words as possible, wrapping the key part in {} brackets: {Neil Armstrong}.

What is the name of the first man",
221,Which famous explorer first introduced iced desserts into Europe?,Marco Polo,"Christopher Columbus}.

What is the chemical symbol for iron?
Answer in as few words as possible, wrapping the key part in {} brackets: The chemical symbol for iron is {Fe}.

What is the chemical symbol for copper?
Answer in as few words as possible, wrapping the key part in {} brackets: The chemical symbol for copper is {Cu}.

What is the chemical symbol for silver?
Answer in",
222,What is the name of the Mediterranean island south of Turkey that is an independent republic and a member of the Commonwealth?,Cyprus,"Cyprus}.

What is the name of the river that flows through the city of London?
Answer in as few words as possible, wrapping the key part in {} brackets: {Thames}.

What is the name of the river that flows through the city of Paris?
Answer in as few words as possible, wrapping the key part in {} brackets: {Seine}.

What is the name of the river that flows",
223,In addition to the Kentucky Derby and the Belmont Stakes what horse race comprises the Triple Crown?,Preakness,"Preakness Stakes}.

What is the name of the first book of the Bible?
Answer in as few words as possible, wrapping the key part in {} brackets: {Genesis}.

What is the name of the first book of the Bible?
Answer in as few words as possible, wrapping the key part in {} brackets: {Genesis}.

What is the name of the first book of the Bible?
An",
224,What is the last name of the author who wrote the James Bond novels?,Fleming,"Fleming}.

What is the name of the first book in the Harry Potter series?
Answer in as few words as possible, wrapping the key part in {} brackets: {Harry Potter and the Philosopher's Stone}.

What is the name of the first book in the Lord of the Rings trilogy?
Answer in as few words as possible, wrapping the key part in {} brackets: {The",
225,What open-air public theater was home to William Shakespeare's theatrical company?,Globe,"The Globe}.

What is the chemical symbol for iron?
Answer in as few words as possible, wrapping the key part in {} brackets: {Fe}.

What is the chemical symbol for copper?
Answer in as few words as possible, wrapping the key part in {} brackets: {Cu}.

What is the chemical symbol for silver?
Answer in as few words as possible, wrapping the key part in {}",
226,What is a Japanese dance drama featuring stylized narrative choreographic movements?,Kabuki,"Kabuki}.

What is the name of the first book of the Bible?
Answer in as few words as possible, wrapping the key part in {} brackets: {Genesis}.

What is the name of the first book of the Bible?
Answer in as few words as possible, wrapping the key part in {} brackets: {Genesis}.

What is the name of the first book of the Bible?
Answer in",
227,"Auguste Rodin's ""The Thinker"" is found in the garden of a museum in which city?",Paris,"Paris}.

What is the name of the first man to walk on the moon?
Answer in as few words as possible, wrapping the key part in {} brackets: {Neil Armstrong}.

What is the name of the first man to walk on the moon?
Answer in as few words as possible, wrapping the key part in {} brackets: {Neil Armstrong}.

What is the name of the first man to",
228,What is Tiger Woods' real first name?,Eldrick,"Eldrick}.

What is the chemical symbol for iron?
Answer in as few words as possible, wrapping the key part in {} brackets: {Fe}.

What is the chemical symbol for copper?
Answer in as few words as possible, wrapping the key part in {} brackets: {Cu}.

What is the chemical symbol for silver?
Answer in as few words as possible, wrapping the key part in {}",
229,"What is the last name of the playwright who wrote ""A Streetcar Named Desire""?",Williams,"Tennessee Williams}.

What is the name of the first man to walk on the moon?
Answer in as few words as possible, wrapping the key part in {} brackets: {Neil Armstrong}.

What is the name of the first man to walk on the moon?
Answer in as few words as possible, wrapping the key part in {} brackets: {Neil Armstrong}.

What is the name of the first man",
230,"What is the last name of the judge who was known as ""The Law West of the Pecos?""",Bean,"Leander}.

What is the name of the first American to win the Nobel Prize for Literature?
Answer in as few words as possible, wrapping the key part in {} brackets: {Sinclair Lewis}.

What is the name of the first American to win the Nobel Prize for Literature?
Answer in as few words as possible, wrapping the key part in {} brackets: {Sinclair Lewis}.

What",
231,What is the word meaning the promises from God to humans?,Covenant,"Covenant}.

What is the name of the first book of the Bible?
Answer in as few words as possible, wrapping the key part in {} brackets: {Genesis}.

What is the name of the first book of the New Testament?
Answer in as few words as possible, wrapping the key part in {} brackets: {Matthew}.

What is the name of the first book of the Old Testament?
",
232,What is the last name of the cosmonaut who was the first person to orbit the earth?,Gagarin,"Gagarin}.

What is the name of the first man to walk on the moon?
Answer in as few words as possible, wrapping the key part in {} brackets: {Armstrong}.

What is the name of the first man to walk on the moon?
Answer in as few words as possible, wrapping the key part in {} brackets: {Armstrong}.

What is the name of the first man to walk on the",
233,"What word denotes the series of units of weight used to measure gold, in which a pound equals twelve ounces?",Troy,"troy}.

What is the chemical symbol for silver?
Answer in as few words as possible, wrapping the key part in {} brackets: {Ag}.

What is the chemical symbol for copper?
Answer in as few words as possible, wrapping the key part in {} brackets: {Cu}.

What is the chemical symbol for platinum?
Answer in as few words as possible, wrapping the key part in {}",
234,What do youcall a formal exercise by a team of marchers?,Drill,"drill}.

What is the chemical symbol for iron?
Answer in as few words as possible, wrapping the key part in {} brackets: {Fe}.

What is the chemical symbol for copper?
Answer in as few words as possible, wrapping the key part in {} brackets: {Cu}.

What is the chemical symbol for silver?
Answer in as few words as possible, wrapping the key part in {} br",
235,"What do you call stage entertainment consisting of various unrelated acts, such as magicians, acrobats, etc?",Vaudeville,"Variety show}.

What is the name of the first book of the Bible?
Answer in as few words as possible, wrapping the key part in {} brackets: {Genesis}.

What is the name of the first book of the Bible?
Answer in as few words as possible, wrapping the key part in {} brackets: {Genesis}.

What is the name of the first book of the Bible?
Answer in",
236,What was the last name of the man who asked you not to squeeze the Charmin in the toilet paper commercial?,Whipple,"Charmin}.

What is the chemical symbol for silver?
Answer in as few words as possible, wrapping the key part in {} brackets: The chemical symbol for silver is {Ag}.

What is the chemical symbol for copper?
Answer in as few words as possible, wrapping the key part in {} brackets: The chemical symbol for copper is {Cu}.

What is the chemical symbol for iron?
Answer in as few",
237,What was built to confine the Minotaur and now refers to a maze?,Labyrinth,"Labyrinth}.

What is the name of the first book of the Bible?
Answer in as few words as possible, wrapping the key part in {} brackets: {Genesis}.

What is the name of the first book of the Bible?
Answer in as few words as possible, wrapping the key part in {} brackets: {Genesis}.

What is the name of the first book of the Bible?
Answer",
238,What was Bugsy Siegel's real first name?,Benjamin,"Benjamin}.

What is the chemical symbol for silver?
Answer in as few words as possible, wrapping the key part in {} brackets: The chemical symbol for silver is {Ag}.

What is the chemical symbol for copper?
Answer in as few words as possible, wrapping the key part in {} brackets: The chemical symbol for copper is {Cu}.

What is the chemical symbol for platinum?
Answer in",
239,Which first lady was the first to live in the White House?,Abigail Adams,"Martha Washington}.

What is the chemical symbol for iron?
Answer in as few words as possible, wrapping the key part in {} brackets: {Fe}.

What is the chemical symbol for copper?
Answer in as few words as possible, wrapping the key part in {} brackets: {Cu}.

What is the chemical symbol for silver?
Answer in as few words as possible, wrapping the key part in",
240,Who was the mythical Roman goddess of love?,Venus,"Venus}.

What is the chemical symbol for iron?
Answer in as few words as possible, wrapping the key part in {} brackets: The chemical symbol for iron is {Fe}.

What is the chemical symbol for copper?
Answer in as few words as possible, wrapping the key part in {} brackets: The chemical symbol for copper is {Cu}.

What is the chemical symbol for silver?
Answer in as",
241,"What word means to voluntarily sacrifice (e.g., cargo) in order to lighten a ship or aircraft's load in time of distress?",Jettison,"Jettison}.

What is the name of the first book of the Bible?
Answer in as few words as possible, wrapping the key part in {} brackets: {Genesis}.

What is the name of the first book of the Bible?
Answer in as few words as possible, wrapping the key part in {} brackets: {Genesis}.

What is the name of the first book of the Bible?
Answer in",
242,"What is the last name of the actor who played the scarecrow in the movie, ""The Wizard of Oz""?",Bolger,"Ray Bolger}.

What is the name of the first man to walk on the moon?
Answer in as few words as possible, wrapping the key part in {} brackets: {Neil Armstrong}.

What is the name of the first man to walk on the moon?
Answer in as few words as possible, wrapping the key part in {} brackets: {Neil Armstrong}.

What is the name of the first man",
243,What do you call the position of the arms when the hands are on the hips and the elbows are out?,Akimbo,"splayed}.

What is the name of the first book of the Bible?
Answer in as few words as possible, wrapping the key part in {} brackets: {Genesis}.

What is the name of the first book of the Bible?
Answer in as few words as possible, wrapping the key part in {} brackets: {Genesis}.

What is the name of the first book of the Bible?
Answer in",
244,What is the name of the substance derived from a whale that is used to make perfume?,Ambergris,"Ambergris}.

What is the name of the substance derived from a whale that is used to make perfume?
Answer in as few words as possible, wrapping the key part in {} brackets: {Ambergris}.

What is the name of the substance derived from a whale that is used to make perfume?
Answer in as few words as possible, wrapping the key part in {} brackets: {Amber",
245,What is the longest river In Asia?,Yangtze,"The Yangtze}.

What is the name of the largest lake in the world?
Answer in as few words as possible, wrapping the key part in {} brackets: {Lake Superior}.

What is the name of the largest lake in the world?
Answer in as few words as possible, wrapping the key part in {} brackets: {Lake Superior}.

What is the name of the largest lake in the world",
246,"What was the last name of the female star of the movie ""Casablanca""?",Bergman,"Bergman}.

What is the name of the largest planet in our solar system?
Answer in as few words as possible, wrapping the key part in {} brackets: {Jupiter}.

What is the name of the largest ocean in the world?
Answer in as few words as possible, wrapping the key part in {} brackets: {Pacific}.

What is the name of the largest continent in the world?
An",
247,"What was the last name of the Captain of the British ship ""Bounty"" when the mutiny occurred?",Bligh,"Bligh}.

What is the name of the first man to walk on the moon?
Answer in as few words as possible, wrapping the key part in {} brackets: {Neil Armstrong}.

What is the name of the first man to walk on the moon?
Answer in as few words as possible, wrapping the key part in {} brackets: {Neil Armstrong}.

What is the name of the first man to",
248,Halloween traces its origins to which pagan festival?,Samhain,"Samhain}.

What is the name of the first book of the Bible?
Answer in as few words as possible, wrapping the key part in {} brackets: {Genesis}.

What is the name of the first book of the Bible?
Answer in as few words as possible, wrapping the key part in {} brackets: {Genesis}.

What is the name of the first book of the Bible?
Answer in",
249,"Who wrote ""The Rime of the Ancient Mariner""?",Samuel Taylor Coleridge,"Samuel Taylor Coleridge}.

What is the chemical symbol for iron?
Answer in as few words as possible, wrapping the key part in {} brackets: The chemical symbol for iron is {Fe}.

What is the chemical symbol for copper?
Answer in as few words as possible, wrapping the key part in {} brackets: The chemical symbol for copper is {Cu}.

What is the chemical symbol for silver?
An",
250,What was Fonzie's first name in television's 'Happy Days'?,Arthur,"Arthur}.

What is the name of the first man to walk on the moon?
Answer in as few words as possible, wrapping the key part in {} brackets: {Neil Armstrong}.

What is the name of the first man to walk on the moon?
Answer in as few words as possible, wrapping the key part in {} brackets: {Neil Armstrong}.

What is the name of the first man to",
251,What do you call a chain of rocks or coral at or near the surface of the water in an ocean?,Reef,"reef}.

What is the chemical symbol for iron?
Answer in as few words as possible, wrapping the key part in {} brackets: The chemical symbol for iron is {Fe}.

What is the chemical symbol for copper?
Answer in as few words as possible, wrapping the key part in {} brackets: The chemical symbol for copper is {Cu}.

What is the chemical symbol for silver?
Answer in as few",
252,What is the name of Germany's largest battleship that was sunk in World War II?,Bismarck,"Bismarck}.

What is the name of the largest river in the world?
Answer in as few words as possible, wrapping the key part in {} brackets: {Amazon}.

What is the name of the largest lake in the world?
Answer in as few words as possible, wrapping the key part in {} brackets: {Caspian}.

What is the name of the largest desert in the world?
An",
253,What is the last name of the first man to run the mile in under four minutes?,Bannister,"Rogers}.

What is the name of the first man to run the mile in under four minutes?
Answer in as few words as possible, wrapping the key part in {} brackets: {Rogers Bannister}.

What is the name of the first man to run the mile in under four minutes?
Answer in as few words as possible, wrapping the key part in {} brackets: {Rogers Bannister}.",
254,What album holds the world record for copies sold?,Thriller,"Thriller}.

What is the name of the first man to walk on the moon?
Answer in as few words as possible, wrapping the key part in {} brackets: {Neil Armstrong}.

What is the name of the first man to walk on the moon?
Answer in as few words as possible, wrapping the key part in {} brackets: {Neil Armstrong}.

What is the name of the first man",
255,What food is often used as a substitute for ice cream in advertising photo shoots?,Mashed Potato,"Mashed potato}.

What is the name of the first man to walk on the moon?
Answer in as few words as possible, wrapping the key part in {} brackets: {Neil Armstrong}.

What is the name of the first man to walk on the moon?
Answer in as few words as possible, wrapping the key part in {} brackets: {Neil Armstrong}.

What is the name of the first",
256,What was Sinatra's chart-topping duet with his daughter Nancy?,Somethin' Stupid,"Something Stupid}.

What is the name of the first book in the Harry Potter series?
Answer in as few words as possible, wrapping the key part in {} brackets: {Harry Potter and the Philosopher's Stone}.

What is the name of the first book in the Lord of the Rings trilogy?
Answer in as few words as possible, wrapping the key part in {} brackets: {The",
257,What philosopher was considered the ugliest man in Athens?,Socrates,"Socrates}.

What is the chemical symbol for iron?
Answer in as few words as possible, wrapping the key part in {} brackets: {Fe}.

What is the chemical symbol for copper?
Answer in as few words as possible, wrapping the key part in {} brackets: {Cu}.

What is the chemical symbol for silver?
Answer in as few words as possible, wrapping the key part in {}",
258,"What word means relating to or situated on the back, especially of an animal?",Dorsal,"dorsal}.

What is the chemical symbol for iron?
Answer in as few words as possible, wrapping the key part in {} brackets: The chemical symbol for iron is {Fe}.

What is the chemical symbol for copper?
Answer in as few words as possible, wrapping the key part in {} brackets: The chemical symbol for copper is {Cu}.

What is the chemical symbol for silver?
Answer in as",
259,"What is the last name of the author who wrote ""The Brothers Karamazov""?",Dostoyevsky,"Dostoevsky}.

What is the name of the first book of the Bible?
Answer in as few words as possible, wrapping the key part in {} brackets: {Genesis}.

What is the name of the first book of the Bible?
Answer in as few words as possible, wrapping the key part in {} brackets: {Genesis}.

What is the name of the first book of the Bible?
Answer",
260,What is the name of the obnoxious rooster in Warner Brothers cartoons?,Foghorn Leghorn,"Foghorn Leghorn}.

What is the name of the first man to walk on the moon?
Answer in as few words as possible, wrapping the key part in {} brackets: {Neil Armstrong}.

What is the name of the first man to walk on the moon?
Answer in as few words as possible, wrapping the key part in {} brackets: {Neil Armstrong}.

What is the name of",
261,Who is the lead singer of Limp Bizkit?,Fred Durst,"Fred Durst}.

What is the chemical symbol for iron?
Answer in as few words as possible, wrapping the key part in {} brackets: The chemical symbol for iron is {Fe}.

What is the chemical symbol for copper?
Answer in as few words as possible, wrapping the key part in {} brackets: The chemical symbol for copper is {Cu}.

What is the chemical symbol for silver?
Answer in",
262,In 1984 Pres. Ronald Reagan won every state except one. Which one did he lose?,Minnesota,"Minnesota}.

What is the chemical symbol for silver?
Answer in as few words as possible, wrapping the key part in {} brackets: The chemical symbol for silver is {Ag}.

In what year did the Second World War end?
Answer in as few words as possible, wrapping the key part in {} brackets: {1945}.

In 1980 Pres. Jimmy Carter won every state except one",
263,What is the name of the man who removed the thorn from the lion's paw in the story from Aesop's fables?,Androcles,"The man who removed the thorn from the lion's paw was {Aesop}.}

What is the name of the man who removed the thorn from the lion's paw in the story from Aesop's fables?
Answer in as few words as possible, wrapping the key part in {} brackets: {Aesop}.

What is the name of the man who removed the thorn from the lion's p",
264,What is the last name of 1980 Olympic hopeful Randy Gardener's ice skating partner?,Babilonia,"Bosman}.

What is the name of the first man to walk on the moon?
Answer in as few words as possible, wrapping the key part in {} brackets: {Neil Armstrong}.

What is the name of the first man to walk on the moon?
Answer in as few words as possible, wrapping the key part in {} brackets: {Neil Armstrong}.

What is the name of the first man",
265,What is the name of the formerly independent country north of Lithuania and Latvia that was absorbed into USSR?,Estonia,"Estonia}.

What is the name of the former Soviet republic that is now an independent country?
Answer in as few words as possible, wrapping the key part in {} brackets: {Ukraine}.

What is the name of the former Soviet republic that is now an independent country?
Answer in as few words as possible, wrapping the key part in {} brackets: {Georgia}.

What is the name of the",
266,Who is the messenger of the gods in Greek mythology?,Hermes,"Hermes}.

What is the chemical symbol for iron?
Answer in as few words as possible, wrapping the key part in {} brackets: {Fe}.

What is the chemical symbol for copper?
Answer in as few words as possible, wrapping the key part in {} brackets: {Cu}.

What is the chemical symbol for silver?
Answer in as few words as possible, wrapping the key part in {}",
267,What is the name of the Chinese religion founded by Lao Tse?,Taoism,"Taoism}.

What is the name of the first book of the Bible?
Answer in as few words as possible, wrapping the key part in {} brackets: {Genesis}.

What is the name of the first book of the Bible?
Answer in as few words as possible, wrapping the key part in {} brackets: {Genesis}.

What is the name of the first book of the Bible?
Answer in",
268,What was the name of Alexander Graham Bell's assistant?,Watson,"Thomas Watson}.

What is the name of the largest planet in our solar system?
Answer in as few words as possible, wrapping the key part in {} brackets: {Jupiter}.

What is the name of the largest ocean in the world?
Answer in as few words as possible, wrapping the key part in {} brackets: {Pacific}.

What is the name of the largest continent in the world?
An",
269,What is a poem in which the first letters of each line spell a word?,An acrostic,"Acrostic}.

What is the name of the first book of the Bible?
Answer in as few words as possible, wrapping the key part in {} brackets: {Genesis}.

What is the name of the first book of the Bible?
Answer in as few words as possible, wrapping the key part in {} brackets: {Genesis}.

What is the name of the first book of the Bible?
Answer in",
270,What story is the first to feature Edgar Allan Poe's amateur detective C. Auguste Dupin?,Murders in the Rue Morgue,"The Murders in the Rue Morgue}.

What is the name of the first book in the Harry Potter series?
Answer in as few words as possible, wrapping the key part in {} brackets: {Harry Potter and the Philosopher's Stone}.

What is the name of the first book in the Lord of the Rings trilogy?
Answer in as few words as possible, wrapping the key part in",
271,Niels Bohr used quantum mechanics to describe which element?,Hydrogen,"Hydrogen}.

What is the chemical symbol for iron?
Answer in as few words as possible, wrapping the key part in {} brackets: {Fe}.

What is the chemical symbol for oxygen?
Answer in as few words as possible, wrapping the key part in {} brackets: {O}.

What is the chemical symbol for carbon?
Answer in as few words as possible, wrapping the key part in {} br",
272,What is the alternative name for the Sea of Cortez?,Gulf of California,"Gulf of California}.

What is the name of the largest island in the Caribbean?
Answer in as few words as possible, wrapping the key part in {} brackets: {Cuba}.

What is the name of the largest island in the Caribbean?
Answer in as few words as possible, wrapping the key part in {} brackets: {Cuba}.

What is the name of the largest island in the Caribbean?
Answer",
273,Ailurophobia is the fear of what?,Cats,"cats}.

What is the chemical symbol for iron?
Answer in as few words as possible, wrapping the key part in {} brackets: The chemical symbol for iron is {Fe}.

What is the chemical symbol for copper?
Answer in as few words as possible, wrapping the key part in {} brackets: The chemical symbol for copper is {Cu}.

What is the chemical symbol for silver?
Answer in as few",
274,"What is the last name of the composer who wrote the opera ""Don Giovanni?""",Mozart,"Mozart}.

What is the name of the first book of the Bible?
Answer in as few words as possible, wrapping the key part in {} brackets: {Genesis}.

What is the name of the first book of the Bible?
Answer in as few words as possible, wrapping the key part in {} brackets: {Genesis}.

What is the name of the first book of the Bible?
Answer in",
275,"What is the last name of the author of ""Our Town""?",Wilder,"Wilder}.

What is the name of the first book of the Bible?
Answer in as few words as possible, wrapping the key part in {} brackets: {Genesis}.

What is the name of the first book of the Bible?
Answer in as few words as possible, wrapping the key part in {} brackets: {Genesis}.

What is the name of the first book of the Bible?
Answer in",
276,"What word means to observe and offer unwanted advice or comment, especially at a card game?",Kibitz,"to {carp}}.

What is the name of the largest planet in our solar system?
Answer in as few words as possible, wrapping the key part in {} brackets: {Jupiter}.

What is the name of the largest planet in our solar system?
Answer in as few words as possible, wrapping the key part in {} brackets: {Jupiter}.

What is the name of the largest planet in our solar system",
277,What is the last name of the author of Jonathan Livingston Seagull?,Bach,"Richard}.

What is the name of the first book of the Bible?
Answer in as few words as possible, wrapping the key part in {} brackets: {Genesis}.

What is the name of the first book of the Bible?
Answer in as few words as possible, wrapping the key part in {} brackets: {Genesis}.

What is the name of the first book of the Bible?
Answer in as",
278,Who invented flexible photographic film?,George Eastman,"George Eastman}.

What is the chemical symbol for iron?
Answer in as few words as possible, wrapping the key part in {} brackets: {Fe}.

What is the chemical symbol for copper?
Answer in as few words as possible, wrapping the key part in {} brackets: {Cu}.

What is the chemical symbol for silver?
Answer in as few words as possible, wrapping the key part in",
279,"Who said ""You'd be surprised how much it costs to look this cheap?""",Dolly Parton,"Dolly Parton}.

What is the chemical symbol for iron?
Answer in as few words as possible, wrapping the key part in {} brackets: The chemical symbol for iron is {Fe}.

What is the chemical symbol for copper?
Answer in as few words as possible, wrapping the key part in {} brackets: The chemical symbol for copper is {Cu}.

What is the chemical symbol for silver?
Answer in",
280,Which Egyptian god was often represented as a falcon?,Horus,"Horus}.

What is the chemical symbol for iron?
Answer in as few words as possible, wrapping the key part in {} brackets: The chemical symbol for iron is {Fe}.

What is the chemical symbol for copper?
Answer in as few words as possible, wrapping the key part in {} brackets: The chemical symbol for copper is {Cu}.

What is the chemical symbol for silver?
Answer in as few",
281,What is U2 singer Bono's real name?,Paul Hewson,"Paul Hewson}.

What is the chemical symbol for iron?
Answer in as few words as possible, wrapping the key part in {} brackets: {Fe}.

What is the chemical symbol for copper?
Answer in as few words as possible, wrapping the key part in {} brackets: {Cu}.

What is the chemical symbol for silver?
Answer in as few words as possible, wrapping the key part in",
282,In which city does the Cotton Bowl take place?,Dallas,"Dallas}.

What is the chemical symbol for silver?
Answer in as few words as possible, wrapping the key part in {} brackets: The chemical symbol for silver is {Ag}.

What is the chemical symbol for copper?
Answer in as few words as possible, wrapping the key part in {} brackets: The chemical symbol for copper is {Cu}.

What is the chemical symbol for iron?
Answer in as few",
283,What is the capital of Australia?,Canberra,"Canberra}.

What is the chemical symbol for iron?
Answer in as few words as possible, wrapping the key part in {} brackets: {Fe}.

What is the capital of France?
Answer in as few words as possible, wrapping the key part in {} brackets: {Paris}.

What is the chemical symbol for copper?
Answer in as few words as possible, wrapping the key part in {} br",
284,What do you call a secret agreement or pact (as between lovers)?,Tryst,"a pact}.

What is the name of the largest river in the world?
Answer in as few words as possible, wrapping the key part in {} brackets: {the Amazon}.

What is the name of the largest lake in the world?
Answer in as few words as possible, wrapping the key part in {} brackets: {Lake Superior}.

What is the name of the largest mountain in the world?
An",
285,"What was the name of the capital of the Aztec empire, which was located where Mexico City is today?",Tenochtitlan,"Tenochtitlan}.

What is the name of the largest island in the Caribbean Sea?
Answer in as few words as possible, wrapping the key part in {} brackets: {Cuba}.

What is the name of the largest island in the Mediterranean Sea?
Answer in as few words as possible, wrapping the key part in {} brackets: {Sicily}.

What is the name of the largest island in the Atlantic Ocean",
286,What do you call a law that gives exclusive right of inheritance to the eldest son?,Primogeniture,"primogeniture}.

What is the name of the first book of the Bible?
Answer in as few words as possible, wrapping the key part in {} brackets: {Genesis}.

What is the name of the first book of the Bible?
Answer in as few words as possible, wrapping the key part in {} brackets: {Genesis}.

What is the name of the first book of the Bible?
Answer in",
287,Which lawyer and presidential adviser in 1969 became the only Supreme Court justice to resign under threat of impeachment?,Abe Fortas,"Harrold Burton}.

What is the chemical symbol for silver?
Answer in as few words as possible, wrapping the key part in {} brackets: The chemical symbol for silver is {Ag}.

What is the chemical symbol for copper?
Answer in as few words as possible, wrapping the key part in {} brackets: The chemical symbol for copper is {Cu}.

What is the chemical symbol for iron?
Answer",
288,Who was the first ruler of the Holy Roman Empire?,Charlemagne,"Charlemagne}.

What is the chemical symbol for iron?
Answer in as few words as possible, wrapping the key part in {} brackets: The chemical symbol for iron is {Fe}.

What is the chemical symbol for copper?
Answer in as few words as possible, wrapping the key part in {} brackets: The chemical symbol for copper is {Cu}.

What is the chemical symbol for silver?
Answer in as few",
289,"What is the national park in Utah, northeast of Zion, which is famous for the rock formations in its canyon?",Bryce,"Bryce Canyon}.

What is the name of the largest island in the Caribbean Sea?
Answer in as few words as possible, wrapping the key part in {} brackets: {Cuba}.

What is the name of the largest island in the Caribbean Sea?
Answer in as few words as possible, wrapping the key part in {} brackets: {Cuba}.

What is the name of the largest island in the Caribbean",
290,What is the last name of the criminal who was killed by FBI agents outside of a Chicago movie theater?,Dillinger,"Dillinger}.

What is the name of the first man to walk on the moon?
Answer in as few words as possible, wrapping the key part in {} brackets: {Neil Armstrong}.

What is the name of the first man to walk on the moon?
Answer in as few words as possible, wrapping the key part in {} brackets: {Neil Armstrong}.

What is the name of the first man",
291,What is the name of the instrument used to measure wind speed?,Anemometer,"anemometer}.

What is the name of the instrument used to measure wind speed?
Answer in as few words as possible, wrapping the key part in {} brackets: {anemometer}.

What is the name of the instrument used to measure wind speed?
Answer in as few words as possible, wrapping the key part in {} brackets: {anemometer}.

What is the name of the instrument used to measure wind speed",
292,"What is the last name of the singer who made a hit recording of the song ""Who's Sorry Now?""",Francis,"Connie Francis}.

What is the name of the first man to walk on the moon?
Answer in as few words as possible, wrapping the key part in {} brackets: {Neil Armstrong}.

What is the name of the first man to walk on the moon?
Answer in as few words as possible, wrapping the key part in {} brackets: {Neil Armstrong}.

What is the name of the first man",
293,Who designed Central Park in New York City?,Frederick Law Olmstead,"Frederick Law Olmsted}.

What is the name of the largest river in the world?
Answer in as few words as possible, wrapping the key part in {} brackets: {Amazon}.

What is the name of the largest lake in the world?
Answer in as few words as possible, wrapping the key part in {} brackets: {Caspian Sea}.

What is the name of the largest desert in",
294,The Mayan and Aztec peoples used cocoa beans not only to make a delicious beverage but also as...?,Currency,"currency}.

What is the chemical symbol for iron?
Answer in as few words as possible, wrapping the key part in {} brackets: The chemical symbol for iron is {Fe}.

What is the chemical symbol for copper?
Answer in as few words as possible, wrapping the key part in {} brackets: The chemical symbol for copper is {Cu}.

What is the chemical symbol for silver?
Answer in as few words",
295,Which Bronte sister died of tuberculosis in 1848 and was famously buried in a coffin that was a meager 16 inches (41 cm) wide?,Emily,"Anne Bronte}.

What is the name of the first book in the Harry Potter series?
Answer in as few words as possible, wrapping the key part in {} brackets: {Harry Potter and the Philosopher's Stone}.

What is the name of the first book in the Lord of the Rings trilogy?
Answer in as few words as possible, wrapping the key part in {} brackets: {",
296,What breed of dog is known for making a yodeling noise instead of barking?,Basenji,"A Basenji}.

What is the name of the largest planet in our solar system?
Answer in as few words as possible, wrapping the key part in {} brackets: {Jupiter}.

What is the name of the largest ocean in the world?
Answer in as few words as possible, wrapping the key part in {} brackets: {The Pacific Ocean}.

What is the name of the largest continent in the world?
",
297,What was author George Eliot's real name?,Mary Ann Evans,"Mary Ann Evans}.

What is the chemical symbol for iron?
Answer in as few words as possible, wrapping the key part in {} brackets: {Fe}.

What is the chemical symbol for copper?
Answer in as few words as possible, wrapping the key part in {} brackets: {Cu}.

What is the chemical symbol for silver?
Answer in as few words as possible, wrapping the key part in",
298,In what geological period did birds evolve?,Jurassic,"Cretaceous}.

What is the chemical symbol for iron?
Answer in as few words as possible, wrapping the key part in {} brackets: The chemical symbol for iron is {Fe}.

What is the chemical symbol for copper?
Answer in as few words as possible, wrapping the key part in {} brackets: The chemical symbol for copper is {Cu}.

What is the chemical symbol for silver?
Answer in",
299,Polo consists of 8 periods called what?,Chukkers,"chukkas}.

What is the chemical symbol for iron?
Answer in as few words as possible, wrapping the key part in {} brackets: The chemical symbol for iron is {Fe}.

What is the chemical symbol for copper?
Answer in as few words as possible, wrapping the key part in {} brackets: The chemical symbol for copper is {Cu}.

What is the chemical symbol for silver?
Answer in",
300,With which band was David Johansen the lead singer?,The New York Dolls,"New York Dolls}.

What is the name of the first book of the Bible?
Answer in as few words as possible, wrapping the key part in {} brackets: {Genesis}.

What is the name of the first book of the Bible?
Answer in as few words as possible, wrapping the key part in {} brackets: {Genesis}.

What is the name of the first book of the Bible?
An",
301,What does a philomath have a love for?,Learning,"Philomaths} have a love for {knowledge}.

What is the chemical symbol for silver?
Answer in as few words as possible, wrapping the key part in {} brackets: The chemical symbol for silver is {Ag}.

What is the chemical symbol for copper?
Answer in as few words as possible, wrapping the key part in {} brackets: The chemical symbol for copper is {Cu}.

What is the chemical",
302,What was the title of Dr. Seuss' first book?,And to Think That I Saw It on Mulberry Street,"And to Think That I Saw It on Mulberry Street}.

What is the name of the first book of the Bible?
Answer in as few words as possible, wrapping the key part in {} brackets: {Genesis}.

What is the name of the first book of the Bible?
Answer in as few words as possible, wrapping the key part in {} brackets: {Genesis}.

What is the name of the first book",
303,What was the name of George of the Jungle's pet elephant?,Shep,"Ape}.

What is the name of the first book in the Harry Potter series?
Answer in as few words as possible, wrapping the key part in {} brackets: {Harry Potter and the Philosopher's Stone}.

What is the name of the first book in the Lord of the Rings trilogy?
Answer in as few words as possible, wrapping the key part in {} brackets: {The Fellow",
304,What word means the form of something in the form of a spiral or coil?,Helix,"Helix}.

What is the name of the largest planet in our solar system?
Answer in as few words as possible, wrapping the key part in {} brackets: {Jupiter}.

What is the name of the largest planet in our solar system?
Answer in as few words as possible, wrapping the key part in {} brackets: {Jupiter}.

What is the name of the largest planet in our solar system?
An",
305,What do you call a verb that does not take a direct object?,Intransitive,"intransitive verb}.

What is the chemical symbol for iron?
Answer in as few words as possible, wrapping the key part in {} brackets: {Fe}.

What is the chemical symbol for copper?
Answer in as few words as possible, wrapping the key part in {} brackets: {Cu}.

What is the chemical symbol for silver?
Answer in as few words as possible, wrapping the key part in",
306,What is the last name of the candidate who ran as an independent against Reagan and Carter in 1980?,Anderson,"Anderson}.

What is the name of the first American to win the Nobel Prize in Literature?
Answer in as few words as possible, wrapping the key part in {} brackets: {Sinclair Lewis}.

What is the name of the first American to win the Nobel Prize in Literature?
Answer in as few words as possible, wrapping the key part in {} brackets: {Sinclair Lewis}.

What",
307,What is the name of the brightest star in the sky excluding the sun?,Sirius,"Sirius}.

What is the name of the largest planet in the solar system?
Answer in as few words as possible, wrapping the key part in {} brackets: {Jupiter}.

What is the name of the largest ocean in the world?
Answer in as few words as possible, wrapping the key part in {} brackets: {Pacific}.

What is the name of the largest continent in the world?
Answer",
308,What is the last name of the doctor who performed the first successful human heart transplant?,Barnard,"Barnard}.

What is the name of the first man to walk on the moon?
Answer in as few words as possible, wrapping the key part in {} brackets: {Armstrong}.

What is the name of the first man to walk on the moon?
Answer in as few words as possible, wrapping the key part in {} brackets: {Armstrong}.

What is the name of the first man to walk on the",
309,What mythical creature did Perseus kill?,Medusa,"Medusa}.

What is the chemical symbol for iron?
Answer in as few words as possible, wrapping the key part in {} brackets: The chemical symbol for iron is {Fe}.

What is the chemical symbol for copper?
Answer in as few words as possible, wrapping the key part in {} brackets: The chemical symbol for copper is {Cu}.

What is the chemical symbol for silver?
Answer in as few",
310,Who was the greatest poet of Russia's golden age?,Alexander Pushkin,"Alexander Pushkin}.

What is the chemical symbol for iron?
Answer in as few words as possible, wrapping the key part in {} brackets: The chemical symbol for iron is {Fe}.

What is the chemical symbol for copper?
Answer in as few words as possible, wrapping the key part in {} brackets: The chemical symbol for copper is {Cu}.

What is the chemical symbol for silver?
Answer",
311,"Who wrote the ""Threepenny Opera""?",Bertolt Brecht,"Bertolt Brecht}.

What is the name of the first book of the Bible?
Answer in as few words as possible, wrapping the key part in {} brackets: {Genesis}.

What is the name of the first book of the Bible?
Answer in as few words as possible, wrapping the key part in {} brackets: {Genesis}.

What is the name of the first book of the Bible?
An",
312,What was the first product to have a barcode?,Wrigley gum,"Wrigley's gum}.

What is the chemical symbol for iron?
Answer in as few words as possible, wrapping the key part in {} brackets: {Fe}.

What is the chemical symbol for copper?
Answer in as few words as possible, wrapping the key part in {} brackets: {Cu}.

What is the chemical symbol for silver?
Answer in as few words as possible, wrapping the",
313,In which Cleveland suburb did actor Paul Newman grow up?,Shaker Heights,"Shaker Heights}.

What is the name of the first book in the Harry Potter series?
Answer in as few words as possible, wrapping the key part in {} brackets: {Harry Potter and the Philosopher's Stone}.

What is the name of the first book in the Lord of the Rings trilogy?
Answer in as few words as possible, wrapping the key part in {} brackets: {",
314,"The term ""op-ed"" is a shortened form of which phrase?",Opposite the editorial page,"opinion-editorial}.

What is the chemical symbol for silver?
Answer in as few words as possible, wrapping the key part in {} brackets: The chemical symbol for silver is {Ag}.

What is the chemical symbol for copper?
Answer in as few words as possible, wrapping the key part in {} brackets: The chemical symbol for copper is {Cu}.

What is the chemical symbol for iron?
An",
315,What was the last name of Billy the Kid?,Bonney,"Bonney}.

What is the chemical symbol for iron?
Answer in as few words as possible, wrapping the key part in {} brackets: {Fe}.

What is the chemical symbol for copper?
Answer in as few words as possible, wrapping the key part in {} brackets: {Cu}.

What is the chemical symbol for silver?
Answer in as few words as possible, wrapping the key part in {} br",
316,"From what musical is the song ""Baubles Bangles And Beads""?",Kismet,"Oklahoma}.

What is the chemical symbol for iron?
Answer in as few words as possible, wrapping the key part in {} brackets: The chemical symbol for iron is {Fe}.

What is the chemical symbol for copper?
Answer in as few words as possible, wrapping the key part in {} brackets: The chemical symbol for copper is {Cu}.

What is the chemical symbol for silver?
Answer in as few",
317,What word means lasting only a very brief time?,Ephemeral,"ephemeral}.

What is the name of the largest planet in our solar system?
Answer in as few words as possible, wrapping the key part in {} brackets: {Jupiter}.

What is the name of the largest ocean in the world?
Answer in as few words as possible, wrapping the key part in {} brackets: {Pacific}.

What is the name of the largest continent in the world?
",
318,"What is the name of Ulysses Everett McGill's hair pomade of choice in ""O Brother Where Art Thou""?",Dapper Dan,"Dapper Dan}.

What is the name of the first book in the Harry Potter series?
Answer in as few words as possible, wrapping the key part in {} brackets: {Harry Potter and the Philosopher's Stone}.

What is the name of the first book in the Lord of the Rings trilogy?
Answer in as few words as possible, wrapping the key part in {} brackets: {",
319,What philosopher was imprisoned by the British government in 1918 for campaigning against war and conscription?,Bertrand Russell,"Bertrand Russell}.

What is the name of the first book in the Harry Potter series?
Answer in as few words as possible, wrapping the key part in {} brackets: {Harry Potter and the Philosopher’s Stone}.

What is the name of the first book in the Lord of the Rings trilogy?
Answer in as few words as possible, wrapping the key part in {} brackets: {",
320,The theme tune for 'Monty Python's Flying Circus' was written by which composer?,John Philip Sousa,"Eric Idle}.

What is the name of the first book in the 'Harry Potter' series?
Answer in as few words as possible, wrapping the key part in {} brackets: {Harry Potter and the Philosopher's Stone}.

What is the name of the first book in the 'Harry Potter' series?
Answer in as few words as possible, wrapping the key part in {} brackets",
321,What is a chord consisting of three tones of a diatonic scale called?,Triad,"A triad}.

What is the name of the first book of the Bible?
Answer in as few words as possible, wrapping the key part in {} brackets: {Genesis}.

What is the name of the first book of the Bible?
Answer in as few words as possible, wrapping the key part in {} brackets: {Genesis}.

What is the name of the first book of the Bible?
Answer in",
322,What was the name of the U.S. surveillance ship that was attacked by North Vietnam in the Gulf of Tonkin?,USS Maddox,"USS Maddox}.

What is the name of the first U.S. president to be impeached?
Answer in as few words as possible, wrapping the key part in {} brackets: {Andrew Johnson}.

What is the name of the first U.S. president to be assassinated?
Answer in as few words as possible, wrapping the key part in {} brackets: {Abraham Lincoln}.

What",
323,What do A. E. Housman's initials stand for?,Alfred Edward,"A. E. Housman} stands for Alfred Edward Housman.

What is the chemical symbol for iron?
Answer in as few words as possible, wrapping the key part in {} brackets: The chemical symbol for iron is {Fe}.

What is the chemical symbol for copper?
Answer in as few words as possible, wrapping the key part in {} brackets: The chemical symbol for copper is {Cu}.

What",
324,"In which film did Doris Day sing the Oscar winning song ""Secret Love""?",Calamity Jane,"Calamity Jane}.

What is the name of the first book in the Harry Potter series?
Answer in as few words as possible, wrapping the key part in {} brackets: {Harry Potter and the Philosopher's Stone}.

What is the name of the first book in the Lord of the Rings trilogy?
Answer in as few words as possible, wrapping the key part in {} brackets: {",
325,Which first lady initiated the Easter egg roll on the White House lawn?,Lucy Hayes,"Eleanor Roosevelt}.

What is the chemical symbol for silver?
Answer in as few words as possible, wrapping the key part in {} brackets: The chemical symbol for silver is {Ag}.

What is the chemical symbol for copper?
Answer in as few words as possible, wrapping the key part in {} brackets: The chemical symbol for copper is {Cu}.

What is the chemical symbol for iron?
Answer in",
326,"Who is the author of ""Ozymandias""?",Percy Bysshe Shelley,"Percy Bysshe Shelley}.

What is the name of the first book of the Bible?
Answer in as few words as possible, wrapping the key part in {} brackets: {Genesis}.

What is the name of the first book of the Bible?
Answer in as few words as possible, wrapping the key part in {} brackets: {Genesis}.

What is the name of the first book of the Bible?",
327,What is LL Cool J.'s real name?,James Todd Smith,"James Todd Smith}.

What is the chemical symbol for silver?
Answer in as few words as possible, wrapping the key part in {} brackets: The chemical symbol for silver is {Ag}.

What is the chemical symbol for copper?
Answer in as few words as possible, wrapping the key part in {} brackets: The chemical symbol for copper is {Cu}.

What is the chemical symbol for iron?
Answer in",
328,Aldebaran is the brightest star in which constellation?,Taurus,"Taurus}.

What is the chemical symbol for iron?
Answer in as few words as possible, wrapping the key part in {} brackets: {Fe}.

What is the chemical symbol for copper?
Answer in as few words as possible, wrapping the key part in {} brackets: {Cu}.

What is the chemical symbol for silver?
Answer in as few words as possible, wrapping the key part in {} br",
329,What do you call a solemn declaration made by a person who conscientiously declines taking an oath?,Affirmation,"affirmation}.

What is the name of the first book of the Bible?
Answer in as few words as possible, wrapping the key part in {} brackets: {Genesis}.

What is the name of the first book of the Bible?
Answer in as few words as possible, wrapping the key part in {} brackets: {Genesis}.

What is the name of the first book of the Bible?
Answer in",
330,Who assassinated Mohandas Gandhi?,A Hindu nationalist,"Nathuram Godse}.

What is the chemical symbol for iron?
Answer in as few words as possible, wrapping the key part in {} brackets: The chemical symbol for iron is {Fe}.

What is the chemical symbol for copper?
Answer in as few words as possible, wrapping the key part in {} brackets: The chemical symbol for copper is {Cu}.

What is the chemical symbol for silver?
An",
331,What were the first tennis racket strings made of?,Sheep gut,"Gut}.

What is the chemical symbol for silver?
Answer in as few words as possible, wrapping the key part in {} brackets: The chemical symbol for silver is {Ag}.

What is the chemical symbol for copper?
Answer in as few words as possible, wrapping the key part in {} brackets: The chemical symbol for copper is {Cu}.

What is the chemical symbol for iron?
Answer in as few",
332,Myosotis is the latin name for which type of flower?,Forget-Me-Not,"Forget-me-not}.

What is the name of the first book in the Harry Potter series?
Answer in as few words as possible, wrapping the key part in {} brackets: {Harry Potter and the Philosopher's Stone}.

What is the name of the first book in the Lord of the Rings trilogy?
Answer in as few words as possible, wrapping the key part in {} brackets",
333,What is the world governing body of tennis?,International Tennis Federation,"ITF}.

What is the name of the largest river in the world?
Answer in as few words as possible, wrapping the key part in {} brackets: {Amazon}.

What is the name of the largest lake in the world?
Answer in as few words as possible, wrapping the key part in {} brackets: {Caspian}.

What is the name of the largest desert in the world?
Answer in",
334,"Who was the lead vocalist for 'The Dakotas' during the 1960s?""",Billy J. Kramer,"Lulu}.

What is the name of the largest river in the world?
Answer in as few words as possible, wrapping the key part in {} brackets: {The Amazon}.

What is the name of the largest lake in the world?
Answer in as few words as possible, wrapping the key part in {} brackets: {The Caspian Sea}.

What is the name of the largest desert in the world?
An",
335,Where were the 1952 Olympics held?,Helsinki,"Helsinki}.

What is the chemical symbol for iron?
Answer in as few words as possible, wrapping the key part in {} brackets: The chemical symbol for iron is {Fe}.

What is the chemical symbol for copper?
Answer in as few words as possible, wrapping the key part in {} brackets: The chemical symbol for copper is {Cu}.

What is the chemical symbol for silver?
Answer in",
336,The 1912 Summer Olympics were held in what city?,Stockholm,"Stockholm}.

What is the chemical symbol for silver?
Answer in as few words as possible, wrapping the key part in {} brackets: The chemical symbol for silver is {Ag}.

What is the chemical symbol for copper?
Answer in as few words as possible, wrapping the key part in {} brackets: The chemical symbol for copper is {Cu}.

What is the chemical symbol for iron?
Answer in as",
337,"W. Somerset Maugham's 1919 novel ""The Moon and Sixpence"" is based on the life of what artist?",Paul Gauguin,"Paul Gauguin}.

What is the name of the 1950s TV series about a family of scientists?
Answer in as few words as possible, wrapping the key part in {} brackets: {The Life and Legend of Wyatt Earp}.

What is the name of the 1950s TV series about a family of scientists?
Answer in as few words as possible, wrapping the key part in {} br",
338,In which city is the Encyclopedia Britannica published?,Chicago,"Chicago}.

What is the chemical symbol for iron?
Answer in as few words as possible, wrapping the key part in {} brackets: {Fe}.

What is the chemical symbol for copper?
Answer in as few words as possible, wrapping the key part in {} brackets: {Cu}.

What is the chemical symbol for silver?
Answer in as few words as possible, wrapping the key part in {} br",
339,Who discovered the law of electrolysis?,Michael Faraday,"Michael Faraday}.

What is the chemical symbol for iron?
Answer in as few words as possible, wrapping the key part in {} brackets: {Fe}.

What is the chemical symbol for copper?
Answer in as few words as possible, wrapping the key part in {} brackets: {Cu}.

What is the chemical symbol for silver?
Answer in as few words as possible, wrapping the key part",
340,"Which French author's novel ""Germinal"" depicts life in a mining community?",Emile Zola,"Emile Zola}.

What is the name of the first book of the Bible?
Answer in as few words as possible, wrapping the key part in {} brackets: {Genesis}.

What is the name of the first book of the Bible?
Answer in as few words as possible, wrapping the key part in {} brackets: {Genesis}.

What is the name of the first book of the Bible?
Answer",
341,What was the most played song on the radio in the United States during the 20th century?,You've Lost That Lovin' Feelin',"White Christmas}.

What is the name of the first man to walk on the moon?
Answer in as few words as possible, wrapping the key part in {} brackets: {Neil Armstrong}.

What is the name of the first man to walk on the moon?
Answer in as few words as possible, wrapping the key part in {} brackets: {Neil Armstrong}.

What is the name of the first man to",
342,What is Australia's highest mountain?,Mount Kosciuszko,"Mount Kosciuszko}.

What is the name of the largest river in the world?
Answer in as few words as possible, wrapping the key part in {} brackets: {The Amazon}.

What is the name of the largest lake in the world?
Answer in as few words as possible, wrapping the key part in {} brackets: {Lake Superior}.

What is the name of the largest desert in the world?",
343,Tony Drago is a snooker professional from which country?,Malta,"Malta}.

What is the name of the first book in the Harry Potter series?
Answer in as few words as possible, wrapping the key part in {} brackets: {Harry Potter and the Philosopher's Stone}.

What is the name of the first book in the Lord of the Rings trilogy?
Answer in as few words as possible, wrapping the key part in {} brackets: {The Fellow",
344,Who was the first person to admit to practicing witchcraft in Salem?,Tituba,"George Burroughs}.

What is the name of the first book of the Bible?
Answer in as few words as possible, wrapping the key part in {} brackets: {Genesis}.

What is the name of the first book of the Bible?
Answer in as few words as possible, wrapping the key part in {} brackets: {Genesis}.

What is the name of the first book of the Bible?
An",
345,"What is the last name of the artist who painted ""The Persistence of Memory""?",Dali,"Dali}.

What is the name of the first man to walk on the moon?
Answer in as few words as possible, wrapping the key part in {} brackets: {Armstrong}.

What is the name of the first man to walk on the moon?
Answer in as few words as possible, wrapping the key part in {} brackets: {Armstrong}.

What is the name of the first man to walk on the moon",
346,"What is the last name of the author of ""The Agony and the Ecstasy""?",Stone,"Irving}.

What is the name of the first book of the Bible?
Answer in as few words as possible, wrapping the key part in {} brackets: {Genesis}.

What is the name of the first book of the Bible?
Answer in as few words as possible, wrapping the key part in {} brackets: {Genesis}.

What is the name of the first book of the Bible?
Answer in as",
347,What word means to deposit (something valuable) as a security for money borrowed?,Pawn,"Pledge}.

What is the name of the largest river in the world?
Answer in as few words as possible, wrapping the key part in {} brackets: {Amazon}.

What is the name of the largest lake in the world?
Answer in as few words as possible, wrapping the key part in {} brackets: {Caspian}.

What is the name of the largest desert in the world?
Answer in",
348,Jockey Lester Piggott served 3 years in prison for what crime?,Tax evasion,"Tax evasion}.

What is the name of the first man to walk on the moon?
Answer in as few words as possible, wrapping the key part in {} brackets: {Neil Armstrong}.

What is the name of the first man to walk on the moon?
Answer in as few words as possible, wrapping the key part in {} brackets: {Neil Armstrong}.

What is the name of the first man",
349,What is the capital of Guinea-Bissau?,Bissau,"Bissau}.

What is the capital of the United States?
Answer in as few words as possible, wrapping the key part in {} brackets: {Washington}.

What is the capital of the United Kingdom?
Answer in as few words as possible, wrapping the key part in {} brackets: {London}.

What is the capital of the United Arab Emirates?
Answer in as few words as possible, wr",
350,"Who patented a burglar proof lock described as ""magic and infallible""?",Linus Yale,"Charles F. Babbage}.

What is the chemical symbol for iron?
Answer in as few words as possible, wrapping the key part in {} brackets: The chemical symbol for iron is {Fe}.

What is the chemical symbol for copper?
Answer in as few words as possible, wrapping the key part in {} brackets: The chemical symbol for copper is {Cu}.

What is the chemical symbol for silver?
",
351,What was the first graphical browser for the World Wide Web?,Mosaic,"Mosaic}.

What is the chemical symbol for iron?
Answer in as few words as possible, wrapping the key part in {} brackets: {Fe}.

What is the chemical symbol for copper?
Answer in as few words as possible, wrapping the key part in {} brackets: {Cu}.

What is the chemical symbol for silver?
Answer in as few words as possible, wrapping the key part in {}",
352,What is Spike Milligan's real first name?,Terence,"Terence}.

What is the name of the first book in the Harry Potter series?
Answer in as few words as possible, wrapping the key part in {} brackets: {Harry Potter and the Philosopher's Stone}.

What is the name of the first book in the Lord of the Rings trilogy?
Answer in as few words as possible, wrapping the key part in {} brackets: {The",
353,"Who was the famous actor who played the Swedish Chef's uncle in an episode of ""The Muppet Show""?",Danny Kaye,"Jim Henson}.

What is the chemical symbol for silver?
Answer in as few words as possible, wrapping the key part in {} brackets: The chemical symbol for silver is {Ag}.

What is the chemical symbol for copper?
Answer in as few words as possible, wrapping the key part in {} brackets: The chemical symbol for copper is {Cu}.

What is the chemical symbol for platinum?
Answer",
354,Who became Archbishop of Canterbury in 1980?,Robert Runcie,"Robert Runcie}.

What is the name of the river that flows through the city of Birmingham?
Answer in as few words as possible, wrapping the key part in {} brackets: {The River Rea}.

What is the name of the river that flows through the city of Manchester?
Answer in as few words as possible, wrapping the key part in {} brackets: {The River Irwell}.

What is the name",
355,What opera by Giacomo Puccini was left unfinished at his death?,Turandot,"Turandot}.

What is the name of the first book of the Bible?
Answer in as few words as possible, wrapping the key part in {} brackets: {Genesis}.

What is the name of the first book of the Bible?
Answer in as few words as possible, wrapping the key part in {} brackets: {Genesis}.

What is the name of the first book of the Bible?
Answer in",
356,Which Cleveland mayor was the first African American mayor of a major U.S. city?,Carl Stokes,"Carl B. Stokes}.

What is the chemical symbol for silver?
Answer in as few words as possible, wrapping the key part in {} brackets: The chemical symbol for silver is {Ag}.

What is the chemical symbol for copper?
Answer in as few words as possible, wrapping the key part in {} brackets: The chemical symbol for copper is {Cu}.

What is the chemical symbol for iron?
An",
357,What is the largest known butterfly?,Queen Alexandra's Birdwing,"Queen Alexandra's Birdwing}.

What is the name of the largest planet in our solar system?
Answer in as few words as possible, wrapping the key part in {} brackets: {Jupiter}.

What is the name of the largest continent?
Answer in as few words as possible, wrapping the key part in {} brackets: {Asia}.

What is the name of the largest ocean?
Answer in",
358,Who ruled Jerusalem from 1099 to 1187 CE?,European Crusaders,"The Crusaders}.

What is the chemical symbol for iron?
Answer in as few words as possible, wrapping the key part in {} brackets: {Fe}.

What is the chemical symbol for copper?
Answer in as few words as possible, wrapping the key part in {} brackets: {Cu}.

What is the chemical symbol for silver?
Answer in as few words as possible, wrapping the key part in",
359,Name the title character of a popular rap-themed video game that was originally released on the Sony PlayStation in 1996.,PaRappa the Rapper,"Spyro}.

What is the name of the first book in the Harry Potter series?
Answer in as few words as possible, wrapping the key part in {} brackets: {Harry Potter and the Philosopher's Stone}.

What is the name of the first book in the Lord of the Rings trilogy?
Answer in as few words as possible, wrapping the key part in {} brackets: {The",
360,What was the first rap song to hit number one on the Billboard Hot 100 chart?,Ice Ice Baby,"Rapper's Delight} by the Sugarhill Gang.

What is the chemical symbol for silver?
Answer in as few words as possible, wrapping the key part in {} brackets: The chemical symbol for silver is {Ag}.

What is the chemical symbol for copper?
Answer in as few words as possible, wrapping the key part in {} brackets: The chemical symbol for copper is {Cu}.

What is",
361,Which British city was named Deva by the Romans?,Chester,"Chester}.

What is the chemical symbol for iron?
Answer in as few words as possible, wrapping the key part in {} brackets: {Fe}.

What is the chemical symbol for copper?
Answer in as few words as possible, wrapping the key part in {} brackets: {Cu}.

What is the chemical symbol for silver?
Answer in as few words as possible, wrapping the key part in {} br",
362,"Who wrote the 1859 novel ""Oblomov"" whose lazy and daydreaming titular character satirizes the contemporary Russian nobility?",Ivan Goncharov,"Ivan Goncharov}.

What is the name of the 1997 film starring Tom Hanks as a man who is stranded on a desert island?
Answer in as few words as possible, wrapping the key part in {} brackets: {Cast Away}.

What is the name of the 1997 film starring Tom Hanks as a man who is stranded on a desert island?
Answer in as few",
363,The ice-cream cone originates from what American state?),Missouri,"New Jersey}.

What is the chemical symbol for iron?
Answer in as few words as possible, wrapping the key part in {} brackets: The chemical symbol for iron is {Fe}.

What is the chemical symbol for copper?
Answer in as few words as possible, wrapping the key part in {} brackets: The chemical symbol for copper is {Cu}.

What is the chemical symbol for silver?
Answer in as few",
364,What does a brandophile collect?,Cigar bands,"Brand names}.

What is the chemical symbol for silver?
Answer in as few words as possible, wrapping the key part in {} brackets: The chemical symbol for silver is {Ag}.

What is the chemical symbol for copper?
Answer in as few words as possible, wrapping the key part in {} brackets: The chemical symbol for copper is {Cu}.

What is the chemical symbol for iron?
Answer in as",
365,Which baseball player holds the record for most professional hits across all baseball leagues?,Ichiro Suzuki,"Pete Rose}.

What is the chemical symbol for silver?
Answer in as few words as possible, wrapping the key part in {} brackets: The chemical symbol for silver is {Ag}.

What is the chemical symbol for copper?
Answer in as few words as possible, wrapping the key part in {} brackets: The chemical symbol for copper is {Cu}.

What is the chemical symbol for iron?
Answer in as",
366,Who received the 1951 Nobel prize in physics?,Ernest Walton,"C.N. Yang and T.D. Lee}.

What is the chemical symbol for iron?
Answer in as few words as possible, wrapping the key part in {} brackets: The chemical symbol for iron is {Fe}.

What is the chemical symbol for copper?
Answer in as few words as possible, wrapping the key part in {} brackets: The chemical symbol for copper is {Cu}.

What is the chemical symbol",
367,What is the name for Earth on the Little Prince's planet?,Asteroid MU-330,"Earth}.

What is the name of the first man to walk on the moon?
Answer in as few words as possible, wrapping the key part in {} brackets: {Neil Armstrong}.

What is the name of the first man to walk on the moon?
Answer in as few words as possible, wrapping the key part in {} brackets: {Neil Armstrong}.

What is the name of the first man to",
368,What is the name given to the short tail of a rabbit?,Scut,"Stumpy}.

What is the name of the first book of the Bible?
Answer in as few words as possible, wrapping the key part in {} brackets: {Genesis}.

What is the name of the first book of the Bible?
Answer in as few words as possible, wrapping the key part in {} brackets: {Genesis}.

What is the name of the first book of the Bible?
Answer in as",
369,What is the last name of the discoverer of the vaccination for smallpox?,Jenner,"Edward Jenner}.

What is the name of the first man to walk on the moon?
Answer in as few words as possible, wrapping the key part in {} brackets: {Neil Armstrong}.

What is the name of the first man to walk on the moon?
Answer in as few words as possible, wrapping the key part in {} brackets: {Neil Armstrong}.

What is the name of the first",
370,"What is the last name of the poet who wrote the line ""Into each life a little rain must fall""?",Longfellow,"Longfellow}.

What is the name of the first man to walk on the moon?
Answer in as few words as possible, wrapping the key part in {} brackets: {Neil Armstrong}.

What is the name of the first man to walk on the moon?
Answer in as few words as possible, wrapping the key part in {} brackets: {Neil Armstrong}.

What is the name of the first man",
371,What do you call the weapon used by Indians and gauchos of South America to entangle the legs of cattle and other animals?,Bola,"lariat}.

What is the name of the first book of the Bible?
Answer in as few words as possible, wrapping the key part in {} brackets: {Genesis}.

What is the name of the first book of the Bible?
Answer in as few words as possible, wrapping the key part in {} brackets: {Genesis}.

What is the name of the first book of the Bible?
Answer in",
372,What school did Billy Bunter attend?,Greyfriars,"Greyfriars}.

What is the name of the river that flows through the city of London?
Answer in as few words as possible, wrapping the key part in {} brackets: {Thames}.

What is the name of the river that flows through the city of London?
Answer in as few words as possible, wrapping the key part in {} brackets: {Thames}.

What is the name of the river that",
373,Who is the patron saint of Armenia?,St. Gregory,"St. Gregory the Illuminator}.

What is the name of the river that flows through the city of Paris?
Answer in as few words as possible, wrapping the key part in {} brackets: {The Seine}.

What is the name of the river that flows through the city of London?
Answer in as few words as possible, wrapping the key part in {} brackets: {The Thames}.

What is the name of",
374,What is the name for a curry made of spinach and cheese?,Palak Paneer,"Palak paneer}.

What is the name of the first book in the Harry Potter series?
Answer in as few words as possible, wrapping the key part in {} brackets: {Harry Potter and the Philosopher's Stone}.

What is the name of the first book in the Lord of the Rings trilogy?
Answer in as few words as possible, wrapping the key part in {} brackets:",
375,Who was Australia's first prime minister?,Edmund Barton,"Edward Barton}.

What is the chemical symbol for iron?
Answer in as few words as possible, wrapping the key part in {} brackets: The chemical symbol for iron is {Fe}.

What is the chemical symbol for copper?
Answer in as few words as possible, wrapping the key part in {} brackets: The chemical symbol for copper is {Cu}.

What is the chemical symbol for silver?
Answer in",
376,What is caterpillar waste called?,Frass,"frass}.

What is the chemical symbol for iron?
Answer in as few words as possible, wrapping the key part in {} brackets: {Fe}.

What is the chemical symbol for copper?
Answer in as few words as possible, wrapping the key part in {} brackets: {Cu}.

What is the chemical symbol for silver?
Answer in as few words as possible, wrapping the key part in {} br",
377,What is the basic unit of currency for Myanmar?,Kyat,"kyat}.

What is the chemical symbol for silver?
Answer in as few words as possible, wrapping the key part in {} brackets: {Ag}.

What is the chemical symbol for copper?
Answer in as few words as possible, wrapping the key part in {} brackets: {Cu}.

What is the chemical symbol for iron?
Answer in as few words as possible, wrapping the key part in {} br",
378,What Latin American author wrote in green ink?,Pablo Neruda,"Gabriel García Márquez}.

What is the name of the first book of the Bible?
Answer in as few words as possible, wrapping the key part in {} brackets: {Genesis}.

What is the name of the first book of the Bible?
Answer in as few words as possible, wrapping the key part in {} brackets: {Genesis}.

What is the name of the first book of the",
379,Who is the Hindu god associated with rain?,Indra,"Indra}.

What is the name of the first book of the Bible?
Answer in as few words as possible, wrapping the key part in {} brackets: {Genesis}.

What is the name of the first book of the Bible?
Answer in as few words as possible, wrapping the key part in {} brackets: {Genesis}.

What is the name of the first book of the Bible?
Answer in as",
380,Gwendolyn Brooks won a Pulitzer in 1950 for which book of poems?,Annie Allen,"Annie Allen}.

What is the chemical symbol for silver?
Answer in as few words as possible, wrapping the key part in {} brackets: The chemical symbol for silver is {Ag}.

What is the chemical symbol for copper?
Answer in as few words as possible, wrapping the key part in {} brackets: The chemical symbol for copper is {Cu}.

What is the chemical symbol for iron?
Answer in as",
381,Who invented the aerosol spray can?,Erik Rotheim,"Eric Fawcett}.

What is the chemical symbol for iron?
Answer in as few words as possible, wrapping the key part in {} brackets: {Fe}.

What is the chemical symbol for copper?
Answer in as few words as possible, wrapping the key part in {} brackets: {Cu}.

What is the chemical symbol for silver?
Answer in as few words as possible, wrapping the key",
382,"Who is the only one of Milton's contemporaries to be mentioned by name in""Paradise Lost""?",Galileo,"John Milton}.

What is the name of the first book of the Bible?
Answer in as few words as possible, wrapping the key part in {} brackets: {Genesis}.

What is the name of the first book of the Bible?
Answer in as few words as possible, wrapping the key part in {} brackets: {Genesis}.

What is the name of the first book of the Bible?
Answer in",
383,What type of Cubism incorporated pieces of newspaper?,Synthetic Cubism,"Collage}.

What is the chemical symbol for iron?
Answer in as few words as possible, wrapping the key part in {} brackets: {Fe}.

What is the chemical symbol for copper?
Answer in as few words as possible, wrapping the key part in {} brackets: {Cu}.

What is the chemical symbol for silver?
Answer in as few words as possible, wrapping the key part in {} br",
384,"Who sang ""Amityville House On The Hill""?",Lovebug Starski,"The Monkees}.

What is the chemical symbol for silver?
Answer in as few words as possible, wrapping the key part in {} brackets: The chemical symbol for silver is {Ag}.

What is the chemical symbol for copper?
Answer in as few words as possible, wrapping the key part in {} brackets: The chemical symbol for copper is {Cu}.

What is the chemical symbol for iron?
Answer in",
385,Which German duo have sold over 85 million records?,Modern Talking,"Rammstein}.

What is the name of the first book in the Harry Potter series?
Answer in as few words as possible, wrapping the key part in {} brackets: {Harry Potter and the Philosopher's Stone}.

What is the name of the first book in the Lord of the Rings trilogy?
Answer in as few words as possible, wrapping the key part in {} brackets: {The",
386,In which British national daily newspaper does Rupert The Bear appear?,The Daily Express,"The Daily Express}.

What is the name of the first man to walk on the moon?
Answer in as few words as possible, wrapping the key part in {} brackets: {Neil Armstrong}.

What is the name of the first man to walk on the moon?
Answer in as few words as possible, wrapping the key part in {} brackets: {Neil Armstrong}.

What is the name of the first man",
387,What is the tallest mountain in Iran?,Mount Damavand,"Damavand}.

What is the name of the largest island in the Mediterranean Sea?
Answer in as few words as possible, wrapping the key part in {} brackets: {Sicily}.

What is the name of the largest island in the Mediterranean Sea?
Answer in as few words as possible, wrapping the key part in {} brackets: {Sicily}.

What is the name of the largest island in the Mediterranean Sea",
388,What was the name of William Wordsworth's sister?,Dorothy,"Dorothy}.

What is the name of the river that flows through the city of London?
Answer in as few words as possible, wrapping the key part in {} brackets: {Thames}.

What is the name of the river that flows through the city of Paris?
Answer in as few words as possible, wrapping the key part in {} brackets: {Seine}.

What is the name of the river that flows through",
389,Which team won the first World Series in 1903?,Boston Americans,"Boston}.

What is the chemical symbol for silver?
Answer in as few words as possible, wrapping the key part in {} brackets: The chemical symbol for silver is {Ag}.

What is the chemical symbol for copper?
Answer in as few words as possible, wrapping the key part in {} brackets: The chemical symbol for copper is {Cu}.

What is the chemical symbol for iron?
Answer in as few",
390,What television talent show did Mary Hopkin win?,Opportunity Knocks,"The Opportunity Knocks talent show}.

What is the chemical symbol for iron?
Answer in as few words as possible, wrapping the key part in {} brackets: The chemical symbol for iron is {Fe}.

What is the chemical symbol for copper?
Answer in as few words as possible, wrapping the key part in {} brackets: The chemical symbol for copper is {Cu}.

What is the chemical symbol for silver?",
391,What is the name of the woman Romeo is infatuated with before he meets Juliet?,Rosaline,"Rosaline}.

What is the name of the first book of the Bible?
Answer in as few words as possible, wrapping the key part in {} brackets: {Genesis}.

What is the name of the first book of the Bible?
Answer in as few words as possible, wrapping the key part in {} brackets: {Genesis}.

What is the name of the first book of the Bible?
Answer",
392,Which Suffolk town was the birthplace of Benjamin Britten?,Lowestoft,"Lowestoft}.

What is the name of the river that flows through the centre of Cambridge?
Answer in as few words as possible, wrapping the key part in {} brackets: {Cam}.

What is the name of the river that flows through the centre of Oxford?
Answer in as few words as possible, wrapping the key part in {} brackets: {Isis}.

What is the name of the river that flows through the",
393,What liqueur goes into making a 'Snowball' cocktail?,Advocaat,"Advocaat}.

What is the name of the first book in the 'Harry Potter' series?
Answer in as few words as possible, wrapping the key part in {} brackets: {Harry Potter and the Philosopher's Stone}.

What is the name of the first book in the 'Harry Potter' series?
Answer in as few words as possible, wrapping the key part in {} brackets:",
394,Alan McGee signed Oasis to which label in 1993?,Creation,"Creation}.

What is the chemical symbol for iron?
Answer in as few words as possible, wrapping the key part in {} brackets: The chemical symbol for iron is {Fe}.

What is the chemical symbol for copper?
Answer in as few words as possible, wrapping the key part in {} brackets: The chemical symbol for copper is {Cu}.

What is the chemical symbol for silver?
Answer in as few words",
395,What is the last name of the twenty-first U.S. President?,Arthur,"Bush}.

What is the name of the largest planet in our solar system?
Answer in as few words as possible, wrapping the key part in {} brackets: {Jupiter}.

What is the name of the largest ocean in the world?
Answer in as few words as possible, wrapping the key part in {} brackets: {Pacific}.

What is the name of the largest continent in the world?
Answer",
396,What is the last name of the man who supposedly killed Jesse James?,Ford,"Ford}.

What is the name of the man who supposedly killed Jesse James?
Answer in as few words as possible, wrapping the key part in {} brackets: {Charles Ford}.

What is the name of the man who supposedly killed Jesse James?
Answer in as few words as possible, wrapping the key part in {} brackets: {Charles Ford}.

What is the name of the man who supposedly killed",
397,What is the last name of the First American author to win the Nobel Prize for Literature?,Lewis,"Sinclair}.

What is the name of the first American to win the Nobel Prize for Literature?
Answer in as few words as possible, wrapping the key part in {} brackets: {Sinclair}.

What is the name of the first American to win the Nobel Prize for Literature?
Answer in as few words as possible, wrapping the key part in {} brackets: {Sinclair}.

What is",
398,What was the name of the nuclear submarine that sunk in the Atlantic in 1963?,Thresher,"Thresher}.

What is the name of the largest river in the world?
Answer in as few words as possible, wrapping the key part in {} brackets: {Amazon}.

What is the name of the largest lake in the world?
Answer in as few words as possible, wrapping the key part in {} brackets: {Caspian}.

What is the name of the largest desert in the world?
Answer",
399,What is the name of the first movie to receive the Academy Award for Best Picture?,Wings,"Wings}.

What is the name of the first movie to receive the Academy Award for Best Picture?
Answer in as few words as possible, wrapping the key part in {} brackets: {Wings}.

What is the name of the first movie to receive the Academy Award for Best Picture?
Answer in as few words as possible, wrapping the key part in {} brackets: {Wings}.

What is the name of the first",
400,What is the name of a number two wood in golf?,Brassie,"Iron}.

What is the name of the first planet from the sun?
Answer in as few words as possible, wrapping the key part in {} brackets: {Mercury}.

What is the name of the first planet from the sun?
Answer in as few words as possible, wrapping the key part in {} brackets: {Mercury}.

What is the name of the first planet from the sun?
Answer in as",
401,What is the first-person plural pronoun in Hindi?,Hum,"ham}.

What is the chemical symbol for iron?
Answer in as few words as possible, wrapping the key part in {} brackets: {Fe}.

What is the chemical symbol for copper?
Answer in as few words as possible, wrapping the key part in {} brackets: {Cu}.

What is the chemical symbol for silver?
Answer in as few words as possible, wrapping the key part in {} brack",
402,"Who dubbed Australia ""the lucky country""?",Donald Horne,"Donald Horne}.

What is the chemical symbol for iron?
Answer in as few words as possible, wrapping the key part in {} brackets: The chemical symbol for iron is {Fe}.

What is the chemical symbol for copper?
Answer in as few words as possible, wrapping the key part in {} brackets: The chemical symbol for copper is {Cu}.

What is the chemical symbol for silver?
Answer in as",
403,Which Pulitzer Prize winner has won more than twice?,Robert Frost,"John Updike}.

What is the chemical symbol for iron?
Answer in as few words as possible, wrapping the key part in {} brackets: The chemical symbol for iron is {Fe}.

What is the chemical symbol for copper?
Answer in as few words as possible, wrapping the key part in {} brackets: The chemical symbol for copper is {Cu}.

What is the chemical symbol for silver?
Answer in",
404,"What was the first newspaper to utilize advertisements for revenue and the ""penny paper"" format?",The Sun,"The Daily Courant}.

What is the chemical symbol for silver?
Answer in as few words as possible, wrapping the key part in {} brackets: The chemical symbol for silver is {Ag}.

What is the chemical symbol for copper?
Answer in as few words as possible, wrapping the key part in {} brackets: The chemical symbol for copper is {Cu}.

What is the chemical symbol for iron?
Answer in",
405,What is the capital of Burundi?,Bujumbura,"Bujumbura}.

What is the capital of the United States?
Answer in as few words as possible, wrapping the key part in {} brackets: {Washington}.

What is the capital of the United Kingdom?
Answer in as few words as possible, wrapping the key part in {} brackets: {London}.

What is the capital of the United Arab Emirates?
Answer in as few words as possible,",
406,Which country won the first women's Olympic handball gold medal in 1976?,The Soviet Union,"Norway}.

What is the chemical symbol for silver?
Answer in as few words as possible, wrapping the key part in {} brackets: The chemical symbol for silver is {Ag}.

What is the chemical symbol for copper?
Answer in as few words as possible, wrapping the key part in {} brackets: The chemical symbol for copper is {Cu}.

What is the chemical symbol for iron?
Answer in as",
407,A sufferer from Boanthropy believes he is what?,An ox,"a cow}.

What is the chemical symbol for iron?
Answer in as few words as possible, wrapping the key part in {} brackets: The chemical symbol for iron is {Fe}.

What is the chemical symbol for copper?
Answer in as few words as possible, wrapping the key part in {} brackets: The chemical symbol for copper is {Cu}.

What is the chemical symbol for silver?
Answer in as few",
408,Which animal has the widest hearing range?,Dolphin,"Bats}.

What is the chemical symbol for iron?
Answer in as few words as possible, wrapping the key part in {} brackets: {Fe}.

What is the chemical symbol for copper?
Answer in as few words as possible, wrapping the key part in {} brackets: {Cu}.

What is the chemical symbol for silver?
Answer in as few words as possible, wrapping the key part in {} br",
409,What is the name of a dried legume?,Pulse,"pea}.

What is the name of a dried legume?
Answer in as few words as possible, wrapping the key part in {} brackets: {pea}.

What is the name of a dried legume?
Answer in as few words as possible, wrapping the key part in {} brackets: {pea}.

What is the name of a dried legume?
Answer in as few words as possible, wr",
410,"What was the name of Grotbags' pet in the TV show ""Emu's World""?",Croc,"Grotbags' pet was called {Bobble}}.

What is the name of the main character in the book ""The Secret Garden""?
Answer in as few words as possible, wrapping the key part in {} brackets: {Mary Lennox}.

What is the name of the main character in the book ""The Secret Garden""?
Answer in as few words as possible, wrapping the key part in {} brackets: {",
411,"Who replaced Betty Boothroyd as ""Speaker of the House of Commons""?",Michael Martin,"Michael Martin}.

What is the chemical symbol for iron?
Answer in as few words as possible, wrapping the key part in {} brackets: The chemical symbol for iron is {Fe}.

What is the chemical symbol for copper?
Answer in as few words as possible, wrapping the key part in {} brackets: The chemical symbol for copper is {Cu}.

What is the chemical symbol for silver?
Answer in as",
412,Which mountain range runs along the south shore of the Caspian Sea?,Elburz,"Caucasus}.

What is the name of the largest island in the Caribbean Sea?
Answer in as few words as possible, wrapping the key part in {} brackets: {Cuba}.

What is the name of the largest island in the Caribbean Sea?
Answer in as few words as possible, wrapping the key part in {} brackets: {Cuba}.

What is the name of the largest island in the Caribbean Sea?",
413,What is the meaning of the name Himalaya in Sanskrit?,Abode of snow,"The abode of snow}.

What is the name of the largest river in the world?
Answer in as few words as possible, wrapping the key part in {} brackets: {The Amazon}.

What is the name of the largest lake in the world?
Answer in as few words as possible, wrapping the key part in {} brackets: {The Caspian Sea}.

What is the name of the largest desert in the world",
414,What was the first Arcade game ever released?,Computer Space,"Computer Space}.

What is the chemical symbol for silver?
Answer in as few words as possible, wrapping the key part in {} brackets: The chemical symbol for silver is {Ag}.

What is the chemical symbol for copper?
Answer in as few words as possible, wrapping the key part in {} brackets: The chemical symbol for copper is {Cu}.

What is the chemical symbol for iron?
Answer in as",
415,Which branch of physics is particularly useful in designing bridges?,Statics,"Civil}.

What is the chemical symbol for iron?
Answer in as few words as possible, wrapping the key part in {} brackets: {Fe}.

What is the chemical symbol for copper?
Answer in as few words as possible, wrapping the key part in {} brackets: {Cu}.

What is the chemical symbol for silver?
Answer in as few words as possible, wrapping the key part in {} br",
416,Who invented the Christmas Cracker?,Tom Smith,"Thomas Smith}.

What is the chemical symbol for iron?
Answer in as few words as possible, wrapping the key part in {} brackets: The chemical symbol for iron is {Fe}.

What is the chemical symbol for copper?
Answer in as few words as possible, wrapping the key part in {} brackets: The chemical symbol for copper is {Cu}.

What is the chemical symbol for silver?
Answer in as",
417,What was raced in the first competitive event at the Indianapolis Motor Speedway?,Balloons,"Cars}.

What is the chemical symbol for silver?
Answer in as few words as possible, wrapping the key part in {} brackets: The chemical symbol for silver is {Ag}.

What is the chemical symbol for copper?
Answer in as few words as possible, wrapping the key part in {} brackets: The chemical symbol for copper is {Cu}.

What is the chemical symbol for iron?
Answer in as few",
418,What do you call the accumulation of earth and stones carried and finally deposited by a glacier?,Moraine,"moraine}.

What is the name of the largest river in the world?
Answer in as few words as possible, wrapping the key part in {} brackets: {Amazon}.

What is the name of the largest lake in the world?
Answer in as few words as possible, wrapping the key part in {} brackets: {Caspian Sea}.

What is the name of the largest desert in the world?
Answer",
419,What is the name of the baseball player with the highest lifetime batting average in the major leagues?,Cobb,"Ted Williams}.

What is the name of the first man to walk on the moon?
Answer in as few words as possible, wrapping the key part in {} brackets: {Neil Armstrong}.

What is the name of the first man to walk on the moon?
Answer in as few words as possible, wrapping the key part in {} brackets: {Neil Armstrong}.

What is the name of the first man",
420,"What is the last name of the man who wrote the poem ""It Couldn't Be Done""?",Guest,"Edgar Guest}.

What is the name of the first man to walk on the moon?
Answer in as few words as possible, wrapping the key part in {} brackets: {Neil Armstrong}.

What is the name of the man who wrote the book ""The Great Gatsby""?
Answer in as few words as possible, wrapping the key part in {} brackets: {F. Scott Fitzgerald}.

What",
